;Index;name;min_salary;max_salary;company;published_at;description;requirement;responsibility;key_skills;conditions;id;days;group;city_Екатеринбург;city_Новосибирск;city_Санкт-Петербург;min_experience_0;min_experience_1;min_experience_3;min_experience_6;schedule_Гибкий график;schedule_Полный день;schedule_Сменный график;schedule_Удаленная работа;employment_Полная занятость;employment_Проектная работа;employment_Стажировка;employment_Частичная занятость;Python; Git; ООП; SQL; HTML5; REST; Java; Linux; Django Framework; TDD; PostgreSQL; JavaScript; HTML; CSS; CSS3; vue; Ajax;PostgreSQL; Redis; gRPC;Другие навыки
0;22;Python Middle Developer (backend программист);3.0;5.0;Умный полис;2019-12-09T17:20:25+0300;"Умный полис — платформа для бизнеса, позволяет запустить продажи страховок (например ОСАГО) с своего сайта или моб. приложения, для клиентов со всей страны. Над продуктом работает единая команда разработчиков, аналитиков, маркетологов а также экспертов в страховом бизнесе. 35+ сотрудников в команде 200 000 000р.+ ежемесячный объем продаж через платформу Мы ищем в команду людей с горящими глазами, желающих поучаствовать в развитии ФинТех проекта с большими целями. Если не знаете какую-либо из наших технологий, но очень хотите выучить — пишите, научим. Что интересного в наших проектах:  Распределенная архитектура, позволяющая обрабатывать миллионы запросов (автоматизации развёртывания, масштабирования и управления контейнеризированными приложениями) Используем технологии blockchain для учета фин. балансов (через наши сервисы, продаются страховки на миллиарды рублей) Обучаем нашу нейросеть определять вероятность наступления страховых случаев на 150 000 договоров ОСАГО ежемесячно продающихся через нашу платформу.  Чем нужно будет заниматься:  Разработка микро-сервисов, проектирование rest API (мы работаем с Django и postgresql) DevOps (CI CD, Doker, Kubernetes) Ежедневные код ревью коллег и улучшение собственного кода; Взаимодействие с командами тестирования и аналитики;  Условия:  Гибкое начало рабочего дня (с 11:00 до 17:00 часы обязательного присутствия в офисе); Работу в комфортном офисе в современном стиле (в пешей доступности от ст.м. Василеостровская и ст.м. Спортивная); Возможности и перспективы для профессионального и карьерного роста; Работу в дружной команде и неформальной обстановке, где коллеги всегда помогут со сложными задачами в процессе работы, а вечером вместе сыграют в PlayStation или настольные игры. :) Достойный уровень дохода (премии, бонусы); Корпоративное обучение (участие в конференциях, тренинги, семинары, а также мы компенсируем покупку профессиональной литературы); Официальное оформление по ТК РФ;  Мы ищем азартного и заинтересованного в развитии специалиста!  ";;Распределенная архитектура, позволяющая обрабатывать миллионы запросов (автоматизации развёртывания, масштабирования и управления контейнеризированными приложениями). Используем технологии blockchain для учета фин. ;"Python; Git; Django Framework; ООП; TDD";"  Гибкое начало рабочего дня (с 11:00 до 17:00 часы обязательного присутствия в офисе); Работу в комфортном офисе в современном стиле (в пешей доступности от ст.м. Василеостровская и ст.м. Спортивная); Возможности и перспективы для профессионального и карьерного роста; Работу в дружной команде и неформальной обстановке, где коллеги всегда помогут со сложными задачами в процессе работы, а вечером вместе сыграют в PlayStation или настольные игры. :) Достойный уровень дохода (премии, бонусы); Корпоративное обучение (участие в конференциях, тренинги, семинары, а также мы компенсируем покупку профессиональной литературы); Официальное оформление по ТК РФ;  Мы ищем азартного и заинтересованного в развитии специалиста!  ";22;0.06896551724137931;Backend;0;0;1;0;1;0;0;0;1;0;0;1;0;0;0;1.0;1.0;1.0;0.0;0.0;0.0;0.0;0.0;1.0;1.0;0.0;0.0;0.0;0.0;0.0;0.0;0.0;0.0;0.0;0.0;0.0
1;24;Бекенд-разработчик /Back-end developer на Python (Flask/Django);4.0;4.0;Группа компаний «SWEB GROUP»;2019-12-11T12:03:57+0300;"Приглашаем в нашу команду бекенд-разработчика на Python(Flask/Django). О команде. Мы EdTech проект, меняем традиционное образование в сфере охраны труда с помощью технологий. Наша IT-команд растет и развивается, у нас есть продуктовая команда, большая команда по разработке, а также сильная экспертиза в данной области. Наша разработка — обучающая платформа с более 200 различных обучающих курсов. Это уникальный продукт для нашего рынка. Под капотом. Наш продукт состоит из двух направлений - технического и методического, мы и разрабатываем специализированную техническую платформу и образовательные материалы. На каждой направление у нас есть свой проджект менеджер. Мы профи как в ИТ сфере, так и в области создания методических материалов. Делимся тем, с чем мы работаем здесь: proffstandart.pro. Срочно ищем еще одного крутого Backendera, у которого уже есть определенный опыт, но он хочет расти, развиваться и главное кодить, много и качественно кодить! В общем, ждем тебя. Что нужно будет делать:   Разработка web-сервиса в качестве backend-разработчика;   Ревью кода;   Работа по технологиям Scrum/Kanban в Youtrack.   Для нас важны:   Отличные навыки программирования на Python;   Опыт работы с Flask / другими RESTful фреймворками;   Опыт работы с базами данных (MySQL, PgSQL и т.д.);   Базовые знания любого Frontend framework’а (у нас vue.js);   Опыт работы в коммерческих проектах и наличие портфолио;   Опыт работы бекенд-разработчиком на Python от года;   Опыт работы ведущим разработчиком будет преимуществом;   Общее видение и понимание архитектуры проекта;   Наши достижения: - Слаженная многоплановая команда, способная решать любые задачи; - Уникальная обучающая платформа для нашего рынка; - NPS (удовлетворенность пользователей) продуктом 93%; - Более 1000 заявок и более 600 клиентов с мая 2019 года. Мы предлагаем:   Работу над интересным проектом;   Конкурентоспособную заработную плату;   Гибкий график работы(либо в офисе, либо удаленно по выбору сотрудника);   Разноплановые задачи;   Молодой дружный коллектив.  ";Опыт работы бекенд-<highlighttext>разработчиком</highlighttext> на Python от года. Опыт работы ведущим <highlighttext>разработчиком</highlighttext> будет преимуществом. Общее видение и понимание архитектуры проекта.;Разработка web-сервиса в качестве backend-<highlighttext>разработчика</highlighttext>. Ревью кода. Работа по технологиям Scrum/Kanban в Youtrack.;"Python; Git; PostgreSQL; JavaScript; HTML; ООП; SQL; CSS; HTML5; CSS3; REST; vue; Ajax";"   Работу над интересным проектом;   Конкурентоспособную заработную плату;   Гибкий график работы(либо в офисе, либо удаленно по выбору сотрудника);   Разноплановые задачи;   Молодой дружный коллектив.  ";24;0.034482758620689655;Backend;0;0;1;0;1;0;0;0;0;0;1;1;0;0;0;1.0;1.0;1.0;1.0;1.0;1.0;0.0;0.0;0.0;0.0;1.0;1.0;1.0;1.0;1.0;1.0;1.0;0.0;0.0;0.0;0.0
2;42;Senior Go backend developer;8.0;4.0;Cryptopay Ltd.;2019-12-12T13:27:46+0300;"О компании Вот уже больше 5 лет Cryptopay создает платформу, на которой можно совершать денежные переводы, хранить средства и распоряжаться ими с легкостью обычных денег. Ради наших пользователей: криптоэнтузиастов и криптопараноиков — мы создаем новые инструменты, позволяющие взаимодействовать с регуляторами по всему миру, а также исследуем передовой край крипторазработки, чтобы внедрять лучшие решения в нашу систему.   Что нужно будет делать:  Разработка сервисов для использования их в основном приложении; Перевод приложения из монолита на микросервисы; Поддержка существующих продуктов на Golang; Сопровождение проекта от оценки до поддержки  Наши ожидания:  Отличные знания Golang Хорошие знания PostgreSQL Опыт работы с: Redis, RabbitMQ, ELK Опыт работы с: Docker Умение работать с чужим кодом Отличная самоорганизация  Будет плюсом:  Знание/Умение читать код Ruby и Ruby on Rails Опыт работы с gRPC Опыт работы с NATS Опыт профилирования Golang-приложений Наличие опыта работы с криптовалютами Опыт работы с Ansible  Техническая составляющая проекта: Наш кошелек сейчас проходит этап роста - мы разделяем монолитный проект на микросервисы, переходим на SPA, оптимизируем AWS инфраструктуру. Наш стэк - Ruby / RoR + GoLang, PostgreSQL, Sidekiq, Redis, Elasticsearch, gRPC, NATS. Очень большим плюс будет наличие опыта в финтехе / крипто индустрии. Что мы можем предложить   Куча стандартных плюшек Возможность заниматься проектом, который меняет криптоландшафт  ";Отличные знания Golang. Хорошие знания PostgreSQL. Опыт работы с: Redis, RabbitMQ, ELK. Опыт работы с: Docker. Умение работать с чужим...;Разработка сервисов для использования их в основном приложении. Перевод приложения из монолита на микросервисы. Поддержка существующих продуктов на Golang. ;"PostgreSQL; Redis; gRPC; NATS; Sidekiq; GoLang; Ruby; elas";;42;0.0;Backend;0;0;1;0;0;1;0;1;0;0;0;1;0;0;0;0.0;0.0;0.0;0.0;0.0;0.0;0.0;0.0;0.0;0.0;0.0;0.0;0.0;0.0;0.0;0.0;0.0;1.0;1.0;1.0;1.0
3;8;Backend разработчик (Ruby On Rails);4.0;4.0;Яркий фотомаркет;2019-12-11T18:42:43+0300;"Яркий фотомаркет - это крупнейшая сеть фотомагазинов в России. Первый магазин по продаже фотоуслуг и фототехники “Яркий Мир” был открыт в Санкт-Петербурге в 1995 году. После ребрендинга компания получила новое имя Яркий фотомаркет. На сегодняшний день наша сеть состоит из более чем 30 магазинов. Помимо этого, мы продаём фототовары через наш интернет-магазин. Мы постоянно развиваемся, но в то же время бережно сохраняем накопленные за годы работы традиции. Коллектив компании Яркий фотомаркет рад пригласить Вас в свою профессиональную команду. Обязанности:  Разработка, поддержка и развитие web-продуктов Компании на платформе Ruby on Rails Оптимизация производительности, поиск «узких» мест, рефакторинг кода Интеграция с внешними информационными системами Написание тестов Установка и поддержка продуктов на хостинге Работа в команде    Требования:  Уверенное знание ООП Опыт разработки на Ruby On Rails от 3 лет Опыт разработки REST API Опыт работы с SQL и noSQL базами данных Опыт написания тестов (RSpec) Желательно: опыт работы с Linux (Centos), Nginx, опыт развертывания приложений в Docker Знание или способность освоить технологический стек наших продуктов: PostgreSQL, Redis, Sidekiq, Sphinx, Haml/Slim, React.js/Jquery Английский язык - на уровне, необходимом для чтения документации Уверенное владение Git Будет плюсом: примеры реализованных проектов, профиль на Github    Условия:  Официальное оформление; График работы 5/2 с 10.00 до 19.00; Работа в 10 минутах от ст.м. Горьковская. ";"  Официальное оформление; График работы 5/2 с 10.00 до 19.00; Работа в 10 минутах от ст.м. Горьковская. ";Уверенное знание ООП. Опыт разработки на Ruby On Rails от 3 лет. Опыт разработки REST API. Опыт работы с SQL...;Разработка, поддержка и развитие web-продуктов Компании на платформе Ruby on Rails. Оптимизация производительности, поиск «узких» мест, рефакторинг кода. ;"Ruby On Rails; PostgreSQL; Ruby; Git; Redis";108;0.0;Backend;0;0;1;0;1;0;0;0;1;0;0;1;0;0;0;0.0;0.0;0.0;0.0;0.0;0.0;0.0;0.0;0.0;0.0;0.0;0.0;0.0;0.0;0.0;0.0;0.0;0.0;0.0;0.0;1.0
4;39;Backend разработчик;2.0;3.0;МиАТел;2019-12-12T14:48:36+0300;  Обязательные знания и навыки:  Опыт работы с Git Опыт разработки на PHP, GoLang, Lua и т.п. Уверенное знание Linux / FreeBSD и т.п. Хорошие знания баз данных PostgreSQL, MySQL Понимание NoSQL решений (Redis, Memcached) Уверенное владение JavaScript (ES5, ES6, Babel) Понимание работы сетевых протоколов (HTTP, TCP/IP, UDP) Опыт работы в команде Знание английского языка (письмо, чтение тех. литературы)    Будет плюсом:  Знания в области стека технологий WebRTC Навыки проектирования баз данных Знакомство с IP-телефонией, опыт работы с Asterisk / FreeSWITCH / Kamailio / OpenSIPS  Условия:  Оформление по ТК РФ Полностью белая зарплата Дружный коллектив, корпоративы Кофе, чай и плюшки включены.   ;  Оформление по ТК РФ Полностью белая зарплата Дружный коллектив, корпоративы Кофе, чай и плюшки включены.   ;Обязательные знания и навыки: Опыт работы с Git. Опыт разработки на PHP, GoLang, Lua и т.п. Уверенное знание Linux...;"Python; Git; ООП; SQL; HTML5";"PHP; GoLang; PostgreSQL; HTML; CSS; JavaScript; Git";139;0.0;Backend;0;0;1;0;0;1;0;0;1;0;0;1;0;0;0;1.0;1.0;1.0;1.0;1.0;0.0;0.0;0.0;0.0;0.0;0.0;0.0;0.0;0.0;0.0;0.0;0.0;0.0;0.0;0.0;0.0
5;85;Разработчик back-end (JavaEE);4.0;4.0;Комита, АО (Санкт-Петербург);2019-12-12T09:15:48+0300;"  АО КОМИТА является одним из первых в России разработчиков программного обеспечения для защищенного документооборота и успешно ведёт свою деятельность с 1991 года. В связи с открытием новых проектов, мы ищем к себе в команду back-end разработчика (Java EE).   Требования к кандидатам:  Глубокие знания JAVА EE, JPA; Опыт написания Rest- сервисов, работа с XML; Знание и опыт работы с CryptoAPI; Знание различных технологий и основных шаблонов проектирования; Умение разбираться в написанном коде; Умение реалистично оценивать трудоемкость задач; Опыт обучения менее опытных разработчиков; Владение инструментами: Intellij IDEA (Eclipse, Netbeans), Atlassian JIRA, SVN    Дополнительные требования:  Опыт разработки на JAVА EE от 2 лет Опыт работы в команде    Предстоит заниматься:  Участие в разработке программных продуктов компании; Освоение и внедрение новых технологий; Участие в решении многочисленных задач, связанных с проектированием и разработкой программного обеспечения совместно с сотрудниками проектных управлений.    Условия работы:  Рабочий график – полный рабочий день, пятидневка с 10 до 18 часов, обед включен; Головной офис в г. Санкт-Петербурге в пешей доступности от м. Новочеркасская; офисы в Москве, Севастополе и Вологде. Белая заработная плата и официальное трудоустройство Квартальные премии ДМС от компании Заработная плата - по результатам собеседования.  Если вас заинтересовала вакансия и вы подходите по указанным требованиям, присылайте свой отклик. Мы обязательно его рассмотрим!  ";;Умение реалистично оценивать трудоемкость задач. Опыт обучения менее опытных <highlighttext>разработчиков</highlighttext>. Владение инструментами: Intellij IDEA (Eclipse, Netbeans), Atlassian JIRA, SVN. ;Участие в разработке программных продуктов компании. Освоение и внедрение новых технологий. Участие в решении многочисленных задач, связанных с проектированием и...;"Java; Java EE; Intellij IDEA; Eclipse; NetBeans; Atlassian Jira; XML; JPA; SVN";185;0.0;Backend;0;0;1;0;1;0;0;0;1;0;0;1;0;0;0;0.0;0.0;0.0;0.0;0.0;0.0;0.0;0.0;0.0;0.0;0.0;0.0;0.0;0.0;0.0;0.0;0.0;0.0;0.0;0.0;1.0
6;92;Back-end разработчик;4.0;4.0;Российский аукционный дом;2019-12-12T10:14:15+0300;"Уважаемый соискатель, Немного о нашей компании, АО РАД является крупной федеральной компанией в России. В очной и электронной форме Мы проводим все виды торгово-закупочных процедур: аукционы по продаже имущества в интересах государства, корпораций и компаний с госучастием, банков и частных лиц, а также торги по продаже проблемного имущества, корпоративные и государственные закупки. Сегодня компания имеет сеть филиалов и представительств – в Москве, Санкт-Петербурге, Нижнем Новгороде, Новосибирске, Тюмени, Самаре, Барнауле, Владивостоке, Красноярске, Екатеринбурге, Краснодаре, Уфе, Сочи, Улан-удэ, Воронеже, Ярославле, Астрахани, Ростове-на-Дону, Иркутске. Среди основных клиентов РАДа:  федеральные министерства: Росимущество, Министерство экономического развития России, Министерство обороны и Министерство культуры России; правительственные структуры Москвы, Московской области, Санкт-Петербурга, Ханты-Мансийского автономного округа-Югры, Самары, Тюмени и пр. федеральные государственные предприятия: АО «Росгеология», ОАО «РОСАТОМ», ПАО «Россети», ОАО «РЖД» и ПАО «ФСК ЕЭС», ПАО «Газпром», ОАО «Роскартография», АО «Авиакомпания «Россия», оборонный концерн НПО «Алмаз-Антей», Сбербанк России, а также банки, строительные корпорации, крупные собственники недвижимости и бизнеса.  Обязанности:  Участие в разработке back-end высоконагруженных приложений в области электронных торгов (Электронных Торговых Площадок, Финансовая сфера, взаимодействие с Банками и т.д.); Интеграция с различными внешними государственными, банковскими и корпоративными системами; Работа с legacy-кодом; Поддержка текущих разработок в области back-end; Работа с проектной документацией; Взаимодействие с различными проектными командами.  Требования:  Опыт разработки от 2 лет; Владение PHP версии выше 7.0, PostgreSQL, Yii2; Опыт разработки с использованием паттернов проектирования и принципов ООП; Опыт оптимизации запросов БД; Опыт работы с GIT; Уверенная работа в linux системах;  Дополнительным плюсом будет:  Опыт работы с MySQL, Sphinx, Memcahed, RabbitMQ, NodeJS, Doctrine2, Zend2; Понимание принципов взаимодействия сервисов на основе XML-RPC, Json-rpc, SOAP, AS2; Опыт разбора и рефакторинга чужого кода; Наличие реализованных в продакшн проектов.  Условия   Белая заработная плата, обсуждается индивидуально на собеседовании;   График работы с 09:00 до 18:00 в пт. до с 09:00 до 17:00;   ДМС;   Корпоративное обучение (посещение конференций и мастер классов);   Комфортный офис, парковка, спортивный зал, оборудованная кухня;   Премии, надбавка к заработной плате за выслугу лет, материальная помощь при рождении ребёнка, бракосочетании или утрате близкого человека;   Крутая команда, поддержка на всех этапах работы, наставничество;   Возможность решать нестандартные, интересные задачи, участвовать в крупных проектах;   Наша компания многопрофильная, поэтому у Вас есть возможность развиваться и строить свою карьеру вместе с нами.Будем рады видеть Вас в нашей команде!  ";;Опыт разработки от 2 лет. Владение PHP версии выше 7.0, PostgreSQL, Yii2. Опыт разработки с использованием паттернов проектирования...;Участие в разработке back-end высоконагруженных приложений в области электронных торгов (Электронных Торговых Площадок, Финансовая сфера, взаимодействие с Банками и...;"RabbitMQ; Sphinx; PostgreSQL; Yii; PHP; Memcached";192;0.0;Backend;0;0;1;0;1;0;0;0;1;0;0;1;0;0;0;0.0;0.0;0.0;0.0;0.0;0.0;0.0;0.0;0.0;0.0;0.0;0.0;0.0;0.0;0.0;0.0;0.0;0.0;0.0;0.0;1.0
7;18;Junior backend developer (Golang);4.0;4.0;the_covert;2019-12-11T14:50:45+0300;"Мы - одна из лидирующих компаний на международном ИТ рынке, создающая собственные продукты уже более 10 лет. Наша цель - построить экосистему нового уровня, которая совершит сдвиг в текущей парадигме. Наши ценности - это интеллект, ответственность и глобальные цели. В один из наших ключевых проектов мы ищем Junior backend разработчика. Задачи на позиции:  Обеспечение развития системы в плане удовлетворения нефункциональныхтребований: повышение масштабируемости, производительности,отказоустойчивости, доступности и тп; Развитие инструментов мониторинга и обработки внештатных ситуаций; Расследование возникающих в процессе эксплуатации проблем;  Требования:  Хороший теоретический бэкграунд (операционные системы, базовыеалгоритмы и структуры данных) и широкий технический кругозор; Опыт работы и знание Golang; Опыт работы с SQL; Навыки работы с git; Умение работать в команде: слушать, проявлять терпение, договариваться,помогать другим;  Условия:   Комфортный офис;   Гибкий график работы;   Работа с современным стеком технологий;   Возможность работать с технически уникальными продуктами;   Крутая команда;   Уникальная атмосфера, в которой каждый сотрудник будет понятым и услышанным;   Возможность расти и развиваться внутри компании;   100% оплачиваемые больничные, отпуск 28 календарных дней;   Lifetime opportunity!  ";"   Комфортный офис;   Гибкий график работы;   Работа с современным стеком технологий;   Возможность работать с технически уникальными продуктами;   Крутая команда;   Уникальная атмосфера, в которой каждый сотрудник будет понятым и услышанным;   Возможность расти и развиваться внутри компании;   100% оплачиваемые больничные, отпуск 28 календарных дней;   Lifetime opportunity!  ";Хороший теоретический бэкграунд (операционные системы, базовые. Алгоритмы и структуры данных) и широкий технический кругозор. Опыт работы и знание Golang. ;Обеспечение развития системы в плане удовлетворения нефункциональных. Требований: повышение масштабируемости, производительности. Отказоустойчивости, доступности и тп. Развитие инструментов мониторинга и обработки...;"Git; SQL; Linux; Golang";218;0.034482758620689655;Backend;0;0;1;0;1;0;0;1;0;0;0;1;0;0;0;0.0;0.0;0.0;0.0;0.0;0.0;0.0;0.0;0.0;0.0;0.0;0.0;0.0;0.0;0.0;0.0;0.0;0.0;0.0;0.0;1.0
8;26;Back end разработчик;2.0;4.0;SET SERVICE GROUP;2019-12-11T15:58:34+0300;"Set Service Group ищет программиста уровня Middle или Senior на постоянную работу в офис для создании ПО.  Обязанности:   написание серверной логики приложения  взаимодействие с разработчиком клиентской части создание и проектирование баз данных  Стек технологий:  Angular 8 - front-end фреймворк; Nest.js - back-end фреймворк; PostgreSQL - система управления базами данных; TypeScript - язык, расширяющий возможности языка JavaScript  Требования:  человек, способный прописать алгоритмы для ПО, которое сейчас пишется в фирме уметь соединять запросы с базой данных и выдавать их в удобном виде  Условия:  работа в офисе занятость полная оформление по ТК РФ ";  работа в офисе занятость полная оформление по ТК РФ ;Стек технологий:;Написание серверной логики приложения. Взаимодействие с <highlighttext>разработчиком</highlighttext> клиентской части. Создание и проектирование баз данных. Angular 8 - front-end фреймворк. ;"Разработка ПО; SQL";226;0.034482758620689655;Backend;0;0;1;0;0;1;0;0;1;0;0;1;0;0;0;0.0;0.0;0.0;0.0;0.0;0.0;0.0;0.0;0.0;0.0;0.0;0.0;0.0;0.0;0.0;0.0;0.0;0.0;0.0;0.0;1.0
9;48;Backend-разработчик;5.0;5.0;Нмаркет.ПРО;2019-12-09T17:11:20+0300;Обязанности:  разработка нового функционала для существующих сайтов на .NET Core (JB Rider, MS VS 2019, MS VS 2017) сопровождение проектов: исправления ошибок, деплой  Требования:  уверенное знание .NET Core уверенное владение C# опыт работы в команде (система контроля версий и багтрекинг) внимательность, пунктуальность, ответственность  Будет плюсом:  знание HTML, CSS, JavaScript, TypeScript, Angular 2+ T-SQL (MS SQL 2008 и выше) ;;Уверенное знание .NET Core. Уверенное владение C#. Опыт работы в команде (система контроля версий и багтрекинг). Внимательность, пунктуальность, ответственность. ;Разработка нового функционала для существующих сайтов на .NET Core (JB Rider, MS VS 2019, MS VS 2017). Сопровождение проектов: исправления...;".NET Core; JB Rider; MS VS 2019; C#; HTML; CSS; JavaScript; TypeScript; Angular 2+; T-SQL";248;0.06896551724137931;Backend;0;0;1;0;1;0;0;0;1;0;0;1;0;0;0;0.0;0.0;0.0;0.0;0.0;0.0;0.0;0.0;0.0;0.0;0.0;0.0;0.0;0.0;0.0;0.0;0.0;0.0;0.0;0.0;1.0
10;14;Backend-разработчик (Scala);4.0;4.0;Жилищная Экосистема ВТБ;2019-12-10T17:14:49+0300;"Жилищная Экосистема ВТБ — это IT-стартап на стыке рынков недвижимости и финтеха. Мы команда профессионалов с абсолютно разным бэкграундом из крупнейших IT компаний, российских и международных банков.В нашу команду открыта вакансия backend-разработчика. Мы строим высоконагруженную систему на базе микросервисной архитектуры с использованием современного и актуального стека:  Backend: Java, Scala, Kafka, ElasticSearch, Akka, Akka Streams, gRPC Docker, Prometheus  Наша цель — создать жилищную экосистему, которая станет сервисом номер один на рынке недвижимости. Это платформа, которая поможет тысячам жителей России легко пройти путь от выбора нового жилья до заселения в отремонтированную квартиру. Требования:  опыт работы с Akka и Scala; чистый код, покрытие тестами; гибкость в подходах и готовность к экспериментам; умение доводить начатое до релиза.  Условия:  белая конкурентная ЗП, официальное оформление; возможность влиять на разработку и сразу видеть результат своей работы; ДМС, льготная ипотека, компенсация фитнеса, парковка; гибкий график работы; комфортный офис с хорошей инфраструктурой в окрестностях. ";"  белая конкурентная ЗП, официальное оформление; возможность влиять на разработку и сразу видеть результат своей работы; ДМС, льготная ипотека, компенсация фитнеса, парковка; гибкий график работы; комфортный офис с хорошей инфраструктурой в окрестностях. ";Опыт работы с Akka и Scala. Чистый код, покрытие тестами. Гибкость в подходах и готовность к экспериментам. Умение доводить начатое...;"Python; Git; ООП; SQL; HTML5";"SCALA; Java";314;0.034482758620689655;Backend;0;0;1;0;1;0;0;0;1;0;0;1;0;0;0;1.0;1.0;1.0;1.0;1.0;0.0;0.0;0.0;0.0;0.0;0.0;0.0;0.0;0.0;0.0;0.0;0.0;0.0;0.0;0.0;0.0
11;11;Middle backend Developer / Программист Python;2.0;5.0;Ceramic3d;2019-12-12T08:17:02+0300;"Компания Ceramic3D - ведущий разработчик CAD-программ в сфере дизайна интерьера. Собственный фотореалистичный визуализатор реального времени с высоким качеством изображений создан нами без использования сторонних библиотек. Компания Ceramic3D за 15 лет работы вышла в лидеры в своем сегменте на рынке программного обеспечения России, СНГ и стран ближнего зарубежья. Программами Ceramic3D пользуются более 435 000 клиентов. Для создания нового крупного интернет проекта приглашаем в команду веб разработчиков Middle backend Developer   ОБЯЗАННОСТИ:  Разработка backend Рефакторить текущий код Писать тесты Работать в команде Делать качественный продукт    СТЕК ТЕХНОЛОГИЙ:  Python 3.6 Django Celery PostgreSQL REST framework    ТРЕБОВАНИЯ:  Уверенное знание Python PostgreSQL, SQL и принципы проектирования СУБД Ответственный подход к решению поставленных задач Опыт работ от 2 лет    БУДЕТ ПЛЮСОМ:  опыт работы с Docker опыт администрирования серверов    УСЛОВИЯ:  высокая заработная плата (уровень заработной платы обсуждается индивидуально по результатам собеседования); оформление по ТК РФ; комфортабельный офис с чаем, кофе работа над интересными прогрессивными проектами; адекватное руководство, теплая позитивная атмосфера, дружная команда единомышленников рабочий день с 10.00 до 19.00; район работы - Юго-Запад ";;Уверенное знание Python. PostgreSQL, SQL и принципы проектирования СУБД. Ответственный подход к решению поставленных задач. Опыт работ от 2 лет. ;Разработка backend. Рефакторить текущий код. Писать тесты. Работать в команде. Делать качественный продукт.;"backend; Python; Django Framework; Celery; PostgreSQL; REST";411;0.0;Backend;1;0;0;0;1;0;0;0;1;0;0;1;0;0;0;0.0;0.0;0.0;0.0;0.0;0.0;0.0;0.0;0.0;0.0;0.0;0.0;0.0;0.0;0.0;0.0;0.0;0.0;0.0;0.0;1.0
12;58;Разработчик на Python, back-end;3.0;5.0;Электронные платформы;2019-12-11T09:17:52+0300;Проектная команда образовательного стартапа ищет разработчика на Python, идеально, если ты знаешь свой уровень (middle, senior, junior), готовы обучать студента-джуниора, если есть общая база по питону и за плечами участие в любых коммерческих проектах.Требуется опыт в разработке на питоне.О нас:Мы – молодая уютная небольшая команда разработки из 8-ми человек, занимаемся развитием дистанционного обучения в образовательных учреждениях и корпорациях (наши клиенты – крупнейшие ВУЗы страны: ВШЭ, МФТИ, МИФИ,Университет Лобачевского, ТГУ, и т.д., несколько подразделений Сбербанка, школа Летово, иностранные партнеры).Офис в центре города, в БЦ Манхэттен, просторный офис с террасой и кальяном, чай и плюшки всегда в наличии.Команда компании «Экзамус» ищет Backend-разработчик на Python - уверенный middle или senior. Нам нужен напарник в построении архитектуры и разработке.Так как компания небольшая, возможен свободный график работы, отпустим по делам без бюрократии ☺️ Кого мы ищем: Минимальные требования это:Иметь опыт коммерческой разработкиУмение писать Unit тесты на свой кодТехническое образование, особенно приветствуем матмех и радиофакЗнание Django, Django Rest Framework и Celery Желательно уметь:Работать с DockerПисать сервисы на AsyncioПользоваться командной строкой Linux/UNIX Наше предложение:Белая зарплатаКомфортный офис в центре городаГибкий график работыОбучение и посещение конференций за счет компанииПолис ДМС Зарплата достойная, обсуждается персонально с учетом пожеланий на собеседовании, исходя из уровня компетенций.;;Иметь опыт коммерческой разработки. Умение писать Unit тесты на свой код. Техническое образование, особенно приветствуем матмех и радиофак. ;Работать с Docker. Писать сервисы на Asyncio.;"Python; Django Framework; Linux; PostgreSQL; Unix";458;0.034482758620689655;Backend;1;0;0;0;1;0;0;1;0;0;0;1;0;0;0;0.0;0.0;0.0;0.0;0.0;0.0;0.0;0.0;0.0;0.0;0.0;0.0;0.0;0.0;0.0;0.0;0.0;0.0;0.0;0.0;1.0
13;86;Web-программист (back-end);2.0;3.0;Строительный Двор;2019-12-10T14:44:10+0300;"Строительный Двор - крупнейший поставщик строительных и отделочных материалов с 1993 года!16 городов, 54 розничных магазинов, более 2 000 сотрудников.У нас микросервисная архитектура и agile подход к разработке,нет менеджеров и начальников, у нас есть самоорганизованные команды!Открытость экспериментам и новым инструментам! Мы любим web и у нас всегда есть интересные задачи!Тебе предстоит решать следующие задачи:  разработка бизнес-систем (автоматизация бизнес-процессов); оптимизация сервисов под высокие нагрузки; проектирование и реализация веб и API-сервисов; работа над веб-сервисами: доработка существующих и написание новых; написание unit и интеграционных тестов; отладка, рефакторинг и документация кода.  Опыт и навыки, на которые мы рассчитываем:  опыт в разработке на python от 1 года; опыт веб-разработки бэкендов на коммерческих сайтах; уверенное знание: python, ООП‚ PostgreSQL; аналитический склад ума; умение разбираться в чужом коде и работать с ним; умение работать в команде; высокая самостоятельность в ходе решения технических проблем.  Будет идеально:  опыт работы с Django; опыт создания rest api‚ pytest, celery, rabbitMQ; широкий ИТ-кругозор, знание технологий, программных продуктов.  Условия:  официальная заработная плата, уровень обсуждается на собеседовании; свободный график работы; официальное трудоустройство; современный классный офис со своей столовой; насыщенная корпоративная жизнь; дополнительный официальный день отпуска за каждый год работы в компании.  Стань частью нашей команды !Мы ждём твоё резюме!  ";"  официальная заработная плата, уровень обсуждается на собеседовании; свободный график работы; официальное трудоустройство; современный классный офис со своей столовой; насыщенная корпоративная жизнь; дополнительный официальный день отпуска за каждый год работы в компании.  Стань частью нашей команды !Мы ждём твоё резюме!  ";Опыт в разработке на python от 1 года. Опыт веб-разработки бэкендов на коммерческих сайтах. Уверенное знание: python, ООП‚ PostgreSQL. ;Разработка бизнес-систем (автоматизация бизнес-процессов). Оптимизация сервисов под высокие нагрузки. Проектирование и реализация веб и API-сервисов. ;Python;486;0.06896551724137931;Backend;1;0;0;0;1;0;0;0;0;0;1;1;0;0;0;0.0;0.0;0.0;0.0;0.0;0.0;0.0;0.0;0.0;0.0;0.0;0.0;0.0;0.0;0.0;0.0;0.0;0.0;0.0;0.0;1.0
14;15;Разработчик Python (Back-end);3.0;5.0;Айдеко;2019-12-10T08:51:17+0300;"Компания «Айдеко» - ведущий разработчик программного обеспечения в области информационной безопасности и сетевых технологий. Наши продукты IDECO UTM - шлюз безопасности; система контентной фильтрации IDECO SELECTA; IDECO MESH - позволяет использовать интернет в любой точке покрытия Wi-Fi без потери качества сигнала. Нам нужен разработчик в команду разработки продукта Ideco UTM - это система предотвращения вторжений, контентная фильтрация, контроль приложений (DPI), антивирусная проверка трафика, система отчетов и многое другое. В основном разработка ведется на Python3, но также есть задачи на C, GoLang и Bash. Языки программирования: Python3, C, GoLang, Bash. Обязанности:  Разработка бекендов и сервисов, в основном на Python; Участие в проектировании архитектуры и рефакторинге; Работа в scrum-команде по разработке серийного ПО;  Требования:  Опыт работы с ОС Linux (sed, awk, curl и т.д.); Уверенные знания Python3 asyncio; Опыт работы с aiohttp; Умение работать с git и docker; Умение писать простой и понятный код; Понимание устройства сетей;  Дополнительными плюсами кандидата будут:  Базовые навыки администрирования Linux и сетей; Опыт работы с Python3 aiohttp; Опыт работы на C/C++, Golang, Bash; Опыт работы и понимание etcd;      Условия:  Конкурентная заработная плата (готовы обсуждать индивидуально, будет зависеть от скиллов), официальное трудоустройство, гуманный график работы; Бесплатное обучение английскому языку с преподавателем (в офисе); Чай, кофе, плюшки и сладости на оборудованной кухне, просторный современный офис. ";"  Конкурентная заработная плата (готовы обсуждать индивидуально, будет зависеть от скиллов), официальное трудоустройство, гуманный график работы; Бесплатное обучение английскому языку с преподавателем (в офисе); Чай, кофе, плюшки и сладости на оборудованной кухне, просторный современный офис. ";Опыт работы с ОС Linux (sed, awk, curl и т.д.). Уверенные знания Python3 asyncio. Опыт работы с aiohttp. ;Разработка бекендов и сервисов, в основном на Python. Участие в проектировании архитектуры и рефакторинге. Работа в scrum-команде по разработке...;"Разработка ПО; Linux; Python";515;0.06896551724137931;Backend;1;0;0;0;1;0;0;0;1;0;0;1;0;0;0;0.0;0.0;0.0;0.0;0.0;0.0;0.0;0.0;0.0;0.0;0.0;0.0;0.0;0.0;0.0;0.0;0.0;0.0;0.0;0.0;1.0
15;18;Senior backend developer;4.0;8.0;Сима-ленд;2019-12-10T11:29:58+0300;Требования  Знание PHP / golang, реляционная БД, Elasticsearch, Linux, Git. Умение оптимизировать SQL-запросы, код. Опыт проведения code review. Понимание continuous integration. Опыт модульного и функционального тестирования. Способность писать чистый код и разбираться в чужом. Опыт обучения коллег. Опыт планирования работ (по времени, железу и т. д.). Уверенное знание парадигм, паттернов (DDD, ES + CQRS), микросервисной архитектуры. Английский не ниже уровня А2. Владение контейнеризацией, оркестрацией.  Будет плюсом  Опыт управления командой.    Обязанности   Разработка и поддержка внутренних и внешних сервисов.   Качественное написание кода.   Участие в разработке архитектуры проекта, выборе технологий, библиотек и фреймворков.     Условия  Офис на выбор: головной на Черняховского или IT-офис в центре. Участие в конференциях HighLoad++, Dump, FOSDEM, HollyJS и других. Возможность выбрать время начала рабочего дня (8-11). Официальное трудоустройство. ;;Знание PHP / golang, реляционная БД, Elasticsearch, Linux, Git. Умение оптимизировать SQL-запросы, код. Опыт проведения code review. Понимание continuous integration. ;Разработка и поддержка внутренних и внешних сервисов. Качественное написание кода. Участие в разработке архитектуры проекта, выборе технологий, библиотек и фреймворков.;"Git; Linux; SQL; ООП; PHP; Golang; SOLID; Elasticsearch";518;0.06896551724137931;Backend;1;0;0;0;0;1;0;0;1;0;0;1;0;0;0;0.0;0.0;0.0;0.0;0.0;0.0;0.0;0.0;0.0;0.0;0.0;0.0;0.0;0.0;0.0;0.0;0.0;0.0;0.0;0.0;1.0
16;47;Back-end разработчик на Oracle;3.0;5.0;Сбербанк;2019-12-09T08:23:46+0300;"Главное о Сбербанке: Сотни тысяч наших сотрудников одновременно создают тот эффект, который ощущает почти каждый взрослый житель России, открывая приложение или заходя в отделение банка. Масштабы компании и система поддержки сотрудников открывают возможности для карьеры в любом направлении и с любым уровнем амбиций.Наша новая цель — создать вокруг клиентов дружелюбную и надежную платформу сервисов, открывающую новый опыт потребления финансовых (и не только) услуг. У нас огромные возможности, большое желание меняться. Мы готовы принять талантливых и энергичных коллег для воплощения всех наших планов. Мы – продуктовая команда Сбербанка, отвечающая за аналитический сервис для корпоративных клиентов по всей стране. Нашим сервисом пользуются 25 000 человек, и он ежедневно помогает своим пользователям проводить клиентскую и конкурентную аналитику, получать нужные данные и принимать верные стратегические решения.  Корпоративно-инвестиционный бизнес запускает новый проект по разработке системы, которая должна обеспечить работу с данными в облаке данных. У Вас есть возможность создать полезный продукт, который существенно облегчит работу другим сотрудникам банка. Команда собирается с нуля. Спеши присоединиться! Вам предстоит:-Создание back-end на Oracle-Разработка алгоритмов по системным требованиям-Рефакторинг существующего кода-Создание витрин, перенос витрин в другие системы с помощью ETL (Informatica) Команда ожидает, что вы:-Имеете опыт работы разработчиком баз данных от 1 года-Имеете глубокие знания SQL и опыт промышленной разработки на PL/SQL-Умеете писать с нуля чистый и эффективный код, который решает продуктовые задачи и понятен другим разработчикамБудет преимуществом:-Опыт работы с Oracle APEX, либо знание HTML, CSS, JavaScript (включая библиотеку JQuery);-Опыт проектирования БД  Мы предлагаем:Условия работы: бессрочный трудовой договор, офис в центре города, гибкий график работы пн-пт, отсутствие строгого дресс-кода;Уровень заработной платы, который зависит от ваших технических знаний и навыков, состоит из оклада, ежеквартальной премии и годового премирования;Заботу о здоровье: корпоративную программу ДМС (включает стоматологию, обследования, лечение заболеваний и т.д.), бесплатный тренажерный зал, страхование жизни, посещение корпоративного санатория в Крыму одному или с семьей;Знания: индивидуальный план обучения с учебными курсами и поездками на конференции за счет работодателя, а еще у Вас будет возможность попробовать себя в роли спикера или ментора;Корпоративные мероприятия: Новый год, командные выезды, участие в интеллектуальных играх. Еще мы помним о Ваших детях и дарим подарки на новый год;Особые условия для сотрудников: льготные условия кредитования, специальные курсы обмена валюты, дисконт-программы от партнеров банка. Если вам нравится идея превратить «главный» банк России в передовую сервисную экосистему, будем рады увидеть вас в команде!";"Условия работы: бессрочный трудовой договор, офис в центре города, гибкий график работы пн-пт, отсутствие строгого дресс-кода;Уровень заработной платы, который зависит от ваших технических знаний и навыков, состоит из оклада, ежеквартальной премии и годового премирования;Заботу о здоровье: корпоративную программу ДМС (включает стоматологию, обследования, лечение заболеваний и т.д.), бесплатный тренажерный зал, страхование жизни, посещение корпоративного санатория в Крыму одному или с семьей;Знания: индивидуальный план обучения с учебными курсами и поездками на конференции за счет работодателя, а еще у Вас будет возможность попробовать себя в роли спикера или ментора;Корпоративные мероприятия: Новый год, командные выезды, участие в интеллектуальных играх. Еще мы помним о Ваших детях и дарим подарки на новый год;Особые условия для сотрудников: льготные условия кредитования, специальные курсы обмена валюты, дисконт-программы от партнеров банка. Если вам нравится идея превратить «главный» банк России в передовую сервисную экосистему, будем рады увидеть вас в команде!";Умеете писать с нуля чистый и эффективный код, который решает продуктовые задачи и понятен другим <highlighttext>разработчикам</highlighttext>. Будет преимуществом: -Опыт работы...;Создание back-end на Oracle. -Разработка алгоритмов по системным требованиям. -Рефакторинг существующего кода. -Создание витрин, перенос витрин в другие системы...;;547;0.10344827586206896;Backend;1;0;0;0;1;0;0;0;1;0;0;1;0;0;0;0.0;0.0;0.0;0.0;0.0;0.0;0.0;0.0;0.0;0.0;0.0;0.0;0.0;0.0;0.0;0.0;0.0;0.0;0.0;0.0;1.0
17;56;Backend-разработчик;3.0;5.0;Прософт-Системы;2019-12-09T09:30:25+0300;"Инженерная компания Прософт-Системы приглашает на работу специалиста на должность - Backend-разработчик. Зона ответственности: поддержка веб-интерфейса в продакшене и разработка новых функций. Обязанности:  Разработка серверной части многопользовательского веб-интерфейса.  Требования:  Уверенное владение C#, .Net Framework, SQL; Опыт работы с СУБД (MS SQL Server); Опыт разработки веб-приложений.  Будет плюсом:  Знакомство с технологиями ASP.Net MVC (3 и выше); Иметь навыки работы с библиотеками NHibernate, NUnit; Понимание принципов TDD; Плюсом будет знание JavaScript, HTML, CSS; Опыт работы с системами контроля версий и CI.  Условия:  Заработная плата: оклад + квартальные премии, стартовые условия обсуждаются с учётом квалификации, опыта работы; Трудовые отношения в полном соответствии с ТК РФ; ДМС, компенсация спортивного абонемента; Место работы: Волгоградская. ";"  Заработная плата: оклад + квартальные премии, стартовые условия обсуждаются с учётом квалификации, опыта работы; Трудовые отношения в полном соответствии с ТК РФ; ДМС, компенсация спортивного абонемента; Место работы: Волгоградская. ";Уверенное владение C#, .Net Framework, SQL. Опыт работы с СУБД (MS SQL Server). Опыт разработки веб-приложений. Знакомство с технологиями...;Разработка серверной части многопользовательского веб-интерфейса.;"С#; .NET Framework; MS SQL Server; ASP.NET; MVC";556;0.10344827586206896;Backend;1;0;0;0;1;0;0;0;1;0;0;1;0;0;0;0.0;0.0;0.0;0.0;0.0;0.0;0.0;0.0;0.0;0.0;0.0;0.0;0.0;0.0;0.0;0.0;0.0;0.0;0.0;0.0;1.0
18;74;Backend-разработчик;2.0;3.0;Мой Стенд;2019-12-09T12:48:14+0300;"Компания MYSTAND работает на рынке IT c 2010 года. Помогаем компаниям диджитализироваться. Анализируем, перестраиваем, автоматизируем их бизнес-процессы. Создаём сложные веб-сервисы и мобильные приложения. Воплощаем в жизнь амбициозные проекты и приглашаем присоединиться к нам специалистов, способных предлагать свои идеи, аргументировать и реализовывать их. Мы ценим свободу, занимаемся развитием сотрудников и обеспечиваем комфортные условия для каждого. С момента основания, мы не боимся сложностей и работаем над амбициозными и интересными проектами, в которые верим сами. Сайт - mystand.io Портфолио - www.behance.net/MyStand   Для работы понадобится:   Опыт продакшн-разработки от 1 года;   Опыт разработки на Node.js, NestJS, TypeScript/JavaScript;   Знание принципов REST;   Опыт с системами контроля версий (Git, BitBucket);   Умение работать с реляционными БД (MySQL, PostgreSQL);   Желание развиваться и работать в команде.     Будет плюсом, если у тебя есть:   Знание базовых алгоритмов и их вычислительной сложности;   Знание основных шаблонов проектирования;   Умение обращаться с Docker-ом;   Опыт работы с CI.     Что мы любим и используем:   TypeScript/JavaScript   NodeJS   NestJS   TypeStack   Sequelize   Ruby on Rails   Docker, Docker Compose   RabbitMQ   PostgreSQL, MongoDB     Задачи, которые предстоит решать:   Реализовывать бизнес логику приложений;   Создавать микросервисы и их интеграцию с приложениями;   Проводить код-ревью, участвовать в технических обсуждениях.     Мы предлагаем:   Работу с интересными и сложными проектами;   Уровень заработной платы (зависит от твоих навыков и знаний и определяется по итогам собеседования);   Демократичную корпоративную культуру и гибкий график;   Трудоустройство по ТК РФ, полный рабочий день;   Внутренние профессиональные сообщества, митапы и обмен опытом между командами;   Просторный и уютный офис с зонами релакса, кухней, настольным теннисом и кикером;   Хороший кофе в хорошей компании каждый день (а также фрукты, конфеты, печенье и отличный китайский чай). Приятный коллектив, который всегда поможет, поддержит и поделится опытом;   Удобное расположение.    ";"   Работу с интересными и сложными проектами;   Уровень заработной платы (зависит от твоих навыков и знаний и определяется по итогам собеседования);   Демократичную корпоративную культуру и гибкий график;   Трудоустройство по ТК РФ, полный рабочий день;   Внутренние профессиональные сообщества, митапы и обмен опытом между командами;   Просторный и уютный офис с зонами релакса, кухней, настольным теннисом и кикером;   Хороший кофе в хорошей компании каждый день (а также фрукты, конфеты, печенье и отличный китайский чай). Приятный коллектив, который всегда поможет, поддержит и поделится опытом;   Удобное расположение.    ";Опыт продакшн-разработки от 1 года. Опыт разработки на Node.js, NestJS, TypeScript/JavaScript. Знание принципов REST. Опыт с системами контроля...;Реализовывать бизнес логику приложений. Создавать микросервисы и их интеграцию с приложениями. Проводить код-ревью, участвовать в технических обсуждениях.;"Backend; Node.js; PostgreSQL; SQL; Scrum; Ruby On Rails";574;0.10344827586206896;Backend;1;0;0;0;1;0;0;0;1;0;0;1;0;0;0;0.0;0.0;0.0;0.0;0.0;0.0;0.0;0.0;0.0;0.0;0.0;0.0;0.0;0.0;0.0;0.0;0.0;0.0;0.0;0.0;1.0
19;52;Fullstack/Backend developer (Middle, Senior);4.0;5.0;Удобные Решения;2019-12-04T12:56:38+0300;"Мы – компания «Удобные решения». Мы являемся разработчиками программных продуктов, мобильных приложений и сервисной компанией. Наша миссия – создавать для людей уютный быт. Мы растем и развиваемся уже более шести лет, с 2018 года являемся частью финской компании YIT. У нас есть два крутых продукта: • OICO мобильный бытовой помощник, который помогает людям просто и быстро решать свои ежедневные задачи, связанные с домом, а управляющим компаниям развиваться и увеличивать доход; • и Диспетчер 24 - контактный центр и электронные сервисы для управляющих компаний. В настоящее время мы ищем талантливого разработчика для решения интереснейших задач стоящих перед нашей молодой и дружной командой. Задачи, которые предстоит выполнять:  поддержка и модификация backend-приложений на Node.js + PostgreSQL; интеграция с внешними системами.  Мы ожидаем от вас:  уверенное знание ООП, Node.js (JavaScript ES6+); опыт работы с реляционными СУБД: PostgreSQL (pl\pgsql), MySQL; умение разбираться в чужом коде и писать читабельный код; опыт создания API по принципу RESTful; уверенное знание GIT; примеры работ (портфолио); плюсом будет опыт в тестировании.  Мы предлагаем:  конкурентоспособную заработную плату по результатам собеседования, мы рассматриваем ожидания успешных кандидатов; 100% белую заработную плату, с выплатами 2 раза в месяц; официальное трудоустройство по ТК РФ, полный соц пакет; уютный офис в центре города: ул. Розы Люксембург 69/2; молодой и дружелюбный коллектив, поддержку коллег и обучение за счет компании.  Что будет, после того, как мы получим Ваш отклик:  организационный телефонный разговор с HR; знакомство с кем-то из нашей команды разработчиков hangout; тестовое задание на дом (на 1-2 дня, в удобное время); личная встреча с нашим CEO и TeamLead и решение в течение одного-двух дней. ";Уверенное знание ООП, Node.js (JavaScript ES6+). Опыт работы с реляционными СУБД: PostgreSQL (pl\pgsql), MySQL. Умение разбираться в...;Поддержка и модификация backend-приложений на Node.js + PostgreSQL. Интеграция с внешними системами.;"Python; Git; ООП; SQL; HTML5";"  конкурентоспособную заработную плату по результатам собеседования, мы рассматриваем ожидания успешных кандидатов; 100% белую заработную плату, с выплатами 2 раза в месяц; официальное трудоустройство по ТК РФ, полный соц пакет; уютный офис в центре города: ул. Розы Люксембург 69/2; молодой и дружелюбный коллектив, поддержку коллег и обучение за счет компании.  Что будет, после того, как мы получим Ваш отклик:  организационный телефонный разговор с HR; знакомство с кем-то из нашей команды разработчиков hangout; тестовое задание на дом (на 1-2 дня, в удобное время); личная встреча с нашим CEO и TeamLead и решение в течение одного-двух дней. ";652;0.27586206896551724;Backend;1;0;0;0;1;0;0;0;1;0;0;1;0;0;0;1.0;1.0;1.0;1.0;1.0;0.0;0.0;0.0;0.0;0.0;0.0;0.0;0.0;0.0;0.0;0.0;0.0;0.0;0.0;0.0;0.0
20;67;Back-end разработчик центральной банковской системы;3.0;5.0;Альфа-Банк;2019-11-27T07:51:41+0300;"Над чем ты будешь работать Альфа-Банк ищет разработчика в команду разработки центральной банковской системы. Команда занимается развитием центральной банковской системы. Перед нами стоит большая задача сделать банковские процессы проще и эффективнее, а для этого мы стремимся постоянно развивать экспертизу и применять современные технологии в повседневной работе. Развитие и поиск новых решений - это наше ежедневное увлекательное занятие. Команда Мы работаем по SCRUM и стремимся к кросс-функциональности. Каждый член команды задействован во всех этапах разработки продукта от планирования до внедрения. У нас нет одиночек, команда полностью и целиком отвечает за успешность продукта.   Особенности Наша техническая платформа позволяет вести разработку на различных языках, например, C/C++ или RPGLE, и успешно комбинировать их для достижения наилучшего результата. Основное направление разработки - это back-end и интеграционные решения с другими системами, но иногда приходится почувствовать себя UI-дизайнером. Если ты вдруг не знаешь RPGLE или базу данных DB2, не беспокойся - мы подготовили специальную программу обучения. Наставник поможет тебе освоить ее и как можно быстрее влиться в рабочий процесс. Чего мы ждем от тебя  Желания развиваться и изучать новое - нового будет много Желания работать в команде над сложными задачами, не боятся брать на себя ответственность Опыт разработки на языке C/C++, Java, Python, Delphi и т.д. Опыт работы хотя бы с одной системой контроля версий (Git, SVN, и т.д.) Понимания принципов работы реляционных СУБД, умение формировать запросы к ним, знание языка SQL Знания принципов и шаблонов проектирования  Очень хорошо, если ты  Понимаешь, что разработчик - это не кодер Работаешь с БД на уровне проектирования схемы и оптимизации выполняемых запросов Владеешь английским для чтения профессиональной литературы Готов делиться знаниями с другими Знаешь, что такое DevOps, Continuous integration и Continuous delivery Имеешь опыт работы таких системах, как Jira, Confluence, Bitbucket, Jenkins и Artifactory Умеешь обосновать свою точку зрения  Бонусы для тебя  Достойная заработная плата Работа в позитивном сплоченном коллективе ДМС и страхование жизни Льготные условия на услуги Банка и компаний–партнеров Лояльный dress-code  Условия:  Официальное оформление ; Годовая премия в соответствии с правилами премирования сотрудников банка по итогам оценки результативности за год; Добровольное медицинское страхование; Адрес ул. Горького м. Динамо ";Над чем ты будешь работать. Особенности. Желания развиваться и изучать новое - нового будет много. Желания работать в команде над сложными...;Команда. Мы работаем по SCRUM и стремимся к кросс-функциональности. Каждый член команды задействован во всех этапах разработки продукта от...;"Python; Git; ООП; SQL; HTML5";"  Официальное оформление ; Годовая премия в соответствии с правилами премирования сотрудников банка по итогам оценки результативности за год; Добровольное медицинское страхование; Адрес ул. Горького м. Динамо ";767;0.5172413793103449;Backend;1;0;0;0;1;0;0;0;1;0;0;1;0;0;0;1.0;1.0;1.0;1.0;1.0;0.0;0.0;0.0;0.0;0.0;0.0;0.0;0.0;0.0;0.0;0.0;0.0;0.0;0.0;0.0;0.0
21;9;Backend-разработчик;3.0;4.0;Новосибирский Научно-Технический Центр (ННТЦ);2019-12-11T13:38:15+0300;"Новосибирский Научно-Технический Центр (www.nntc.pro) – это одна из тех редких компаний, которые доставляют научные достижения до практического использования. Мы занимаемся и научными разработками и разработками программного обеспечения. Область наших интересов – нефтегазовая отрасль. Период накопления наших знаний и контактов в индустрии – 25 лет. Наши компетенции и опыт сейчас наиболее актуальны в связи с запуском федеральных программ по повышению эффективности предприятий нефтегазовой отрасли за счет нового уровня цифровизации. Задача импортозамещения очень остро стоит в нефтяной индустрии, что дает ННТЦ дополнительный стимул для создания конкурентного программного обеспечения для российских и международных компаний. Мы расширяем свою команду для создания современных веб-приложений. В их основе находится мощный backend-слой, обеспечивающий работу с большими объемами данных, анализ и обработку этих данных, в том числе с использованием инструментов Big Data и Machine Learning. А также современный frontend-уровень для предоставления пользователям удобного пользовательского интерфейса с картами месторождений, инфографикой, dashboard-панелями и другими средствами визуализации сложной информации для быстрого принятия оперативных и управленческих решений. Мы создаем веб-платформу для определенного спектра задач нефтегазовой отрасли. Мы четко осознаем, что универсальных решений не существует, поэтому мы заложили в платформу достаточную универсальность и широкие возможности для расширений. Хотим формировать процессы в команде по принципам Agile, и команда всегда может выбрать свой путь, если он будет эффективным. В каждой команде около 7 человек. У нас также работают UX/UI-дизайнеры и аналитики, и, самое главное, эксперты в нефтегазовой индустрии, что позволяет нам создавать ценные для рынка продукты. Мы всячески поддерживаем желание членов команды исследовать новые технологии для решения бизнес-задач. Сейчас нам требуются и backend- и frontend-специалисты от middle, senior и до архитектора. Ожидаемые знания от кандидатов на вакансию backend-разработчика:  C#/.NET Core от 3-х лет; Entity Framework; ASP.NET и WebApi; Опыт работы с микросервисной архитектурой (REST JSON API) с поставкой в docker; Умение работать в команде и желание строить эффективную команду; Знание Python будет плюсом; Плюсом будет умение/желание развиваться в смежных технологиях, пробовать новое, щупать frontend, интересоваться автотестами, devops-задачами.    Естественно, наши сотрудники:  Получают «белую» зарплату; Имеют права в соответствии с трудовым законодательством; Отдыхают 28 дней в году; Пьют по утрам бесплатный кофе и чай в приятной компании (до 10 человек в кабинете) ; Наслаждаются комфортной обстановкой в удобном современном офисе Технопарка Академгородка; Иногда ездят в командировки развеяться. ";Область наших интересов – нефтегазовая отрасль. Период накопления наших знаний и контактов в индустрии – 25 лет. Наши компетенции и опыт сейчас...;Мы расширяем свою команду для создания современных веб-приложений. В их основе находится мощный backend-слой, обеспечивающий работу с большими...;"Python; Entity Framework; ASP.NET; UI; Adobe Photoshop";;809;0.034482758620689655;Backend;0;1;0;0;0;1;0;0;1;0;0;1;0;0;0;1.0;0.0;0.0;0.0;0.0;0.0;0.0;0.0;0.0;0.0;0.0;0.0;0.0;0.0;0.0;0.0;0.0;0.0;0.0;0.0;1.0
22;30;Разработчик Back-end html5 игр;3.0;5.0;Overmobile;2019-12-10T14:08:12+0300;Зарплата: от 80.000 до 150.000 рублейТребуемый опыт работы: от 3 Полная занятость, гибкий график О нас: Компания Overmobile 12 лет на рынке мобильных и браузерных игр. У нас десятки успешных игр на разных платформах. Мы - небольшая команда в большой компании. Делаем успешные html5 онлайн игры. Ищем талантливого Frontend программиста JS.   Что по технологиям:   Backend: Java     Что вам придётся делать:   Работать с серверными разработчиками     От кандидата:   Опыт программирования на Java от 2-x лет   Опыт работы с NoSQL, например MongoDB   Понимание принципов ООП   Знание основных design patterns (GoF)   Желание разбираться в чужом коде   Опыт работы с системами контроля версий   Будет плюсом:   Опыт работы в Геймдеве   Опыт работы с высоконагруженными проектами. (10к+ игроков могут собраться на ивэнт и поиграть онлайн)   Опыт разработки на C#, Java и других высокоуровневых языка   Условия:   Всё в белую по ТК РФ + бонусы   Компенсация перелёта и проживания сотруднику раз в год дополнительно к отпускным. Можно слетать в тур 1 раз в год бесплатно :)   100% оплата на больничных   Компенсация спорта   Гибкий график, главное результат, а не отработанные часы   Отсутствие бюрократии, отчетов - мы ориентируемся на эффективность   Дружелюбные и профессиональные коллеги   Корпоративы, праздники, выезды   Кофе, плюшки, фрукты за счет компании   Большие премии: По итогам выполненных задач, Новый год и так далее   И самое главное: У зарплаты нет верхней границы. Чем успешней продукт, тем выше зарплата     Ждём от вас:   Резюме на email   Пример вашего кода   До встречи, коллега!;Опыт программирования на Java от 2-x лет. Опыт работы с NoSQL, например MongoDB. Понимание принципов ООП. Знание основных design...;Backend: Java. Работать с серверными <highlighttext>разработчиками</highlighttext>.;"JavaScript; MongoDB; ООП; Java; HTML5";   Всё в белую по ТК РФ + бонусы   Компенсация перелёта и проживания сотруднику раз в год дополнительно к отпускным. Можно слетать в тур 1 раз в год бесплатно :)   100% оплата на больничных   Компенсация спорта   Гибкий график, главное результат, а не отработанные часы   Отсутствие бюрократии, отчетов - мы ориентируемся на эффективность   Дружелюбные и профессиональные коллеги   Корпоративы, праздники, выезды   Кофе, плюшки, фрукты за счет компании   Большие премии: По итогам выполненных задач, Новый год и так далее   И самое главное: У зарплаты нет верхней границы. Чем успешней продукт, тем выше зарплата     Ждём от вас:   Резюме на email   Пример вашего кода   До встречи, коллега!;830;0.06896551724137931;Backend;0;1;0;0;0;1;0;0;1;0;0;1;0;0;0;0.0;0.0;1.0;0.0;1.0;0.0;1.0;0.0;0.0;0.0;0.0;0.0;0.0;0.0;0.0;0.0;0.0;0.0;0.0;0.0;1.0
23;34;Backend (SQL) Разработчик (Академгородок);3.0;4.0;Группа компаний ЦРМ;2019-12-11T13:56:30+0300;"Мы являемся экспертами в области медицины и обеспечиваем поддержку информационно-аналитического поискового ресурса, облегчающего жизнь гос. заказчиков, производителей и поставщиков медицинского оборудования и расходных материалов. В нашу дружную команду требуется разработчик в единственном числе.Задача должности – развитие и поддержка поисковика по базе данных, разработка и внедрение новых алгоритмов интеллектуального поиска. Обязанности:  Развитие и поддержка поисковика по базе данных; Разработка и внедрение новых алгоритмов интеллектуального поиска; Мониторинг состояния сервиса; Техническая поддержка пользователей; Техническая поддержка всех веб-сервисов компании  Требования  Отличные знания SQL, опыт работы с MySQL, PostgreSQL, опыт оптимизации SQL запросов; Опыт разработки на Go желателен (каналы, мьютексы, параллелизм, XML и ZIP); Опыт администрирования веб-серверов; Опыт самостоятельного ведения проектов; Опыт работы с большим количеством не классифицированных данных и документов; Отличное знание принципов оптимизации высоконагруженных приложений; Плюсами будет:  PostgreSQL на уровне администрирования Знание протокола http Опыт работы с *nix системами (debian) Опыт работы с Apache Опыт работы со Sphinx Опыт работы с ReactJS Опыт работы с GIT Опыт работы с Python – Flask Опыт работы с распределенными сервисами    Условия  Интересные и сложные задачи; Комфортный офис в Академгородке с полноценной кухней; Официальное трудоустройство; Дружный и веселый коллектив; ";Отличные знания SQL, опыт работы с MySQL, PostgreSQL, опыт оптимизации SQL запросов. Опыт разработки на Go желателен (каналы, мьютексы, параллелизм...;Развитие и поддержка поисковика по базе данных. Разработка и внедрение новых алгоритмов интеллектуального поиска. Мониторинг состояния сервиса. Техническая поддержка пользователей. ;"Python; Git; ООП; SQL; HTML5";;834;0.034482758620689655;Backend;0;1;0;0;0;1;0;0;1;0;0;1;0;0;0;1.0;1.0;1.0;1.0;1.0;0.0;0.0;0.0;0.0;0.0;0.0;0.0;0.0;0.0;0.0;0.0;0.0;0.0;0.0;0.0;0.0
24;2;Backend разработчик;3.0;3.0;ГисАвто;2019-12-12T06:51:11+0300;"Наша компания является одним из лидеров на рынке облачных решений, предлагает своим клиентам доступ к широкому спектру сервисов по автомобильной тематике, включая средства навигации, коммуникации, поиска, отзывов, размещения и хранения разного рода информации. В нашу динамично растущую команду нужен Backend-разработчик для работы в офисе или удаленно над масштабным проектом, направленным на Россию, Ближнее зарубежье, Европу и Китай. Наши пожелания к будущему коллеге:   Знание паттернов и анти-паттернов;   Опыт командной работы (git + git flow, code review, scrum);   Приветствуется опыт работы с языком GO, php и/или js, а также GraphQL, GRPC;   Умение писать юнит-тесты и функциональные тесты;   Понимание принципов ООП, SOLID, ACID, MVC;   Опыт работы с микросервисной и макросервисной архитектурами будут полезны;   Приветствуется опыт мониторинга и оптимизации SQL-запросов.   Стек технологий на проекте:   GRPC;   Nginx;   OpenVPN;   ElasticSearch;   Rancher;   Docker (+Registry);   Кластер Kubernetes (переходим на него в настоящий момент);   CI/CD (Jenkins, GitLab);   Ansible;   PostgreSQL;   MySQL (в исполнении Percona);   ClickHouse;   Redis;   RabbitMQ.   Мы предлагаем комфортные условия для работы:  Достойный уровень заработной платы (обсуждается индивидуально) и своевременность ее выплаты два раза в месяц; Профессиональное развитие в позитивном коллективе; Возможность гибкого графика или работы удаленно; Наличие уютного кофе-поинта на территории офиса; Оборудованное комфортное рабочее место; Интересные задачи на высоконагруженном проекте с продвинутыми технологиями; Сильная команда разработчиков, имеется служба devops, лояльное руководство; Комфортный офис в 5-минутах ходьбы от метро Заельцовская (площадь Калинина).  Ждем Ваше резюме откликом на вакансию! Если у Вас недостаточно знаний или опыта, но есть желание развиваться в сфере информационных технологий, то мы будем рады рассмотреть резюме целеустремленного кандидата.   ";Знание паттернов и анти-паттернов. Опыт командной работы (git + git flow, code review, scrum). Приветствуется опыт работы с языком...;Docker (+Registry). CI/CD (Jenkins, GitLab).;"Python; Git; ООП; SQL; HTML5";;902;0.0;Backend;0;1;0;0;1;0;0;1;0;0;0;1;0;0;0;1.0;1.0;1.0;1.0;1.0;0.0;0.0;0.0;0.0;0.0;0.0;0.0;0.0;0.0;0.0;0.0;0.0;0.0;0.0;0.0;0.0
25;38;TeamLead / Senior backend developer;3.0;4.0;N1.RU;2019-12-12T07:20:34+0300;"Привет! Это N1.RU — федеральный сервис для поиска жилой и коммерческой недвижимости. Мы помогаем покупать и снимать жилье по всей России. У нас 2 млн уникальных посетителей в месяц, и мы растём дальше. Проект высоконагруженный, фронтенд на Node.js, Vue.js, бэкенд на PHP и Go. Мы работаем по Scrum, используем RabbitMQ, ElasticSearch, MongoDB и собственный GUI для разработки интерфейсов.RD насчитывает порядка 60 высококлассных инженеров, дизайнеров, аналитиков и т.д., работающих в небольших кроссфункциональных командах. Мы ищем TeamLead’а, который будет принимать участие в поддержании и развитие процессов, развивать свою небольшую команду и писать код наравне с ней. Мы ожидаем, что вы:  умеете и хотите управлять людьми и процессом разработки; имеете хороший опыт разработки backendа (PHP или GO); имеете понимание принципов разработки, дизайна приложений и архитектуры; умеете решать проблемы бизнеса, как через код так и без кода; способны и хотите планировать техническое развитие проекта; на «ты» с гибкими методологиями разработки.  Об условиях:  мы работаем в комфортном офисе в центре Новосибирска с видом на театр Оперы и Балета; любим сноубординг, велопрогулки (и вообще спорт), а ещё любим развиваться; например, ежегодно посещаем лучшие IT-конференции, ведём внутренний проект обмена знаниями «Умные пятницы», развиваем IT и Agile-сообщества Новосибирска (DEVNSK и AgileNSK); утром собираемся в уютной кофейне за завтраком и кофе, а летом угощаемся фруктами на веранде; а ещё у нас есть ДМС и корпоративный абонемент в фитнес-клубы; официальное трудоустройство, белая заработная плата, полный соцпакет. ";"Имеете хороший опыт разработки backend&#39;а (PHP или GO). Имеете понимание принципов разработки, дизайна приложений и архитектуры.";;"Python; Git; ООП; SQL; HTML5";;938;0.0;Backend;0;1;0;0;1;0;0;0;1;0;0;1;0;0;0;1.0;1.0;1.0;1.0;1.0;0.0;0.0;0.0;0.0;0.0;0.0;0.0;0.0;0.0;0.0;0.0;0.0;0.0;0.0;0.0;0.0
26;52;Senior backend разработчик / Team Lead разработки платформы DMP (Big Data);3.0;4.0;Билайн;2019-12-11T09:00:48+0300;"Наша команда Digital разрабатывает и внедряет в жизнь самые актуальные и современные технологии. Вместе мы не только создаем digital-будущее Телекома, но и используем инновационные инструменты в своих проектах, работая по Scrum в дистанционных командах. Если ты готов решать по-настоящему сложные задачи, которые, возможно, до тебя не решал никто, обладаешь аналитическими способностями, если тебя не пугают масштабные проекты и профессиональные вызовы – присоединяйся! Билайн признан работодателем №1 в телеком-отрасли России. И сейчас у тебя есть возможность присоединиться к лучшей команде в качестве Team Lead.   Итак, тебе предстоит: Развитие платформы по работе с большими данными DMP (Data Management Platform). Задачи: · Выбор технологий для реализации сервисов; · Проектирование высоконагруженных сервисов; · Декомпозиция задач, постановка задач разработчикам, контроль сроков и качества выполнения задач. Особенности работы · Большое количество разнородных сервисов (NiFi, Scala, Java) с HBase, Hadoop, Spark, MapReduce + RestAPI.   Мы будем рады рассмотреть твою кандидатуру, если у тебя есть: · Опыт промышленной разработки на Java от 5 лет; · Уверенное знание Java Core (коллекции, многопоточность), Stream API; · Опыт работы с реляционными СУБД (Oracle, PostgreSQL) и NO-SQL хранилищами(Hbase, Redis, Ignite); · Опыт работы с очередями сообщений (Kafka, ZeroMQ, Rabbit); · Опыт создания высоконагруженных систем с обработкой большого количества данных (Spark, Hadoop, MapReduce); · Желательно знакомство со Scala, Python; · Желательно знакомство со средствами логирования, мониторинга и визуализации обработки больших данных (Splunk, Grafana, QlickSense); · Опыт планирования командной работы (постановка задач, планирование итераций); · Опыт отслеживания командной работы (системы контроля версий, баг-трекеры, CI/CD инструменты).   Что мы предлагаем: · Непосредственное участие в разработке уникальных продуктов; · Работа в современной гибкой среде, где есть возможность самостоятельно принимать решения; · Дружеская открытая атмосфера, где приветствуется инициативность и поощряется нестандартный подход; · Развитие через новые и сложные задачи; · Постоянное саморазвитие и обучение; · Beefree - гибкий рабочий график и возможность работать удаленно – планируй свое время сам; · Полис добровольного медицинского страхования, обслуживаемый в лучших клиниках города; · Cлужебную сотовую связь.   В Билайн мы развиваем и поддерживаем здоровую и безопасную рабочую среду. Каждый сотрудник соблюдает Кодекс поведения, внутренние правила компании и придерживается принципов деловой этики. Мы поступаем честно и этично как по отношению к друг другу, так и к нашим внешним партнерам.";Особенности работы. Опыт промышленной разработки на Java от 5 лет. Уверенное знание Java Core (коллекции, многопоточность), Stream API. ;Проектирование высоконагруженных сервисов. Декомпозиция задач, постановка задач <highlighttext>разработчикам</highlighttext>, контроль сроков и качества выполнения задач. Желательно знакомство со средствами логирования, мониторинга...;"Python; Java; SQL; SCALA";;952;0.034482758620689655;Backend;0;1;0;0;0;1;0;1;0;0;0;1;0;0;0;1.0;0.0;0.0;1.0;0.0;0.0;1.0;0.0;0.0;0.0;0.0;0.0;0.0;0.0;0.0;0.0;0.0;0.0;0.0;0.0;1.0
27;76;Senior Java Backend Developer;3.0;5.0;Креатик Софт;2019-12-12T05:25:54+0300;Мы разрабатываем сервис такси и доставки со встроенным каталогом товаров для зарубежного заказчика. Иначе говоря, скрещиваем Uber и Amazon.Сервис запущен для широкой аудитории и начал приносить доход. В развитии системы участвуют несколько команд. Наша кроссфункциональная команда занимается ядром продукта, разрабатывая основную логику, API и UI-фреймворк для реализации в приложениях и веб-порталах. Зачем тебе к нам?   Изучать и получать опыт при использовании современного стека технологий.   Возможность решать объемные и нестандартные задачи в рамках одного продукта (переключений между несколькими проектами нет).   Накапливать опыт разработки сложных высоконагруженных многопоточных систем.   Накапливать опыт взаимодействия с распределенными международными командами.   Повышать уровень английского (постоянная практика + оплачиваемое обучение в офисе).   Что нужно делать:   Поддерживать работоспособность системы.   Предлагать новые архитектурные и технические решения, участвовать в обсуждении новых функций и технологий для их реализации.   Обсуждать и верифицировать свои решения с архитектором.   Предлагать архитектурные изменения, положительно влияющие на производительность системы и сложность кода.   Разрабатывать и расширять возможности продукта, используемого в работе Web и мобильных приложений.   Помогать коллегам принимать правильные технические решения.   Улучшать качество кода и работы команды.   С кем работать:   Backend разработчики.   Frontend разработчики.   Аналитики.   Менеджер проекта.   Иногда, продакт-менеджер.   Что входит в продукт:   3 веб-портала, несколько сайтов.   2 мобильных приложения под iOS и Android.   ERP система.   Создается система анализа данных.   Что мы ждем от тебя?  Опыта и интересна к написанию Backend для сложных многопоточных нагруженных систем.  Желания быть наставником младших коллег в архитектурном и техническом плане.   Коммуникабельности и умения объяснять.   Активности, вовлеченности, терпения.   Ответственности.   Английского уровня Intermediate и выше.   Какую “боль” мы закрываем этой вакансией? Хотим заменить ушедшего в другой проект Senior/техлида и сделать команду более эффективной. Мы ищем человека, который сможет вдохнуть новые силы в команду, запустить процесс решения архитектурных проблем и увеличить количество решаемых бизнес-задач. Технические знания которые нужны будут в первую очередь   Опыт командной работы, способность конструктивно обсуждать технические решения, выслушивать коллег и предлагать свои идеи, участвовать в декомпозиции и оценке задач.   Знание:   алгоритмов, структур данных и шаблонов проектирования.   архитектурных шаблонов, принципов построения, обеспечения отказоустойчивости и поддержки распределенных высоконагруженных систем.   облачных технологий и технологий контейнеризации.     Опыт работы с:   построением мониторинга систем.   RESTful API.   MQ.   Spring/SpringBoot/SpringCloud.   СУБД (Postgres), ORM Hibernate.   Опыт обеспечения качества кода (JUnit, Mockito, AssertJ, SpringBootTest...).   Опыт построения CI/CD.   Git.   Linux.     Условия: У нас все официально и вся зарплата “в белую”. Есть два офиса - главный находится в Академгородке, офис поменьше - на Речном вокзале. После прохождения испытательного срока ты сможешь выбрать, где тебе удобнее работать. Чтобы легче общаться с нашими иностранными коллегами, у нас есть курсы английского языка за счет компании прямо в офисе. Также наши ребята ездят в командировки в Европу, Китай и США. Остались сомнения или вопросы? Пиши на почту нашему HR Ольге или приходи к нам на собеседование и узнай все из первых уст.;Изучать и получать опыт при использовании современного стека технологий. Накапливать опыт разработки сложных высоконагруженных многопоточных систем. Накапливать опыт взаимодействия с...;Улучшать качество кода и работы команды. С кем работать: Backend <highlighttext>разработчики</highlighttext>. Frontend <highlighttext>разработчики</highlighttext>. Аналитики. Что входит в продукт: 3 веб...;"Java; REST API; MQ; Spring Framework; Hibernate ORM; Git; Linux"; У нас все официально и вся зарплата “в белую”. Есть два офиса - главный находится в Академгородке, офис поменьше - на Речном вокзале. После прохождения испытательного срока ты сможешь выбрать, где тебе удобнее работать. Чтобы легче общаться с нашими иностранными коллегами, у нас есть курсы английского языка за счет компании прямо в офисе. Также наши ребята ездят в командировки в Европу, Китай и США. Остались сомнения или вопросы? Пиши на почту нашему HR Ольге или приходи к нам на собеседование и узнай все из первых уст.;976;0.0;Backend;0;1;0;0;0;1;0;0;1;0;0;1;0;0;0;0.0;1.0;0.0;0.0;0.0;0.0;0.0;1.0;0.0;0.0;0.0;0.0;0.0;0.0;0.0;0.0;0.0;0.0;0.0;0.0;1.0
28;93;Backend-разработчик;3.0;4.0;Обновление, ПФК;2019-12-11T08:54:29+0300;"Привет, друг! Задержись на нашем любопытном предложении :) Производственная фармацевтическая компания Обновление (торговая марка RENEWAL) приглашает на позицию Инженера-программиста. Вакансия открыта в связи с расширением производства. RENEWAL- крупная, динамично развивающаяся российская компания по производству лекарственных препаратов, которая входит в ТОП -10 российских фармацевтических производителей. Широкий портфель препаратов позволяет поддерживать здоровье населения нашей страны, применяя современные подходы и новейшие разработки в производстве. Наша миссия - Делать для других то, чего желали бы для себя! RENEWAL – это более 2000 профессионалов, идущих в одном направлении! Мы искренне считаем, что наши сотрудники – это самая важная составляющая успеха компании. Единый взгляд на будущее и слаженная работа являются основой, как для долгосрочного развития компании, так и для личного роста каждого члена команды. Именно поэтому мы стремимся развивать и удерживать самый ценный актив – наших специалистов. Мы заинтересованы в поиске и привлечении целеустремленных, инициативных, энергичных и творческих людей, умеющих работать в команде, готовых к совершенствованию профессиональных знаний и опыта.   Основные направления: - решение задач по доработке существующей и разработке новой функциональности CRM - системы - возможен некоторый процент участия во frontend-разработке на данный момент   От тебя мы ждем: - уверенное пользование Linux (на рабочих местах Ubuntu ) - уверенное пользование Docker ( используется для рабочего окружения в проекте) - понимание и активное использование принципов OOП, SOLID, паттернов проектирования - желательно знание Simfony - желательно опыт разработки API и напсиания тестов - ответственность, дисциплинированность, желание развиваться - открытость к получению новых знаний. За твой опыт мы тебе предлагаем: - официальное трудоустройство, полный соц. пакет - светлый, уютный, современный офис - кофемашина - даже тренажер есть ;) - график работы 5/2 (время по договоренности); - заработная плата по договоренности; - корпоративная столовая со скидочной системой для сотрудников; - охраняемая парковка; - медицинская комиссия за счет компании; - место работы: ул. Станционная,80Б   Интересно? тогда делай всего лишь 2 действия: 1) откликайся на вакансию 2) жди звонка :) ";Мы заинтересованы в поиске и привлечении целеустремленных, инициативных, энергичных и творческих людей, умеющих работать в команде, готовых к совершенствованию профессиональных...;решение задач по доработке существующей и разработке новой функциональности CRM - системы. - возможен некоторый процент участия во frontend-разработке на данный...;"Python; Git; ООП; SQL; HTML5";;993;0.034482758620689655;Backend;0;1;0;0;1;0;0;0;1;0;0;1;0;0;0;1.0;1.0;1.0;1.0;1.0;0.0;0.0;0.0;0.0;0.0;0.0;0.0;0.0;0.0;0.0;0.0;0.0;0.0;0.0;0.0;0.0
29;12;Backend Java Developer (middle/senior);3.0;5.0;Креатик Софт;2019-12-12T05:26:03+0300;"Привет! Мы — компания CreaticSoft, нас около 90 человек, которые делятся на два основных направления разработки. Это проекты на тысячи человеко-часов, которые развиваются уже в течение нескольких лет. Наши партнёры активно поддерживают развитие продуктов и методично наполняют бэклог новыми фичами и заявками на изменения, поэтому мы постоянно наращиваем мощности для стабильной, чёткой и быстрой доставки новых версий систем. Для усиления наших команд мы ищем Java backend-разработчика уровня middle/senior. Мы в IT с 2003 года. Наши проекты:  Центральная часть платформы Tradeshift — e-commerce “соцсети”, которая соединяет корпоративных покупателей и поставщиков, автоматизирует их взаимоотношения. Смесь Amazon и Uber для Middle East — каталог местных бизнесов с их товарами и сервис их доставки, а заодно и такси. ProductLAB — внутреннее RD-направление по созданию конвейера новых IT-продуктов.  О технологиях:   Бэкенд — Java.   Фронтенд — AngularJS, Node.js, React.   БД — PostgreSQL.   Облака — AWS, Kubernetes, Docker.   Что мы предлагаем:   Работу в стабильной компании — мы много лет на рынке и сотрудничаем с нашими партнёрами по долгосрочным контрактам. Мы — центр технической компетенции и разработки продуктов, наши коллеги доверяют нам, а мы заинтересованы развивать наши общие истории.   Демократичный стиль управления. У нас практически горизонтальная структура, наши собственники всегда в курсе всех дел и в беде не бросят, а наши менеджеры — строгие, но справедливые, и к ним всегда можно обратиться за советом и поддержкой.   Нескучные задачи. В силу специфики и размера продуктов, каждый сможет по договорённости взяться за интересную ему часть проекта. А если захочется челлендж — то в бэклоге всегда найдётся зубодробительная сложная задача, на которой можно прокачать и опробовать свои скиллы.   Профессионализм. Мы тщательно подходим к отбору сотрудников и вкладываемся в профессиональный рост каждого человека. В итоге мы собрали в одном месте коллектив эрудированных людей и профессионалов в своем деле, у которых есть чему научиться.     Общие требования:   Опыт коммерческой разработки на Java от 3-х лет.   Опыт и интерес в разработке многопоточных, высоконагруженных систем.   Владение разговорным английским языком на уровне intemediate+, чтобы уверенно участвовать в технических обсуждениях.   В твои обязанности будет входить разработка новой функциональности (новые фичи и CRы), поддержка работоспособности системы (саппортные таски), участие в обсуждении новой функциональности и использования технологий.   Необходимый технический опыт:   J2EE, Spring, Apache Commons.   Tomcat, Jetty.   REST, SOAP, Ajax.   Опыт работы с сервисами безопасности — например, OAuth, OpenId, SSO/SAML, WS-Security, PKI.   Реляционные СУБД (Postgres), а также Elasticsearch;   Системы контроля версиями (Git) и Pull Request в Github;   Опыт работы в *nix операционных системах.   Плюсом будет опыт в:  Построение систем в EventSource, СQRS, SСS. AWS, Docker.  MQ (JMS, Artemis).   HTML/HTML5/CSS.   Grails, PHP, Ruby on Rails, Django, Struts.   Преобразование данных XML, XSLT, XPath JSON.   Практический опыт с системами:   автоматической сборки и непрерывной интеграции приложений (Maven, Jenkins);   автоматического тестирования (Mockito, Geb или Spock, Selenium, Selenium Wedriver, Thucydides).     Опыт разработки и использования BI решений (data warehouse, high performance storage, analytics, streaming data processing, ML).   Опыт работы с нереляционными БД.   Опыт проектирования сложных REST API.   Условия: У нас все официально и вся зарплата “в белую”. Наши офисы — в Технопарке, на Речном вокзале и в Словении. Главный офис находится в Академгородке, офис поменьше — на Речном вокзале. После прохождения испытательного срока ты сможешь выбрать, где тебе удобнее работать. Также каждый сотрудник может провести в Словении до 2 месяцев в году, с компенсацией затрат на проживание. По договорённости возможна релокация. Синхронизируем работу над бэклогом с коллегами из Дании, Румынии, Китая и США. Иногда ездим друг к другу в гости в командировки. Чтобы легче общаться с нашими иностранными коллегами, у нас есть курсы английского языка за счет компании прямо в офисе. Каждую пятницу мы проводим технические митапы в офисе — делимся опытом, разбираем интересные кейсы, обсуждаем успехи и факапы. Если твоя душа лежит к участию в разработке больших enterprise-решений и перечисленные выше технологии тебе знакомы не понаслышке, то мы ждём тебя на знакомство :) Пиши нашей HR Оле на почту или звони — она расскажет куда и когда приходить.  "; У нас все официально и вся зарплата “в белую”. Наши офисы — в Технопарке, на Речном вокзале и в Словении. Главный офис находится в Академгородке, офис поменьше — на Речном вокзале. После прохождения испытательного срока ты сможешь выбрать, где тебе удобнее работать. Также каждый сотрудник может провести в Словении до 2 месяцев в году, с компенсацией затрат на проживание. По договорённости возможна релокация. Синхронизируем работу над бэклогом с коллегами из Дании, Румынии, Китая и США. Иногда ездим друг к другу в гости в командировки. Чтобы легче общаться с нашими иностранными коллегами, у нас есть курсы английского языка за счет компании прямо в офисе. Каждую пятницу мы проводим технические митапы в офисе — делимся опытом, разбираем интересные кейсы, обсуждаем успехи и факапы. Если твоя душа лежит к участию в разработке больших enterprise-решений и перечисленные выше технологии тебе знакомы не понаслышке, то мы ждём тебя на знакомство :) Пиши нашей HR Оле на почту или звони — она расскажет куда и когда приходить.  ;Опыт коммерческой разработки на Java от 3-х лет. Опыт и интерес в разработке многопоточных, высоконагруженных систем. Владение разговорным английским...;Центральная часть платформы Tradeshift — e-commerce “соцсети”, которая соединяет корпоративных покупателей и поставщиков, автоматизирует их взаимоотношения. Смесь Amazon и Uber...;"Java; Spring Framework; Apache Tomcat; REST; SOAP; PostgreSQL; Git; HTML; Scrum; Apache Maven";1012;0.0;Backend;0;1;0;0;0;0;1;0;1;0;0;1;0;0;0;0.0;0.0;0.0;0.0;0.0;0.0;0.0;0.0;0.0;0.0;0.0;0.0;0.0;0.0;0.0;0.0;0.0;0.0;0.0;0.0;1.0
30;52;Backend-разработчик;3.0;4.0;Drom;2019-12-10T06:48:52+0300;"Drom.ru — это автомобильный интернет-портал федерального уровня. Ежедневно сайт посещает более 3 миллионов пользователей. Нам 20 лет, и мы продолжаем активно расти. В связи с расширением штата ищем backend-разработчика. Чем будем заниматься:- разрабатывать новые и поддерживать существующие сервисы;- оптимизировать код под постоянно растущие нагрузки;- участвовать в кодревью команды;- обсуждать новые фичи и требования, участвовать в процессе их реализации и внедрения;- взаимодействовать с нашими командами продуктовой разработки (Владивосток, Томск, Новосибирск);- осваивать новые технологи, решать интересные и сложные задачи в ведущей IT-компании Дальнего Востока по разработке highload web-проектов. Что нужно знать и уметь:- PHP;- ООП и SOLID-принципы;- оценивать сроки на разработку;- работать в команде;- проектировать реляционные базы данных. Кто мы?Мы работаем над интересными и уникальными проектами. Используем Scrum и Kanban. Постоянно учимся новому, обмениваемся опытом, помогаем друг другу в реализации задач. Мы работаем в БЦ Новая высота (10 минут до метро). У нас есть уютная офисная кухня, на которой всегда есть кофе и полный холодильник; турники, спортивная стенка, кресло-мешки и многое другое. Мы носим кроксы, шорты и прочий нерегламентированный дресс-код. Мы ездим на конференции, смотрим в офисе вебинары на большом мониторе, покупаем всю нужную литературу. Тебя ждет:- полностью официальная зарплата, оформление по ТК РФ с первого дня работы, гибкий график и плавающее начало дня (с 8 до 10 утра);- уровень дохода, достойный твоей квалификации, определится по результатам собеседования и будет периодически расти. Напиши нам о себе. Присылай резюме, даже если ты не уверен в своих силах, мы готовы рассмотреть вариант обучения разработчиков без опыта, но с сильной теоретической базой и желанием работать в данном направлении. Нет резюме? Не страшно! Можно просто откликнуться на нашу вакансию, направить ссылки на профили в GitHub, StackOverflow, Хабр. Будем рады пообщаться!  ";;Что нужно знать и уметь: - PHP. - ООП и SOLID-принципы.;разрабатывать новые и поддерживать существующие сервисы. - участвовать в кодревью команды. - обсуждать новые фичи и требования, участвовать в процессе их реализации...;"PHP; ООП; MS SQL; Веб-программирование";1052;0.06896551724137931;Backend;0;1;0;0;1;0;0;0;1;0;0;1;0;0;0;0.0;0.0;0.0;0.0;0.0;0.0;0.0;0.0;0.0;0.0;0.0;0.0;0.0;0.0;0.0;0.0;0.0;0.0;0.0;0.0;1.0
31;60;Linux backend developer;3.0;5.0;Plesk;2019-12-11T12:23:25+0300;О команде: Команда Plesk for Linux состоит из 5 разработчиков, территориально находится в офисе Plesk в Академгородке. В рамках проекта новый сотрудник примет участие в разработке, сборке и доставке ПО по управлению серверами на базе ОС Linux (в контексте конфигурирования и управления различными сервисами (Web, FTP, Mail, DNS)). Задачи:   Написание и модификация существующего кода на C/C++/Python/Bash по интеграции Linux-сервисами, Сборка, и выпуск продукта в виде rpm/deb пакетов, облачных образов (AWS, Azure, Gcloud, Aliyun). Консультации отдела технической поддержки, диагностика и решение проблем, с которыми не справляется отдел технической поддержки  Ключевые технологии проекта: Linux, C/C++, bash, python, Git, Nginx, Apache Требования: Иметь практический опыт:  2+ года разработки системного ПО под Linux на C/C++ (STL, Boost), python. Базовые навыки администрирования и средств разработки Linux систем Навыки командной работы (svn/git, code review, issue tracker)  Знать в теории:  Понимание работы протоколов сетевого и прикладного уровня: TCP/IP, HTTP/HTTPS, SMTP, IMAP/POP3, DNS Понимание работы системы Linux, и окружения, сервисов, систем инициализации (sysvinit, systemd)  Желательно:  Практические навыки системного администратора Linux, умение конфигурировать и исправлять проблемы в работе Apache, Nginx, MySQL, Postfix, Dovecot, MySQL Знание СУБД: MySQL, SQLite Знание PHP, SQL  Что еще понравится вам:  Возможность работать с продуктами, используемыми крупнейшими сервис-провайдерами и телекоммуникационными компаниями    Дружный сплоченный коллектив профессионалов своего дела   Конкурентная заработная плата, готовы на выше рынка и индивидуальное обсуждение   Обучение, повышение квалификации и обмен опытом на митапах и конференциях, в том числе зарубежных   Благоустроенные офисы в Центральном районе Новосибирска и Академгородке   Расширенная программа ДМС и корпоративный врач в офисе   Бесплатные курсы английского языка   Корпоративные мероприятия   Теплая подземная парковка   Настольный теннис, кикер, турник и душевая кабина в офисе   Бассейн и своя команда по мини-футболу   Бесплатный чай, йогурты, фрукты, печенье и хороший кофе в ассортименте   Кандидатам из других городов, в случае переезда, мы выплачиваем бонус в размере до 2-х окладов;;2+ года разработки системного ПО под Linux на C/C++ (STL, Boost), python. Базовые навыки администрирования и средств разработки...;Написание и модификация существующего кода на C/C++/Python/Bash по интеграции Linux-сервисами. Сборка, и выпуск продукта в виде...;"Linux; C/C++; Python";1060;0.034482758620689655;Backend;0;1;0;0;1;0;0;0;1;0;0;1;0;0;0;0.0;0.0;0.0;0.0;0.0;0.0;0.0;0.0;0.0;0.0;0.0;0.0;0.0;0.0;0.0;0.0;0.0;0.0;0.0;0.0;1.0
32;0;Backend developer;3.0;4.0;МобайлДевелопмент (IceRock Development);2019-12-10T06:40:51+0300;"IceRock Development разрабатывает мобильные и Web приложения. Компания обладает обширной географией проектов (Россия, USA, Европа и т.д.), а наш подход к работе дает большой простор для осуществления сложных архитектурных решений. На текущий момент мы в поиске Backend developer-a к нам в компанию для работы удаленно. Чем ты будешь заниматься в нашей команде:   Разрабатывать новые, а также поддерживать существующие web-приложения и интернет-проекты для Российских и международных заказчиков;   Что мы хотим видеть у тебя:   Отличное знание PHP;   Знание и умение применять ООП, принципы проектирования;   Знание SQL и опыт работы с MySQL, Postgres;   Опыт написания, оптимизации и тестирования кода;   Опыт работы с системами контроля версий (Git);   Умение писать понятный, документированный код;   Умение придерживаться стиля в коде.   Будет плюсом:   Опыт работы с HTML5/JS;   Опыт разработки не только на PHP-платформе (Python, Node.js etc.);   Опыт работы с REST API;   Опыт работы с Java/Kotlin;   Знакомство с современными NoSQL решениями (Redis, MongoDB, Memcached, etc);   Опыт работы с Docker, понимание принципов контейнеризации;   Опыт работы согласно концепции СI/CD.   Возможности вместе с нами:  Работа на интересных проектах с профессиональной командой; Полная занятость по индивидуальному графику из любого города; Получать достойную заработную плату.  Если вы ищете удаленную работу и готовы пройти техническое интервью - ждем ваш отклик.";Отличное знание PHP. Знание и умение применять ООП, принципы проектирования. Знание SQL и опыт работы с MySQL, Postgres. ;Разрабатывать новые, а также поддерживать существующие web-приложения и интернет-проекты для Российских и международных заказчиков.;"PHP; yii2";;1100;0.06896551724137931;Backend;0;1;0;0;1;0;0;0;0;0;1;1;0;0;0;0.0;0.0;0.0;0.0;0.0;0.0;0.0;0.0;0.0;0.0;0.0;0.0;0.0;0.0;0.0;0.0;0.0;0.0;0.0;0.0;1.0
33;34;Backend-разработчик под Linux;3.0;4.0;2ГИС;2019-12-09T06:23:30+0300;Компания 2ГИС приглашает разработчика серверных приложений для работы над высоконагруженными бэкендами. В их число входят: CDN (доставка обновлений 20+ миллионам пользователей мобильных приложений), транспорт различного рода сообщений (статистика и не только) и другие интересные проекты. Чем предстоит заниматься:  Проектировать серверные системы, функционирующие 24×7, с заданными требованиями по производительности и времени отклика Выбирать инструменты и технологии для их реализации Разрабатывать, поддерживать и развивать эти бэкенды Обеспечивать удобный деплоймент и тестируемость разработанных решений.  Мы ждем от тебя:  Отличные знания и опыт программирования на статически типизированном языке, таком как С++, Scala или Go Знание Python, плюсом будет опыт работы с mypy Понимание принципов ООП, умение применять эти принципы на практике Использование здравого смысла в разработке программ Опыт разработки под Linux, понимание Unix-way Опыт коммерческой разработки от года.  Немного об RD 2ГИС: В Новосибирске у нас два больших офиса: в Технопарке и в Сан Сити. Ты будешь работать в Технопарке. У нас нет дресс-кода и строгого графика. Кто-то приходит в 9, кто-то в 10, а кто-то, когда удобно ему и команде. Главное — выполнять задачи в срок и быть на связи с коллегами.Мы используем современные технологии и любим о них говорить. Пишем статьи, выступаем на конференциях и сами их организуем.Заработную плату готовы обсуждать индивидуально.  ;Отличные знания и опыт программирования на статически типизированном языке, таком как С++, Scala или Go. Знание Python, плюсом будет опыт...;Разрабатывать, поддерживать и развивать эти бэкенды. Обеспечивать удобный деплоймент и тестируемость разработанных решений.;"Python; Linux; ООП; Git; C++";;1134;0.10344827586206896;Backend;0;1;0;0;1;0;0;0;1;0;0;1;0;0;0;1.0;1.0;1.0;0.0;0.0;0.0;0.0;1.0;0.0;0.0;0.0;0.0;0.0;0.0;0.0;0.0;0.0;0.0;0.0;0.0;1.0
34;63;Backend developer (Go);3.0;4.0;Integral;2019-12-09T10:15:02+0300;"Наша компания является одной из первых в России, основным направлением которой является разработка решений на основе блокчейн-технологий: - разработка программной архитектуры децентрализованных приложений/платформ/сервисов; - создание новых и уникальных блокчейн-платформ (в том числе участие в open-source проектах); - разработка полного цикла децентрализованных решений, включая сопутствующие программные продукты, которые входят в экосистему децентрализованного решения (Frontend - мобильные и веб-приложения, Backend - middleware, многоуровневые сервисы, модули интеграции, cross-chain сервисы, etc). Чего мы ждем:    Опыт разработки серверных приложений от 3х лет; Опыт коммерческой разработки на Golang не менее 1 года; Опыт разработки на других языках программирования будет являться плюсом; Уверенное знание Linux и Docker; Опыт работы с SQL, NoSQL и Embedded базами; Желание и опыт написания unit и integration тестов; Знание базовых алгоритмов, структур данных и паттернов проектирования; Опыт работы с очередями сообщений; Опыт работы с микросервисами; Опыт работы с git (и понимание как он работает); Умение писать понятный код; Умение работать в команде; Умение не только спокойно воспринимать критику, но и отстаивать свою точку зрения; Всегда быть на острие технологий, следить за трендами разработки и применять их;    Что мы предлагаем:    Официальное трудоустройство, соблюдение ТК РФ; 100% белая заработная плата; Работа в команде профессионалов; Просторный, новый, современный офис в самом центре Новосибирска (БЦ Айсберг); Чай‚ кофе для поддержания хорошего настроения ";Опыт разработки серверных приложений от 3х лет. Опыт коммерческой разработки на Golang не менее 1 года. Опыт разработки на...;разработка программной архитектуры децентрализованных приложений/платформ/сервисов. - создание новых и уникальных блокчейн-платформ (в том числе участие в open-source...;"Golang; REST; Databases; Network protocols; Microservices; Blockchain; Git";;1163;0.10344827586206896;Backend;0;1;0;0;1;0;0;0;0;0;1;1;0;0;0;0.0;1.0;0.0;0.0;0.0;1.0;0.0;0.0;0.0;0.0;0.0;0.0;0.0;0.0;0.0;0.0;0.0;0.0;0.0;0.0;1.0
35;80;Backend Java Developer/Java разработчик;3.0;4.0;РобоФинанс;2019-12-09T09:31:12+0300;"Крупная международная IT компания ООО «РобоФинанс» - разработчик fintech-продуктов, решений и технологий международного сервиса онлайн-кредитования и частных инвестиций, приглашает в свою команду Backend Java Developer / Java разработчик. Компании нашей группы запущены и успешно работают в 8 странах мира (Россия, Казахстан, Испания, Латвия, Филиппины, Индонезия, Вьетнам, Индия). Мы постоянно расширяем географию нашего присутствия, выходим на новые рынки, ставим перед собой новые амбициозные задачи. Почему к нам? Высоконагруженный сервис - более 7 000 000 посещений сайтов ежемесячно.Используем современный стек технологий. Задачи:  Разработка функционала биллинга в масштабах крупной организации; Участие в выборе стека технологий; Проектирование микросервисной архитектуры; Разработка API для интеграции с существующими системами.  Наши ожидания от кандидата:  Опыт разработки Java SE 1 - 3 года; Знание Spring Framework; Знание ООП, шаблонов проектирования и умение их применять; Хорошие знания теории реляционных баз данных и опыт написания сложных запросов SQL; Опыт использования jdbc или какого-либо из фреймворков JPA; Опыт работы с системами контроля версий; Знание систем сборки Maven/gradle; Опыт разработки REST API; Знание английского языка на уровне чтения технической документации.  Будет плюсом  Опыт работы с компонентами Java EE; Опыт работы с MessageBroker системами - Kafka/rabbitMQ; Опыт работы с Jetty/Glassfish/Tomcat или любыми другими сервлет контейнерами; опыт использования Spring Framework/Akka HTTP; Опыт работы с высоконагруженными системами; Опыт CI/CD; Опыт использования Docker.  Пара слов о том, как мы работаем:  Используем современный стек технологий: Java 8, PostgreSQL 11.2, Spring Framework, RabbitMQ, Kafka, Elastic Search, Log Stash, Kibana, GitLab CI, JMeter; Даем возможность разрабатывать и внедрять собственные фичи; Помогаем совершенствовать разговорный английский; Возможность обучаться и расти вместе с командой; Комфортный график работы (начало рабочего дня с 08:00 до 11:00); Удобный современный офис в центре с большой парковкой; Бесплатный чай, кофе, шоколадки, йогурты, фрукты; Льготный ДМС.       ";Опыт разработки Java SE 1 - 3 года. Знание Spring Framework. Знание ООП, шаблонов проектирования и умение их применять. ;Разработка функционала биллинга в масштабах крупной организации. Участие в выборе стека технологий. Проектирование микросервисной архитектуры. Разработка API для интеграции с...;"Python; Git; ООП; SQL; HTML5";;1180;0.10344827586206896;Backend;0;1;0;0;1;0;0;0;1;0;0;1;0;0;0;1.0;1.0;1.0;1.0;1.0;0.0;0.0;0.0;0.0;0.0;0.0;0.0;0.0;0.0;0.0;0.0;0.0;0.0;0.0;0.0;0.0
