;Index;name;min_salary;max_salary;company;published_at;description;requirement;responsibility;key_skills;conditions;id;days;group;city_Екатеринбург;city_Новосибирск;city_Санкт-Петербург;min_experience_0;min_experience_1;min_experience_3;min_experience_6;schedule_Гибкий график;schedule_Полный день;schedule_Сменный график;schedule_Удаленная работа;employment_Полная занятость;employment_Проектная работа;employment_Стажировка;employment_Частичная занятость; Git;JavaScript; CSS; JavaScript; ООП; HTML; jQuery; ASP.NET;Python; PostgreSQL; HTML5; AngularJS; MongoDB; MySQL; Linux;Разрабатывать высоконагруженные системы в банковском и страховом секторе в роли fullstack Java <highlighttext>разработчика</highlighttext>. Осуществлять интеграцию продукта с различными внешними системами. ; SQL; Java; kotlin;Разрабатывать проекты &quot;Другие навыки
0;43;Full stack разработчик (Java, Kotlin);8.0;4.0;ЛИПТ Софт;2019-12-10T14:36:29+0300;Lipt Soft – компания-разработчик ПО для банка Санкт-Петербург. Наш продукт входит в тройку лидеров юзабилити-рейтинга интернет-банков. В данный момент мы планируем существенно увеличить команду разработки для освоения новых направлений.   Что мы делаем:   Проектируем и создаём микросервисы, решающие определенные бизнес-задачи банка. Сами выбираем инструменты с учётом лучших практик   Развиваем собственную инфраструктуру для поддержания отказоустойчивости и мониторинга внутренних компонентов   Технологический стек: Java 11 / Kotlin, Javascript, Ktor, Oracle DB Инструменты: Git, Gradle, Jenkins, OpenShift, Docker Наш идеальный кандидат:   Имеет опыт разработки на Java от 4-х лет   Отлично знает Java Core, Collections, Stream API, основы Computer Science   Уверенно владеет SQL (опыт с NoSQL будет плюсом)   Имеет опыт разработки на Javascript   Привык тестировать свой код и понимает, почему это важно   Почему у нас хорошо:   Маленькая команда опытных профессионалов, плоская иерархия и никакой бюрократии. Минимум шагов от идеи до её воплощения   Экстремальное программирование: работа в парах, недельные спринты   Новый офис в БЦ класса «А» («Санкт-Петербург Плаза», м. Новочеркасская)   Не боимся экспериментов с любыми доступными технологиями и решениями   Оплачиваем участие в конференциях и техническую литературу   ДМС (со стоматологией), курсы английского в офисе, абонемент в спортзал   Отсутствие дресс-кода, гибкое начало дня с 9:00 до 11:00   Регулярные премии и бонусы по результатам работы  ;Имеет опыт разработки на Java от 4-х лет. Отлично знает Java Core, Collections, Stream API, основы Computer Science. ;Проектируем и создаём микросервисы, решающие определенные бизнес-задачи банка. Сами выбираем инструменты с учётом лучших практик. Развиваем собственную инфраструктуру для...;"JavaScript; Git; SQL; Java; kotlin";;43;0.06896551724137931;Full stack;0;0;1;0;0;1;0;0;1;0;0;1;0;0;0;1.0;1.0;0.0;0.0;0.0;0.0;0.0;0.0;0.0;0.0;0.0;0.0;0.0;0.0;0.0;0.0;1.0;1.0;1.0;0.0;0.0
1;54;Full-stack разработчик;5.0;4.0;Федеральное Агентство Новостей;2019-12-06T16:00:28+0300;"Мы ищем в команду опытного full-stack разработчика Что нужно будет делать?  Разрабатывать проекты с нуля; Поддерживать текущие; Развиваться.  Ты нам подходишь, если:  Есть опыт разработчика - от 1 года; Уверенно используешь Git; PHP7 + Laravel/Symfony; Vuejs 2.x (+ vuex); HTML5 и CSS3(sass/scss), адаптивности; Умеешь качественно и валидно верстать; Умеешь настраивать рабочую среду; Есть опыт работы с системами сборки проектов (webpack); Владеешь английским на уровне чтения технической документации.  Преимуществом будет:  Опыт работы с RESTful APIs и понимание HTTP протокола; Опыт создания интерактивных и динамических интерфейсов (AJAX, Websocket).  Предлагаем:  Работа в офисе, лояльный график работы; Отличный коллектив, адекватное руководство; Премии за выполненную работу; Профессиональный рост и различные бонусы. ";;Есть опыт <highlighttext>разработчика</highlighttext> - от 1 года. Уверенно используешь Git. PHP7 + Laravel/Symfony. Vuejs 2.x (+ vuex). ;"Разрабатывать проекты &quot;с нуля&quot;. Поддерживать текущие. Развиваться.";"Git; CSS3; HTML5; Sass; Vuejs";254;0.20689655172413793;Full stack;0;0;1;0;1;0;0;0;1;0;0;1;0;0;0;0.0;0.0;0.0;0.0;0.0;0.0;0.0;0.0;0.0;0.0;0.0;0.0;0.0;0.0;0.0;0.0;0.0;0.0;0.0;1.0;1.0
2;93;Fullstack developer;5.0;4.0;Creative Mobile;2019-12-10T16:45:26+0300;"Мы - Creative Mobile являемся независимым разработчиком игр. Основанная в 2010 году и базирующаяся в Таллинне, наша компания определила новый жанр мобильных игр и превратилась в студию, признанную во всём мире. Игры, опубликованные Creative Mobile, открыли для себя более чем 400 миллионов игроков по всему миру. Наша миссия — быть прекрасным домом для талантов мирового класса и создавать отличные игры. Нашему будущему коллеге мы готовы предложить:  Полный цикл разработки аналитических инструментов (Backend, Frontend, DB, API, DevOps и тд); Поддержка реализованного функционала; Тестирование и контроль качества реализованного функционала; Документирование реализации функционала.  Для успешного выполнения задач тебе понадобятся:  Хорошее знание и владение языками программирования:  Backend: Python и/или PHP и/или Golang и/или Java Frontend: JavaScript, TypeScript  Хорошее знание SQL (PostgeSQL для БД); Знание и опыт применения современных фронтенд фреймворков: React и/или Angular и/или Vue и/или Node.js; Знание и опыт применения современных дизайн фреймворков: Material, Bootstrap; Умение и готовность разбираться с новыми технологиями; Навыки эффективной работы в команде.  Будет плюсом:  Знание технологий из бигдата стека; Знание AWS.  Мы хотим предложить тебе:   работу в игровой студии, трижды признанной Top 50 Developer по версии PocketGamer;   интересные и амбициозные задачи;   активное участие в создании игр, которыми наслаждаются миллионы игроков по всему миру;   возможность 20% своего рабочего времени уделять другим интересным проектам внутри компании;   обучение и персональную программу развития;   профессиональное комьюнити внутри компании для обсуждения идей и обмена опытом;   культуру открытости, прозрачности и здравого смысла;   яркие и запоминающиеся корпоративы в Эстонии.   Мы готовы рассмотреть кандидатов из любой точки мира и предложить удалённое сотрудничество.";;Для успешного выполнения задач тебе понадобятся: Хорошее знание и владение языками программирования: Backend: Python и/или PHP и/или Golang...;Полный цикл разработки аналитических инструментов (Backend, Frontend, DB, API, DevOps и тд). Поддержка реализованного функционала. Тестирование и контроль качества реализованного...;;293;0.06896551724137931;Full stack;0;0;1;0;0;1;0;0;1;0;0;1;0;0;0;0.0;0.0;0.0;0.0;0.0;0.0;0.0;0.0;0.0;0.0;0.0;0.0;0.0;0.0;0.0;0.0;0.0;0.0;0.0;0.0;1.0
3;26;Full-stack веб-разработчик;4.0;4.0;Serenity;2019-12-02T11:50:35+0300;Мы ищем талантливого full-stack разработчика для поддержки и развития внутренних проектов нашего агентства (сайты, системы автоматизации). Что нужно делать:  Адаптивная, кроссбраузерная верстка с анимациями и интерактивами из Figma. Развитие CMS наших сайтов (cейчас некоторые проекты на Wordpress). Разработка и развитие внутренних систем автоматизации процессов. Администрирование серверов.  Требования:  Высокий уровень верстки и программирования. Высокий уровень ответственности и самостоятельности. Высокая скорость работы. Опыт в веб-разработке от 3-х лет.  Что можем предложить:  Хороший доход. От 110 до 140 тысяч рублей, в зависимости от уровня и продуктивности. Первый испытательный месяц — 70 000. Команду умных, талантливых, амбициозных и хороших людей. Работу с очень интересными и красивыми внутренними проектами. Культуру свободы и личной ответственности (можно работать удаленно, когда нет встреч в офисе). Большую корпоративную библиотеку, где вы можете заказать любую понравившуюся книгу. Аккредитации на полезные мероприятия и курсы. ;;Высокий уровень верстки и программирования. Высокий уровень ответственности и самостоятельности. Высокая скорость работы. Опыт в веб-разработке от 3-х...;Адаптивная, кроссбраузерная верстка с анимациями и интерактивами из Figma. Развитие CMS наших сайтов (cейчас некоторые проекты на Wordpress). ;"CSS3; CMS Wordpress; HTML5; JavaScript; MySQL; PHP5; Git; Vue";326;0.3448275862068966;Full stack;0;0;1;0;1;0;0;0;1;0;0;1;0;0;0;0.0;0.0;0.0;0.0;0.0;0.0;0.0;0.0;0.0;0.0;0.0;0.0;0.0;0.0;0.0;0.0;0.0;0.0;0.0;0.0;1.0
4;31;Full-stack SharePoint Developer;5.0;4.0;Fortis;2019-12-11T16:56:30+0300;"Кто мы и что мы разрабатываем, а главное - зачем? :) Компания Fortis была создана в 2015 году как сервисная организация для автоматизации бизнес-процессов транспортной компании «Монополия» — крупнейшего в РФ грузоперевозчика товаров широкого потребления/ежедневного спроса для всего российского ритейла (Магнит, Пятерочка, Перекресток, Лента и все остальные) и транснациональных производителей (Danone, Mars, Nestle, Coca-Cola и все остальные). Сегодня мы – автономная продуктовая IT-компания. Наш главный продукт – масштабируемые сервисы для российских компаний в сфере логистики на основе высокотехнологичной web-платформы Monopoly.online. Сейчас на ней запущены и успешно работают несколько сервисов. Кроме того, мы разрабатываем и поддерживаем ERP-продукт для автоматизации работы транспортной компании «Монополия», повышая ее эффективность и конкурентоспособность за счет безостановочной эксплуатации ресурсов, оптимизации издержек и снижения рисков. В результате оборот ТК «Монополия» растет на 200% ежегодно. На данный момент мы ищем Full-stack SharePoint Developer для работы над внутренним порталом компании и автоматизации бизнес-процессов. Чем предстоит заниматься:  разработка решений для автоматизации процессов компании на базе Micosoft SharePoint 2016, 2019; интеграция решений с другими информационными системами; развитие и сопровождение существующих решений.  От Вас мы ждём:  опыт разработки на SharePoint, создание Web Parts, Features, Master Pages, Custom Controls, Event Receivers, Timer Jobs, Site / List Templates, CSOM, REST API; знание и опыт разработки на C#, .NET, Entity Framework, HTML5, React, Typescript, Mobx или Redux; опыт работы с Git.  Будет плюсом:  знания препроцессора Sass/Less, webpack; знание SharePoint Framework (SPFx).    Успешному кандидату мы предлагаем:  оформление по ТК РФ, полностью «белую» зарплату; расширенный ДМС с офисным врачом; возможность профессионально обучаться за счет компании и участвовать в конференциях; атмосферу вчерашнего стартапа с уже налаженными процессами, но со все еще отсутствующими бюрократией и дресс-кодом; отсутствие овертаймов; английский язык в офисе в формате speaking club с носителем языка; корпоративный футбол; возможность посещать фитнес-клуб Легенда в бизнес-центре офиса по корпоративной цене (всего 6 000р. в год!); зарплатный проект с кешбеком до 10% и картой Priority Pass (доступ в VIP-залы отдыха в аэропортах по всему миру) - по желанию. офис в 3х минутах. от ст. м. Звездная с зоной отдыха, кикером, PS, качельками и даже душем. пицца по пятницам в уютном кругу коллег помощь в релокации. ";;Опыт разработки на SharePoint, создание Web Parts, Features, Master Pages, Custom Controls, Event Receivers, Timer Jobs, Site / List Templates, CSOM...;Разработка решений для автоматизации процессов компании на базе Micosoft SharePoint 2016, 2019. Интеграция решений с другими информационными системами. ;;331;0.0;Full stack;0;0;1;0;0;1;0;0;1;0;0;1;0;0;0;0.0;0.0;0.0;0.0;0.0;0.0;0.0;0.0;0.0;0.0;0.0;0.0;0.0;0.0;0.0;0.0;0.0;0.0;0.0;0.0;1.0
5;32;Senior Python Developer (full stack);5.0;4.0;Akvelon;2019-12-11T18:18:28+0300;"Рассмотрим кандидатов для работы из офиса или удаленно во всех регионах России. Возможна релокация в США. Мы ищем Senior Python разработчиков для работы над одним из клиентских проектов - крупнейшим в мире облачным сервисом, входящим в ТОП-5 облачных хранилищ 2019 года, которые смогут присоединиться к интернациональной команде разработчиков в Сан-Франциско и принять участие в работе над развитием и оптимизацией сервиса. Что мы ожидаем от кандидатов:  Глубокое знание языков Python (и знание Go большой плюс)в контексте бэкенд-разработки; Опыт работы с JS, Bootstrap и Angular Frameworks; Опыт работы с Linux; Разговорый английский; Умение работать в территориально распределенной команде; Способность самостоятельно решать текущие задачи.  Приветствуются:  Опыт работы с вэб-стеком: TCP, load balancing, DNS; Огромным плюсом будет знание Golang + Bazel; Знание MySQL.  Мы предлагаем:  Действительно интересный проект, о котором не стыдно написать в резюме; Высокую заработную плату; Оплачиваемые отпуск и больничные; Гибкий график работы; Готовы продвигать вас и помогать в реализации как профессионалу; Рабочие командировки в США (Сиэтл, Сан-Франциско); Возможен переезд в штаты при желании. ";"  Действительно интересный проект, о котором не стыдно написать в резюме; Высокую заработную плату; Оплачиваемые отпуск и больничные; Гибкий график работы; Готовы продвигать вас и помогать в реализации как профессионалу; Рабочие командировки в США (Сиэтл, Сан-Франциско); Возможен переезд в штаты при желании. ";Глубокое знание языков Python (и знание Go большой плюс)в контексте бэкенд-разработки. Опыт работы с JS, Bootstrap и Angular...;" Git;JavaScript; CSS; JavaScript; ООП";"Python; Go; Frontend; MySQL; AngularJS; Bootstrap; TCP/IP; DNS; Bazel; Golang";332;0.0;Full stack;0;0;1;0;0;1;0;0;0;0;1;1;0;0;0;1.0;1.0;1.0;1.0;1.0;0.0;0.0;0.0;0.0;0.0;0.0;0.0;0.0;0.0;0.0;0.0;0.0;0.0;0.0;0.0;0.0
6;55;Full-stack developer;5.0;4.0;Muzlab;2019-12-09T15:27:57+0300;О нас «Музлаб» — стриминговый сервис для бизнеса. Нас слушают более 5 млн человек в месяц. С нами — Oodji, «Лукойл», Mercedes-Benz, Toyota, сеть магазинов «Фасоль» и тысячи небольших ресторанов и магазинов.   В год наш бизнес растёт в четыре раза.   У нас более 1 млн легальной авторской музыки.   Наш сервис звучит в 70 российских регионах и в пяти странах.   В ближайшее время мы планируем расширить своё присутствие на международных рынках.   Мы очень хотим с тобой познакомиться, если у тебя есть:   Опыт разработки под Python3 / Django.   Опыт работы c asyncio / aiohttp   Знание и опыт работы с каким либо фронт фреймворком React / Vue   Плюсом будет:   Graphene   Apollo   Чем предстоит заниматься:   Активно участвовать в создании и развитии программных продуктов   Принимать технические и другие решения в составе команды   Решать сложные задачи и принимать участие в интересных проектах.   У нас есть:  Интересная, мотивирующая работа в динамично развивающейся компании Офис на Васильевском острове (кухня, веселые корпоративы, английский, билеты в театр и на концерты, ДМС и прочие плюшки) Оформление по ТК РФ Всесторонняя поддержка, ресурсы, возможность реализовать себя, работа на перспективном рынке. ;;Опыт разработки под Python3 / Django. Опыт работы c asyncio / aiohttp. Знание и опыт работы с каким либо фронт фреймворком...;Активно участвовать в создании и развитии программных продуктов. Принимать технические и другие решения в составе команды. Решать сложные задачи и...;"Python; Django Framework; Nginx; React";355;0.10344827586206896;Full stack;0;0;1;0;0;1;0;0;1;0;0;1;0;0;0;0.0;0.0;0.0;0.0;0.0;0.0;0.0;0.0;0.0;0.0;0.0;0.0;0.0;0.0;0.0;0.0;0.0;0.0;0.0;0.0;1.0
7;56;Fullstack JS Developer;5.0;4.0;Akvelon;2019-12-11T16:04:54+0300;Аквелон входит в ТOP 10 вендоров Microsoft и топ 15 лучших компаний штата Сиэтл (2019). У нас более 12 офисов и 800 сотрудников в России, Европе и США. Мы предоставляем возможность сотрудникам работать на проектах клиентов как в России, так и в США (это Microsoft, HPE, T-Mobile, Reddit, DoorDash, Github, Dropbox и другие). Ищем Full stack разработчиков для участия в проекте с Evernote (компания, которая разрабатывает лучший веб-сервис и набор программного обеспечения для создания и хранения заметок). Чем будете заниматься:   Работа end-to-end от продуктовых фич до deployment скриптов   Работа в распределенной команде   Agile   Что мы хотим видеть:  Разговорный английский Опыт коммерческой разработки на JS / NodeJS Отличные инженерные навыки и знание основ CS Опыт работы с микросервисной архитектурой  Мы предлагаем:   Действительно интересные проекты, о которых не стыдно написать в резюме   Высокую заработную плату   Официальное трудоустройство   Гибкий график работы   Оплачиваем и поощряем получение сертификаций   Готовы продвигать вас и помогать в реализации как профессионалу   Возможны рабочие командировки в США   Возможен переезд в США при желании   У нас всегда много проектов с различными технологиями, поэтому, если вы сильный разработчик, но не совсем подходите под данную вакансию, то обязательно присылайте ваше резюме.;   Действительно интересные проекты, о которых не стыдно написать в резюме   Высокую заработную плату   Официальное трудоустройство   Гибкий график работы   Оплачиваем и поощряем получение сертификаций   Готовы продвигать вас и помогать в реализации как профессионалу   Возможны рабочие командировки в США   Возможен переезд в США при желании   У нас всегда много проектов с различными технологиями, поэтому, если вы сильный разработчик, но не совсем подходите под данную вакансию, то обязательно присылайте ваше резюме.;Разговорный английский. Опыт коммерческой разработки на JS / NodeJS. Отличные инженерные навыки и знание основ CS. Опыт работы с микросервисной архитектурой.;Работа end-to-end от продуктовых фич до deployment скриптов. Работа в распределенной команде. Agile.;"Node.js; JavaScript";356;0.034482758620689655;Full stack;0;0;1;0;0;1;0;0;0;0;1;1;0;0;0;0.0;0.0;0.0;0.0;0.0;0.0;0.0;0.0;0.0;0.0;0.0;0.0;0.0;0.0;0.0;0.0;0.0;0.0;0.0;0.0;1.0
8;14;Программист (Fullstack);3.0;4.0;Ceramic3d;2019-12-12T10:46:27+0300;"Компания Ceramic3D - ведущий разработчик CAD-программ в сфере дизайна интерьера. Собственный фотореалистичный визуализатор реального времени с высоким качеством изображений создан нами без использования сторонних библиотек. Компания Ceramic3D за 15 лет работы вышла в лидеры в своем сегменте на рынке программного обеспечения России, СНГ и стран ближнего зарубежья. Программами Ceramic3D пользуются более 435 000 клиентов. Для создания новых интернет-проектов и усовершенствования уже существующих приглашаем в нашу команду Программиста (Fullstack) ОБЯЗАННОСТИ:  Создание клиентской части Создание серверной части Поддержка и доработка клиентской части существующих приложений. Проектировать архитектуру приложений Рефакторить текущий код Писать тесты Работать в команде Делать качественный продукт активная доработка ресурсов на Python  ТРЕБОВАНИЯ:  знание классических алгоритмов и структур данных отлично знать Python Опыт работы с JavaScript-фреймворками Опыт работы с СУБД mysql и/или postgresql опыт работы с современными фреймворками опыт создания RestFull api приложений  БУДЕТ ПЛЮСОМ:  опыт работы с Docker опыт администрирования серверов опыт работы по методологии БЭМ   опыт тестирования JS (karma/mocha/chai/jest/phantomjs)    УСЛОВИЯ:  высокая заработная плата (уровень заработной платы обсуждается индивидуально по результатам собеседования); оформление по ТК РФ; комфортабельный офис с чаем, кофе работа над интересными прогрессивными проектами; адекватное руководство, теплая позитивная атмосфера, дружная команда единомышленников рабочий день с 10.00 до 19.00; район работы - Юго-Запад ";;Знание классических алгоритмов и структур данных. Отлично знать Python. Опыт работы с JavaScript-фреймворками. Опыт работы с СУБД mysql и...;Создание клиентской части. Создание серверной части. Поддержка и доработка клиентской части существующих приложений. Проектировать архитектуру приложений. Рефакторить текущий код. ;"Node.js; Less; JavaScript; Python; PostgreSQL; HTML5; CSS3; SQL; Django Framework";414;0.0;Full stack;1;0;0;0;1;0;0;0;1;0;0;1;0;0;0;0.0;0.0;0.0;0.0;0.0;0.0;0.0;0.0;0.0;0.0;0.0;0.0;0.0;0.0;0.0;0.0;0.0;0.0;0.0;0.0;1.0
9;22;Full-stack developer;3.0;4.0;Softline;2019-12-12T07:56:36+0300;" Приглашаем в отдел разработки программного обеспечения программиста Проект soica.ru Вакансия актуальна для РФ  Мы рассматриваем кандидатов с профессиональным успешным опытом в разработке, также начинающих специалистов, жаждущих развития и имеющих портфолио с интересными проектами или по результатам ТЗ. ЗАДАЧИ: Работа в команде с team leader над web - модулями платформы soica.ru (система потокового распознавания документов):  Модернизация и доработка web приложений платформы; Реализация новых компонентов интерфейса (web-приложение).  МЫ ОЖИДАЕМ:  3+ года опыта разработки на C#; ASP.NET MVC и/или Web API; Опыт работы с Entity Framework; JavaScript, HTML, CSS, Ajax, jQuery; Опыт работы с Git; Весьма желательно умение и желание писать unit тесты; Будет преимуществом наличие портфолио.  МЫ ПРЕДЛАГАЕМ:  Работа в международной и лидирующей IT компании, профессиональное развитие; Социальный пакет согласно ТК РФ, официальное трудоустройство; Работа в молодой и дружной команде профессионалов; Удаленная работа. ";;3+ года опыта разработки на C#. ASP.NET MVC и/или Web API. Опыт работы с Entity Framework. ;Модернизация и доработка web приложений платформы. Реализация новых компонентов интерфейса (web-приложение).;"C#; ASP.NET; JavaScript; HTML; CSS; Ajax; jQuery; Git";422;0.0;Full stack;1;0;0;0;0;1;0;0;0;0;1;1;0;0;0;0.0;0.0;0.0;0.0;0.0;0.0;0.0;0.0;0.0;0.0;0.0;0.0;0.0;0.0;0.0;0.0;0.0;0.0;0.0;0.0;1.0
10;92;Full-stack разработчик;3.0;4.0;Тензор;2019-12-02T08:25:22+0300;"Систему СБИС придумали, создали и постоянно совершенствуют почти 1500 разработчиков в 11 филиалах по стране. У нас есть фанаты дата-майнинга, эксперты в разработке кроссплатформенных приложений и высоконагруженных систем, разработчики мобильных, настольных и веб-приложений, специалисты по обработке, анализу и хранению больших массивов данных. Мы ищем людей, способных реализовывать крупные проекты от идеи до “продакшена”. Присоединившись к нашей команде, у вас будет возможность усовершенствовать систему СБИС. Результатом вашей работы будут пользоваться более миллиона людей – на компьютерах, планшетах и смартфонах. Предстоит заниматься разработкой функционала сервиса трансляции вебинаров. Поэтому мы ищем специалиста, обладающего опытом со следующими технологиями:  обязательны знания принципов ООП; опыт работы с реляционными БД, естественно знание SQL; знания HTML, CSS, javaScript, node.js; опыт работы с каким-нибудь клиентским MVC-фреймворком (Angular, Backbone, etc.) Плюсом будет знание и опыт работы с: GIT, Docker, Nginx, браузерные API.  Ждем от Вас:  умение много общаться с коллегами, правильно интегрировать свои решения. развитое абстрактное мышление, желание писать правильный и красивый код и требовать того же от коллег. готовность к работе в динамично развивающейся компании, понимать что это относится к каждому, в том числе и к вашим проектам.  Мы предлагаем:  официальное трудоустройство по ТК РФ; оклад чистыми в зависимости от квалификации и уровня ответственности премии по результатам работы от 5 до 20%; возможности для карьерного и профессионального роста; интересные проекты; активную корпоративную жизнь и компенсацию занятий спортом. ";Обязательны знания принципов ООП. Опыт работы с реляционными БД, естественно знание SQL. Знания HTML, CSS, javaScript, node.js. Опыт работы с...;;"JavaScript; CSS; HTML; PostgreSQL; Node.js";"  официальное трудоустройство по ТК РФ; оклад чистыми в зависимости от квалификации и уровня ответственности премии по результатам работы от 5 до 20%; возможности для карьерного и профессионального роста; интересные проекты; активную корпоративную жизнь и компенсацию занятий спортом. ";692;0.3448275862068966;Full stack;1;0;0;0;1;0;0;1;0;0;0;1;0;0;0;0.0;1.0;1.0;0.0;0.0;1.0;0.0;0.0;0.0;1.0;0.0;0.0;0.0;0.0;0.0;0.0;0.0;0.0;0.0;0.0;1.0
11;4;Senior Full-Stack разработчик JS;3.0;4.0;741 Studios;2019-12-02T10:10:29+0300;"Exadel работает на рынке ИТ с 1998 года и уже более 20 лет занимается разработкой как собственных программных продуктов, так и заказного программного обеспечения для клиентов всех размеров: от стартапов до компаний из списка Fortune 500. Основным направлением деятельности компании также является миграция, оптимизация и разработка корпоративных приложений, ИТ-консалтинг, тестирование и контроль качества. Приглашаем в нашу дружную компанию талантливого Full-Stack разработчика! Как разработчик приложений вы будете выполнять ряд задач – от определения и создания стратегических продуктов до использования банком передовых технологий, оказывать содействие в применении всех имеющихся технологий – от базы данных и инфраструктуры DevOps, способствующей непрерывному развертыванию до нативных приложений. Если вы искренне заинтересованы в разработке и непрерывном обучении, то мы ищем именно вас! Заказчик - международная консалтинговая компания, специализирующаяся на решении задач, связанных со стратегическим управлением. В компании заказчика работает около 9000 консультантов в 94 офисах, открытых в более чем 60 странах мира. Клиентами компании являются три из пяти крупнейших мировых корпораций, две трети компаний из Fortune 1000, правительства и другие некоммерческие организации Проект Цифровизация процесса выдачи кредита в банке Необходимые профессиональные навыки и опыт работы   4 + года опыта разработки ПО в нескольких экспертных областях (например: разработка клиентских и серверных компонентов, непрерывное развертывание, автоматическое тестирование, легко масштабируемые приложения, безопасность приложений, парное программирование и разработка через тестирование;   Хорошее знание серверных языков (один или несколько из Node.js, Java, C#, Go,   Python);   Хорошее знание языков мобильной разработки (один из Swift/Objective-C, Kotlin/Java, React.Native);   Опыт работы с HTML5/CSS, Javascript Frameworks для разработки мобильных и адаптивных приложений;   Знание SQL и NoSQL, опыт работы с различными СУБД (Oracle, MySQL, PostgreSQL и пр.);   Определенные познания в области инфраструктуры, включая прикладные программные интерфейсы RESTful, технологии единого входа, LDAP, технологии поиска;   Опыт использования облачных технологий (AWS, Azure), кластеризации (напр.   Kubernetes) и контейнеризации (например, Docker), современных архитектурных   принципов (например, микросервисы, событийная архитектура);   Опыт работы с системами постановки задач (Jira и пр.) и системами контроля версий (Git и пр.).   Желательно:   Опыт работы с тестовыми системами RSpec, JUnit или Selenium;   Знание процесса разработки ПО на основе Agile-принципов.   Обязанности   Отвечать за преобразование идеи и концепции цифрового продукта в его рабочую версию, т.е. непосредственно за разработку продукта, написание кода, реализацию функционала;   Разрабатывать бизнес-логику, реализовывать интерфейс пользователя, обеспечивать интеграцию со всеми требуемыми системами и сервисами;   Создавать автоматические тесты и обеспечивать регулярные релизы;   Взаимодействовать с другими участниками Agile-команды в создании понятных пользовательских историй, тестов для испытания прототипов и продуктов, постоянного   совершенствования продуктов;   Составлять необходимую документацию;   Взаимодействовать с ИТ-командами по вопросам внедрения цифровых инноваций, имеющих отношение к базовым ИТ- системам.   В Exadel созданы все условия для карьерного роста сотрудников и повышения профессионального уровня: проходят учебные занятия и семинары по современным технологиям, языковые курсы. Компания компенсирует расходы, связанные с повышением квалификации сотрудника и его профессиональной сертификацией. Сотрудники проводят занятия со студентами ведущих ВУЗов: читают лекции, проводят профессиональные мастер-классы.";Необходимые профессиональные навыки и опыт работы. 4 + года опыта разработки ПО в нескольких экспертных областях (например: разработка клиентских и...;Как <highlighttext>разработчик</highlighttext> приложений вы будете выполнять ряд задач – от определения и создания стратегических продуктов до использования банком передовых технологий, оказывать...;"Atlassian Jira; Python; JavaScript; Управление разработкой; JUnit";;704;0.3448275862068966;Full stack;1;0;0;0;1;0;0;0;1;0;0;1;0;0;0;0.0;0.0;0.0;1.0;0.0;0.0;0.0;0.0;0.0;0.0;0.0;0.0;0.0;0.0;0.0;0.0;0.0;0.0;0.0;0.0;1.0
12;15;Full Stack developer;4.0;5.0;BR Lab;2019-11-29T13:38:15+0300;"О нас: Мы - IT компания, которая имеет высоконагруженные проекты в сфере онлайн - медиа. Наши издания о спорте лидеры рынка в России и СНГ. В новом году мы выходим на американский рынок. Поэтому активно усиливаем текущие проекты для эффективного запуска зарубежных. Если ты идейный, и давно хотел найти место, где твоё мнение услышат - тебе к нам. Мы не продаем свое время работодателю, а развиваемся вместе с ним. В данный момент ищем опытного Fullstalck разработчика на проект Socialbet https://social.bet/  Используем современный стек технологий. Чем живет наша команда ты можешь узнать из нашего журнала BR MAG https://brl.ru/magazine/ Задачи:   главный по фронту спортивного проекта на WordPress/Ajax+REST/Vue.js;   приведение фронта проекта к идеальному виду;   создание новых и рефакторинг существующих шаблонов;   80% Front, 20% Back.   Что мы от тебя ждем:  страсть к идеальному UX/UI, тотальное нетерпение косяков по фронту; умение работать с Git/Github; HTML/CSS/SCSS/Bootstrap без вопросов; умение грамотно верстать адаптивные макеты, для всех устройств сразу; JavaScript без вопросов (и не только jQuery!); понимание иерархии шаблонов WordPress на хорошем уровне; понимание, что такое хуки и фильтры WordPress на базовом уровне; Vue.js - будет плюсом, т.к. на проекте он есть.  Мы предлагаем:   удаленная работа, или в офисе в Москве;   Свобода творческой самореализации инженерных мыслей   Интересные, незаурядные, вдохновляющие задачи каждый день;   Гибкое начало рабочего дня, которое подходит как для жаворонков, так и для сов;   Корпоративное обучение, компенсация курсов, тренингов, семинаров;   Корпоративные курсы английского с носителями языка;   Чай, кофе, печенье, компенсация обедов;   Мощный компьютер или ноутбук по вашему выбору;   Выходные с командой вне офиса (мы иногда собираем выезды или просто посиделки);   Достойная и всегда своевременная оплата труда;   Спорт зал за счет компании;   возможность получения профессионального опыта в штатах.  ";Страсть к идеальному UX/UI, тотальное нетерпение косяков по фронту. Умение работать с Git/Github. HTML/CSS/SCSS/Bootstrap без...;Главный по фронту спортивного проекта на WordPress/Ajax+REST/Vue.js. Приведение фронта проекта к идеальному виду. Создание новых и рефакторинг существующих...;" Git;JavaScript; CSS; JavaScript; ООП";"   удаленная работа, или в офисе в Москве;   Свобода творческой самореализации инженерных мыслей   Интересные, незаурядные, вдохновляющие задачи каждый день;   Гибкое начало рабочего дня, которое подходит как для жаворонков, так и для сов;   Корпоративное обучение, компенсация курсов, тренингов, семинаров;   Корпоративные курсы английского с носителями языка;   Чай, кофе, печенье, компенсация обедов;   Мощный компьютер или ноутбук по вашему выбору;   Выходные с командой вне офиса (мы иногда собираем выезды или просто посиделки);   Достойная и всегда своевременная оплата труда;   Спорт зал за счет компании;   возможность получения профессионального опыта в штатах.  ";715;0.4482758620689655;Full stack;1;0;0;0;0;1;0;0;1;0;0;1;0;0;0;1.0;1.0;1.0;1.0;1.0;0.0;0.0;0.0;0.0;0.0;0.0;0.0;0.0;0.0;0.0;0.0;0.0;0.0;0.0;0.0;0.0
13;55;Fullstack Java-разработчик (с релокацией в Крым);3.0;4.0;R-Style Softlab (Эр-Стайл Софтлаб);2019-11-29T09:02:49+0300;"R-Style SoftLab в поисках разработчиков Java middle и senior уровней! Мы делаем банковские ИТ продукты, которые улучшают и облегчают жизнь миллионов людей. Наши системы интернет-банкинга и мобильные приложения успешно работают в крупнейших банках России и СНГ.Если вам давно хотелось сменить окружающий вас ландшафт на возможность работать в паре километров от пляжа, в более мягком морском климате, принимая участие в интересных проектах, то эта вакансия – шанс реализовать план!R-Style SoftLab запускает программу релокации в крымском направлении для Java-разработчиков России! Мы наращиваем портфель заказов и поэтому расширяем проектные команды в наших южных филиалах! Чем предстоит заниматься:  Разрабатывать высоконагруженные системы в банковском и страховом секторе в роли fullstack Java разработчика Осуществлять интеграцию продукта с различными внешними системами; Разрабатывать пользовательские интерфейсы, бизнес-логику; Участвовать в проектировании баз данных и архитектуры продуктов;  Каких Джавистов мы особенно ждем:  Умеющих разрабатывать web-приложения на Java с опытом разработки от 1 года Уверенно владеющих Java SE (1.7, 1.8) Владеющих стеком - JavaScript, HTML, CSS Большим плюсом является знание Spring, Hibernate, HTML, JavaScript, WebServices (JAX-WS), REST Service, а в идеале - React JS, Tapestry (или JSF) Умеющих работать с системами контроля версий (SVN/GIT) Понимающих принципы создания многопоточных приложений, а в идеале - и принципы построения решений в микросервисной архитектуре Умеющих читать и понимать ER-диаграммы, UML Уверенно работающих с СУБД Oracle или PostgreSQL Навыки проектирования баз данных приветствуются  Что может предложить R-Style Softlab:  Масштабные проекты, в которых можно проявить свои способности; Разработка и совершенствование проектов ведется в микросервисной архитектуре; Мы придерживаемся идеи использования современных технологий и подходов везде, где это возможно; Практикуем Agile подход, но не сторонники жесткого ограничения в нём. Понимаем, когда Agile нужен, а когда лучше воспользоваться другими методологиями; Мы обучаем наших сотрудников, проводим внутренние митапы; Работа в надежной стабильной компании (участника рейтинга работодателей России по рейтингу hh.ru) - лидере рынка банковской автоматизации; Оформление в соответствии с ТК РФ; Заработная плата официальная - оклад и достойные премии по результатам работы; График работы: 5/2, полный рабочий день, гибкое время начала рабочего дня (с 8 до 11). Добровольное медицинское страхование, хорошие клиники и программы; Корпоративное обучение и различные корпоративные мероприятия;  По программе релокации:  Компенсация билета*, чтобы приехать/прилететь к нам; Разовые подъёмные*, чтобы начать обосновываться; 50% компенсации затрат на проживание* в городах присутствия R-Style SoftLab (Севастополь, Симферополь) после успешного прохождения испытательного срока (3 месяца в соответствии с ТК РФ); Море – всего в получасе пешей прогулки от севастопольского офиса или в часе езды от симферопольского!*Все суммы обговариваются с кандидатами, успешно прошедшими отбор на эту вакансию ";Умеющих разрабатывать web-приложения на Java с опытом разработки от 1 года. Уверенно владеющих Java SE (1.7, 1.8). ;Разрабатывать высоконагруженные системы в банковском и страховом секторе в роли fullstack Java <highlighttext>разработчика</highlighttext>. Осуществлять интеграцию продукта с различными внешними системами. ;"Java; JSP; HTML; CSS; Spring Framework; JavaScript; PostgreSQL; SVN; Git; ORACLE";;755;0.4482758620689655;Full stack;1;0;0;0;0;1;0;0;1;0;0;1;0;0;0;1.0;0.0;1.0;1.0;0.0;1.0;0.0;0.0;0.0;1.0;0.0;0.0;0.0;0.0;0.0;0.0;0.0;0.0;0.0;0.0;1.0
14;95;Full stack developer;2.0;4.0;Сапфир НПО;2019-11-25T07:25:10+0300;"Компания НПО Сапфир ищет Full stack разработчика в дружную команду разработки. Мы - один из ведущих разработчиков в сфере решений по управлению общественными финансами на рынке информационных технологий России.Так же мы обладаем наивысшим партнерским статусом корпорации Microsoft – Gold Certified Partner. В команде есть системные аналитики, дизайнеры интерфейса, тестировщики, и разработчики. Мы практикуем Scrum и постоянно совершенствуем процесс разработки, прислушиваемся ко мнению каждого на ретроспективах и вносим изменения, делаем все, чтобы работать было лучше и комфортнее. Мы по-настоящему заботимся о наших пользователях, удобство и функциональность для нас не пустой звук, мы собираем обратную связь и делаем продукт лучше!Если все это тебе не чуждо - приходи к нам и убедись в этом. В своих проектах используем: C#, .NET (Core), MVC, Unit testing, WebAPI, HTML, CSS, JavaScript (VueJS), Devexpress, Git, PostgreSQL, а так же другие современные платформы и технологии. Для работы у нас не обязательно владеть всеми используемыми технологиями в области backend или frontend, важно желание развиваться и осваивать новое! Требования (чего мы ждем от кандидатов):  Владение JavaScript Понимание принципов работы какого-то из фреймворков, например: VueJS, React; Здоровая педантичность в вопросах UI; Владение С# (желательно) Аналитический склад ума; Умение и желание работать в команде; Желание обучаться и постоянно развиваться; Технический английский язык - мы считаем, что каждый разработчик должен уметь читать документацию на английском, сделать pull-request зарубежным коллегам на гитхабе, а также обсудить решения в issues; Понимание методологий и принципов построения процесса разработки; Понимание принципов ООП и SOLID Законченное высшее техническое образование  Обязанности:  Разработка бизнес-логики а так же слоя представления высоко-нагруженного веб-приложения. Данное веб-приложение представляет собой микросервисную платформу, универсальный конструктор, на базе которой аналитики собирают свои прикладные решения.  Условия работы:  Официальное трудоустройство, гибкий рабочий график - 40 часов в неделю Сплоченная команда профессионалов Возможность удаленной работы Обучение на различных профессиональных курсах и посещение конференций для разработчиков за счет компании Комфортный офис в центре города, корпоративные занятия спортом Размер заработной платы обсуждаются индивидуально ";Желание обучаться и постоянно развиваться. Технический английский язык - мы считаем, что каждый <highlighttext>разработчик</highlighttext> должен уметь читать документацию на английском, сделать...;Разработка бизнес-логики а так же слоя представления высоко-нагруженного веб-приложения. Данное веб-приложение представляет собой микросервисную платформу, универсальный...;"JavaScript; Git; HTML5; CSS3; jQuery; Vue; React; npm; poi; ES6; C#; .NET Framework; ASP.NET; ООП";;795;0.5862068965517241;Full stack;1;0;0;0;0;1;0;0;1;0;0;1;0;0;0;1.0;1.0;0.0;0.0;1.0;0.0;1.0;1.0;0.0;0.0;1.0;0.0;0.0;0.0;0.0;0.0;0.0;0.0;0.0;0.0;1.0
15;3;Junior Fullstack-разработчик;1.0;1.0;Джити Айти;2019-12-10T08:23:04+0300;"Команда 1GT ищет бойцов готовых анализировать и автоматизировать бизнес наших заказчиков. Ты тот кто нам нужен, если у тебя непреодолимое желание развиваться, ты любишь порядок и системность, хочешь улучшать и оптимизировать все вокруг. 1GT - Занимаемся консалтингом и автоматизацией бизнеса. У нас отличная молодая команда, мощные заказчики и амбициозные планы. Обязанности:   Разработка и поддержка собственных сервисов;   Наш стек  Frontend — Vue.js, webpack, SCSS; Backend — Laravel/Symfony, MySQL/Postgres, Redis, RabbitMQ, Docker.  Требования:  Знание PHP и MySQL/Postgres; Опыт работы с современным PHP-фреймвором (Laravel, Symfony и др.); Знание HTML/CSS/JS; Знание ООП; Опыт работы с менеджерами пакетов (composer, npm и др.);  Знание Git. Будет плюсом:   Опыт работы с Vue.js; Опыт работы со сборщиками webpack, gulp; Знание стандартов PSR; Опыт работы с Docker; Наличие примеров выполненных работ.  Условия:  Заработная плата по результатам собеседования; Прозрачная бонусная система; 40-часовая рабочая неделя; Обучение с наставником; Молодой и дружный коллектив; Собственное здание с парковкой (по концепции Open Space) с удобным расположением (5 мин. пешком от м. Речной вокзал); Настольный теннис; Корпоративный абонемент в Extreme Fitness (после прохождения испытательного срока). ";Знание PHP и MySQL/Postgres. Опыт работы с современным PHP-фреймвором (Laravel, Symfony и др.). Знание HTML/CSS/JS. ;Разработка и поддержка собственных сервисов.;"MySQL; Git; PHP5; ООП; CSS";"  Заработная плата по результатам собеседования; Прозрачная бонусная система; 40-часовая рабочая неделя; Обучение с наставником; Молодой и дружный коллектив; Собственное здание с парковкой (по концепции Open Space) с удобным расположением (5 мин. пешком от м. Речной вокзал); Настольный теннис; Корпоративный абонемент в Extreme Fitness (после прохождения испытательного срока). ";803;0.06896551724137931;Full stack;0;1;0;0;1;0;0;0;1;0;0;1;0;0;0;1.0;0.0;1.0;0.0;1.0;0.0;0.0;0.0;0.0;0.0;0.0;0.0;0.0;0.0;0.0;0.0;0.0;0.0;0.0;0.0;1.0
16;7;Fullstack-разработчик;2.0;3.0;Новосибирский Научно-Технический Центр (ННТЦ);2019-12-11T11:23:14+0300;"Новосибирский Научно-Технический Центр (www.nntc.pro) – это одна из тех редких компаний, которые доставляют научные достижения до практического использования. Мы занимаемся и научными разработками и разработками программного обеспечения. Область наших интересов – нефтегазовая отрасль. Период накопления наших знаний и контактов в индустрии – 25 лет. Наши компетенции и опыт сейчас наиболее актуальны в связи с запуском федеральных программ по повышению эффективности предприятий нефтегазовой отрасли за счет нового уровня цифровизации. Задача импортозамещения очень остро стоит в нефтяной индустрии, что дает ННТЦ дополнительный стимул для создания конкурентного программного обеспечения для российских и международных компаний. Мы расширяем свою команду для создания современных веб-приложений. В их основе находится мощный backend-слой, обеспечивающий работу с большими объемами данных, анализ и обработку этих данных, в том числе с использованием инструментов Big Data и Machine Learning. А также современный frontend-уровень для предоставления пользователям удобного пользовательского интерфейса с картами месторождений, инфографикой, dashboard-панелями и другими средствами визуализации сложной информации для быстрого принятия оперативных и управленческих решений. Мы создаем веб-платформу для определенного спектра задач нефтегазовой отрасли. Мы четко осознаем, что универсальных решений не существует, поэтому мы заложили в платформу достаточную универсальность и широкие возможности для расширений. Хотим формировать процессы в команде по принципам Agile, и команда всегда может выбрать свой путь, если он будет эффективным. В каждой команде около 7 человек. У нас также работают UX/UI-дизайнеры и аналитики, и, самое главное, эксперты в нефтегазовой индустрии, что позволяет нам создавать ценные для рынка продукты. Мы всячески поддерживаем желание членов команды исследовать новые технологии для решения бизнес-задач. Сейчас нам требуются и backend- и frontend-специалисты от middle, senior и до архитектора. Специалист с fullstack-диапазоном будет лучшим кандидатом. Ожидаемые знания от кандидатов на вакансию fullstack-разработчика:  C#/.NET Core от 3-х лет; Entity Framework; ASP.NET и WebApi; Angular 7+ (TypeScript) от 2-х лет; Опыт самостоятельного создания рабочих веб-приложений; Опыт работы с микросервисной архитектурой (REST JSON API) с поставкой в docker; Умение работать в команде и желание строить эффективную команду; Знание Python будет плюсом; Плюсом будет умение/желание развиваться в смежных технологиях, пробовать новое, щупать frontend, интересоваться автотестами, devops-задачами.    Естественно, наши сотрудники:  Получают «белую» зарплату; Имеют права в соответствии с трудовым законодательством; Отдыхают 28 дней в году; Пьют по утрам бесплатный кофе и чай в приятной компании (до 10 человек в кабинете) ; Наслаждаются комфортной обстановкой в удобном современном офисе Технопарка Академгородка; Иногда ездят в командировки развеяться.   ";Область наших интересов – нефтегазовая отрасль. Период накопления наших знаний и контактов в индустрии – 25 лет. Наши компетенции и опыт сейчас...;Мы расширяем свою команду для создания современных веб-приложений. В их основе находится мощный backend-слой, обеспечивающий работу с большими...;"Python; Entity Framework; AngularJS; ASP.NET; UI";;807;0.034482758620689655;Full stack;0;1;0;1;0;0;0;0;1;0;0;1;0;0;0;0.0;0.0;0.0;0.0;0.0;0.0;0.0;1.0;1.0;0.0;0.0;1.0;0.0;0.0;0.0;0.0;0.0;0.0;0.0;0.0;1.0
17;29;Разработчик Full Stack html5 игр;4.0;6.0;Overmobile;2019-12-10T09:15:56+0300;Зарплата: от 100.000 до 200.000 рублейТребуемый опыт работы: от 3 Полная занятость, гибкий график О нас: Компания Overmobile 12 лет на рынке мобильных и браузерных игр. У нас десятки успешных игр на разных платформах. Мы - небольшая команда в большой компании. Делаем успешные html5 онлайн игры. Ищем талантливого Frontend программиста JS.   Что по технологиям:   Backend: Java   Front: JavaScript, ES5+, TypeScript, CSS3, html5     Что вам придётся делать:   Работать с серверными разработчиками   Разрабатывать клиентскую часть и новые интерфейсы игр     От кандидата:   Опыт программирования на Java от 2-x лет   Опыт работы с NoSQL, например MongoDB   Понимание принципов ООП   Знание основных design patterns (GoF)   Желание разбираться в чужом коде   Опыт работы с системами контроля версий   Опыт программирования на JavaScript/TypeScript от 1-2 лет   Будет плюсом:   Опыт работы в Геймдеве   Опыт работы с высоконагруженными проектами. (10к+ игроков могут собраться на ивэнт и поиграть онлайн)   Опыт разработки на C#, Java и других высокоуровневых языка   Условия:   Всё в белую по ТК РФ + бонусы   Компенсация перелёта и проживания сотруднику раз в год дополнительно к отпускным. Можно слетать в тур 1 раз в год бесплатно :)   100% оплата на больничных   Компенсация спорта   Гибкий график, главное результат, а не отработанные часы   Отсутствие бюрократии, отчетов - мы ориентируемся на эффективность   Дружелюбные и профессиональные коллеги   Корпоративы, праздники, выезды   Кофе, плюшки, фрукты за счет компании   Большие премии: По итогам выполненных задач, Новый год и так далее   И самое главное: У зарплаты нет верхней границы. Чем успешней продукт, тем выше зарплата     Ждём от вас:   Резюме на email   Пример вашего кода   До встречи, коллега!  ;Опыт программирования на Java от 2-x лет. Опыт работы с NoSQL, например MongoDB. Понимание принципов ООП. Знание основных design...;Работать с серверными <highlighttext>разработчиками</highlighttext>. Разрабатывать клиентскую часть и новые интерфейсы игр.;"JavaScript; HTML5; ООП; jQuery; MongoDB";   Всё в белую по ТК РФ + бонусы   Компенсация перелёта и проживания сотруднику раз в год дополнительно к отпускным. Можно слетать в тур 1 раз в год бесплатно :)   100% оплата на больничных   Компенсация спорта   Гибкий график, главное результат, а не отработанные часы   Отсутствие бюрократии, отчетов - мы ориентируемся на эффективность   Дружелюбные и профессиональные коллеги   Корпоративы, праздники, выезды   Кофе, плюшки, фрукты за счет компании   Большие премии: По итогам выполненных задач, Новый год и так далее   И самое главное: У зарплаты нет верхней границы. Чем успешней продукт, тем выше зарплата     Ждём от вас:   Резюме на email   Пример вашего кода   До встречи, коллега!  ;829;0.06896551724137931;Full stack;0;1;0;0;0;1;0;0;1;0;0;1;0;0;0;0.0;1.0;0.0;0.0;1.0;0.0;1.0;0.0;0.0;0.0;1.0;0.0;1.0;0.0;0.0;0.0;0.0;0.0;0.0;0.0;0.0
18;32;Senior Python Developer (full stack);2.0;3.0;Akvelon;2019-12-11T18:18:28+0300;"Рассмотрим кандидатов для работы из офиса или удаленно во всех регионах России. Возможна релокация в США. Мы ищем Senior Python разработчиков для работы над одним из клиентских проектов - крупнейшим в мире облачным сервисом, входящим в ТОП-5 облачных хранилищ 2019 года, которые смогут присоединиться к интернациональной команде разработчиков в Сан-Франциско и принять участие в работе над развитием и оптимизацией сервиса. Что мы ожидаем от кандидатов:  Глубокое знание языков Python (и знание Go большой плюс)в контексте бэкенд-разработки; Опыт работы с JS, Bootstrap и Angular Frameworks; Опыт работы с Linux; Разговорый английский; Умение работать в территориально распределенной команде; Способность самостоятельно решать текущие задачи.  Приветствуются:  Опыт работы с вэб-стеком: TCP, load balancing, DNS; Огромным плюсом будет знание Golang + Bazel; Знание MySQL.  Мы предлагаем:  Действительно интересный проект, о котором не стыдно написать в резюме; Высокую заработную плату; Оплачиваемые отпуск и больничные; Гибкий график работы; Готовы продвигать вас и помогать в реализации как профессионалу; Рабочие командировки в США (Сиэтл, Сан-Франциско); Возможен переезд в штаты при желании. ";Глубокое знание языков Python (и знание Go большой плюс)в контексте бэкенд-разработки. Опыт работы с JS, Bootstrap и Angular...;;"Python; Go; Frontend; MySQL; AngularJS; Bootstrap; TCP/IP; DNS; Bazel; Golang";"  Действительно интересный проект, о котором не стыдно написать в резюме; Высокую заработную плату; Оплачиваемые отпуск и больничные; Гибкий график работы; Готовы продвигать вас и помогать в реализации как профессионалу; Рабочие командировки в США (Сиэтл, Сан-Франциско); Возможен переезд в штаты при желании. ";832;0.0;Full stack;0;1;0;0;0;1;0;0;0;0;1;1;0;0;0;0.0;0.0;0.0;0.0;0.0;0.0;0.0;0.0;1.0;0.0;0.0;1.0;0.0;1.0;0.0;0.0;0.0;0.0;0.0;0.0;1.0
19;93;Full-stack developer;2.0;3.0;Softline;2019-12-12T07:56:36+0300;" Приглашаем в отдел разработки программного обеспечения программиста Проект soica.ru Вакансия актуальна для РФ  Мы рассматриваем кандидатов с профессиональным успешным опытом в разработке, также начинающих специалистов, жаждущих развития и имеющих портфолио с интересными проектами или по результатам ТЗ.  ЗАДАЧИ: Работа в команде с team leader над web - модулями платформы soica.ru (система потокового распознавания документов):  Модернизация и доработка web приложений платформы; Реализация новых компонентов интерфейса (web-приложение).  МЫ ОЖИДАЕМ:  3+ года опыта разработки на C#; ASP.NET MVC и/или Web API; Опыт работы с Entity Framework; JavaScript, HTML, CSS, Ajax, jQuery; Опыт работы с Git; Весьма желательно умение и желание писать unit тесты; Будет преимуществом наличие портфолио.  МЫ ПРЕДЛАГАЕМ:  Работа в международной и лидирующей IT компании, профессиональное развитие; Социальный пакет согласно ТК РФ, официальное трудоустройство; Работа в молодой и дружной команде профессионалов; Удаленная работа. ";3+ года опыта разработки на C#. ASP.NET MVC и/или Web API. Опыт работы с Entity Framework. ;Модернизация и доработка web приложений платформы. Реализация новых компонентов интерфейса (web-приложение).;"C#; ASP.NET; JavaScript; HTML; CSS; Ajax; jQuery; Git";;893;0.0;Full stack;0;1;0;0;0;1;0;0;0;0;1;1;0;0;0;1.0;0.0;1.0;1.0;0.0;1.0;1.0;1.0;0.0;0.0;0.0;0.0;0.0;0.0;0.0;0.0;0.0;0.0;0.0;0.0;1.0
20;10;Full-Stack разработчик;2.0;3.0;ГисАвто;2019-12-12T06:51:04+0300;"Наша компания является одним из лидеров на рынке облачных решений, предлагает своим клиентам доступ к широкому спектру сервисов по автомобильной тематике, включая средства навигации, коммуникации, поиска, отзывов, размещения и хранения разного рода информации. В нашу динамично растущую команду нужен FullStack-разработчик c опытом разработки на PHP и JS для работы над масштабным проектом, направленным на Россию, Ближнее зарубежье, Европу и Китай. Наши пожелания к будущему коллеге:  Опыт командной работы (git, code review); Понимание принципов OOP, SOLID, MVC; Знание и навыки работы с PSR приветствуются; Приветствуется также опыт работы с Redis, опыт мониторинга и оптимизации SQL-запросов.  Задачи:  Работа с исключительными ситуациями (exceptions) со стороны кода; Консультирование DevOps-команды по работе кода проекта; Участие в написании Unit-тестов и автотестов; Участие в разработке в командах фронтэнда и бэкенда (PHP, JS, GO).  Мы предлагаем комфортные условия для работы:  Достойный уровень заработной платы (обсуждается индивидуально) и своевременность ее выплаты два раза в месяц; Профессиональное развитие в позитивном коллективе; Удобный гибкий график работы; Наличие уютного кофе-поинта на территории офиса; Оборудованное комфортное рабочее место; Интересные задачи на высоконагруженном проекте с продвинутыми технологиями; Сильная команда разработчиков, имеется служба devops, лояльное руководство; Комфортный офис в 5-минутах ходьбы от метро Заельцовская (площадь Калинина).  Ждем Ваше резюме откликом на вакансию! Если у Вас недостаточно знаний или опыта, но есть желание развиваться в сфере информационных технологий, то мы будем рады рассмотреть резюме целеустремленного кандидата.";Опыт командной работы (git, code review). Понимание принципов OOP, SOLID, MVC. Знание и навыки работы с PSR приветствуются. ;Работа с исключительными ситуациями (exceptions) со стороны кода. Консультирование DevOps-команды по работе кода проекта. Участие в написании Unit-тестов...;"PostgreSQL; ООП; Git; Redis; JavaScript; SOLID; MySQL; Linux; Docker";;910;0.0;Full stack;0;1;0;0;1;0;0;1;0;0;0;1;0;0;0;1.0;0.0;0.0;1.0;1.0;0.0;0.0;0.0;0.0;0.0;0.0;0.0;0.0;1.0;1.0;0.0;0.0;0.0;0.0;0.0;1.0
21;18;Full-stack developer;4.0;3.0;Креатик Софт;2019-12-12T05:25:27+0300;"Привет! Мы - компания CreaticSoft, компания разработчиков, менеджеров, тестировщиков, аналитиков, влюбленных в свое дело. Нам нравится работать в кругу настоящих профессионалов, расти и развиваться вместе. У нас открыта вакансия Fullstack Developer, и мы приглашаем тебя знакомиться. Мы в IT с 2003 года. Наши проекты:  Центральная часть платформы Tradeshift — e-commerce “соцсети”, которая соединяет корпоративных покупателей и поставщиков, автоматизирует их взаимоотношения. Смесь Amazon и Uber для Middle East — каталог местных бизнесов с их товарами и сервис их доставки, а заодно и такси. ProductLAB — внутреннее RD-направление по созданию конвейера новых IT-продуктов.  Наши офисы — в Технопарке, в центре на Добролюбова и Словении. Синхронизируем работу над бэклогом с коллегами из Дании, Румынии, Китая и США. Общаемся онлайн, ездим друг к другу в гости. Каждый сотрудник может провести в Словении до 2 месяцев в году, с компенсацией затрат на проживание.Бэкенд — на Java. Фронтенд — на AngularJS, Node.js, React. Данные храним в PostgreSQL. Облака — AWS, Kubernetes, Docker. Каждую пятницу проводим митапы в офисе. Требуемые навыки:  Знание основ алгоритмов, структур данных и паттернов проектирования; Опыт или интерес к разработке многопоточных высоконагруженных систем; Продвинутое знание и профессиональный опыт разработки на Angular является ключевым требованием. Опыт работы с PHP 7 очень желателен, однако мы с удовольствием рассмотрим кандидатов и без знания PHP, но с обширным опытом объектно-ориентированного программирования. Опыт работы и хорошее знание HTML/HTML5/CSS/LESS; Опыт работы с технологиями REST, Ajax, WebSockets; Опыт работы с системами контроля версиями (Git); Опыт работы в *nix операционных системах.  Плюсом будет:  Опыт работы с инфраструктурой AWS, Docker; Знание Golang, .Net; Преобразование данных XML, XSLT, XPath JSON; Опыт работы по Kanban/Scrum; Практический опыт с системами: автоматической сборки и непрерывной интеграции приложений (Jenkins, Maven); Опыт работы с nginx, Apache, IIS, Varnish; Опыт работы с реляционными СУБД (mySQL, Postgres); Умение быстро разбираться в чужом коде; Знание английского языка не ниже intermediate, способность вести техническую беседу.  Если вы чего-то не знаете, не волнуйтесь, мы поможем :) Обязанности:  Разработка новых и поддержка существующих e-commerce решений (текущий стек: Angular 7, PHP 7 [Laravel], .Net, Go); Поддержка работоспособности системы; Участие в обсуждении новой функциональности и технологий. ";;Требуемые навыки: Знание основ алгоритмов, структур данных и паттернов проектирования. Опыт или интерес к разработке многопоточных высоконагруженных систем. ;Смесь Amazon и Uber для Middle East — каталог местных бизнесов с их товарами и сервис их доставки, а заодно и...;"AngularJS; PHP; HTML";1018;0.0;Full stack;0;1;0;0;1;0;0;0;1;0;0;1;0;0;0;0.0;0.0;0.0;0.0;0.0;0.0;0.0;0.0;0.0;0.0;0.0;0.0;0.0;0.0;0.0;0.0;0.0;0.0;0.0;0.0;1.0
22;84;Fullstack Java-разработчик;2.0;3.0;R-Style Softlab (Эр-Стайл Софтлаб);2019-12-10T17:45:33+0300;"R-Style SoftLab в поисках разработчиков Java middle и senior уровней! Мы делаем банковские ИТ продукты, которые улучшают и облегчают жизнь миллионов людей. Наши системы интернет-банкинга и мобильные приложения успешно работают в крупнейших банках России и СНГ. Мы наращиваем портфель заказов и поэтому расширяем проектные команды в наших филиалах! Чем предстоит заниматься:  Разрабатывать высоконагруженные системы в банковском и страховом секторе в роли fullstack Java разработчика Осуществлять интеграцию продукта с различными внешними системами; Разрабатывать пользовательские интерфейсы, бизнес-логику; Участвовать в проектировании баз данных и архитектуры продуктов;  Каких Джавистов мы особенно ждем:  Умеющих разрабатывать web-приложения на Java с опытом разработки от 1 года Уверенно владеющих Java SE (1.7, 1.8) Владеющих стеком - JavaScript, HTML, CSS Большим плюсом является знание Spring, Hibernate, HTML, JavaScript, WebServices (JAX-WS), REST Service, а в идеале - React JS, Tapestry (или JSF) Умеющих работать с системами контроля версий (SVN/GIT) Понимающих принципы создания многопоточных приложений, а в идеале - и принципы построения решений в микросервисной архитектуре Умеющих читать и понимать ER-диаграммы, UML Уверенно работающих с СУБД Oracle или PostgreSQL Навыки проектирования баз данных приветствуются  Что может предложить R-Style Softlab:  Масштабные проекты, в которых можно проявить свои способности; Разработка и совершенствование проектов ведется в микросервисной архитектуре; Мы придерживаемся идеи использования современных технологий и подходов везде, где это возможно; Практикуем Agile подход, но не сторонники жесткого ограничения в нём. Понимаем, когда Agile нужен, а когда лучше воспользоваться другими методологиями; Мы обучаем наших сотрудников, проводим внутренние митапы; Работа в надежной стабильной компании (участника рейтинга работодателей России по рейтингу hh.ru) - лидере рынка банковской автоматизации; Оформление в соответствии с ТК РФ; Заработная плата официальная - оклад и достойные премии по результатам работы; График работы: 5/2, полный рабочий день, гибкое время начала рабочего дня (с 8 до 11). Добровольное медицинское страхование, хорошие клиники и программы; Корпоративное обучение и различные корпоративные мероприятия. ";;Умеющих разрабатывать web-приложения на Java с опытом разработки от 1 года. Уверенно владеющих Java SE (1.7, 1.8). ;Разрабатывать высоконагруженные системы в банковском и страховом секторе в роли fullstack Java <highlighttext>разработчика</highlighttext>. Осуществлять интеграцию продукта с различными внешними системами. ;"Java; JSP; HTML; CSS; Spring Framework; JavaScript; PostgreSQL; SVN; Git; ORACLE";1084;0.034482758620689655;Full stack;0;1;0;0;1;0;0;0;1;0;0;1;0;0;0;0.0;0.0;0.0;0.0;0.0;0.0;0.0;0.0;0.0;0.0;0.0;0.0;0.0;0.0;0.0;1.0;0.0;0.0;0.0;0.0;0.0
23;99;Fullstack Java-разработчик (в Крым);2.0;3.0;R-Style Softlab (Эр-Стайл Софтлаб);2019-12-10T17:45:40+0300;"R-Style SoftLab в поисках разработчиков Java middle и senior уровней! Мы делаем банковские ИТ продукты, которые улучшают и облегчают жизнь миллионов людей. Наши системы интернет-банкинга и мобильные приложения успешно работают в крупнейших банках России и СНГ.Если вам давно хотелось сменить окружающий вас ландшафт на возможность работать в паре километров от пляжа, в более мягком морском климате, принимая участие в интересных проектах, то эта вакансия – шанс реализовать план!R-Style SoftLab запускает программу релокации в крымском направлении для Java-разработчиков России! Мы наращиваем портфель заказов и поэтому расширяем проектные команды в наших южных филиалах! Чем предстоит заниматься:  Разрабатывать высоконагруженные системы в банковском и страховом секторе в роли fullstack Java разработчика Осуществлять интеграцию продукта с различными внешними системами; Разрабатывать пользовательские интерфейсы, бизнес-логику; Участвовать в проектировании баз данных и архитектуры продуктов;  Каких Джавистов мы особенно ждем:  Умеющих разрабатывать web-приложения на Java с опытом разработки от 1 года Уверенно владеющих Java SE (1.7, 1.8) Владеющих стеком - JavaScript, HTML, CSS Большим плюсом является знание Spring, Hibernate, HTML, JavaScript, WebServices (JAX-WS), REST Service, а в идеале - React JS, Tapestry (или JSF) Умеющих работать с системами контроля версий (SVN/GIT) Понимающих принципы создания многопоточных приложений, а в идеале - и принципы построения решений в микросервисной архитектуре Умеющих читать и понимать ER-диаграммы, UML Уверенно работающих с СУБД Oracle или PostgreSQL Навыки проектирования баз данных приветствуются  Что может предложить R-Style Softlab:  Масштабные проекты, в которых можно проявить свои способности; Разработка и совершенствование проектов ведется в микросервисной архитектуре; Мы придерживаемся идеи использования современных технологий и подходов везде, где это возможно; Практикуем Agile подход, но не сторонники жесткого ограничения в нём. Понимаем, когда Agile нужен, а когда лучше воспользоваться другими методологиями; Мы обучаем наших сотрудников, проводим внутренние митапы; Работа в надежной стабильной компании (участника рейтинга работодателей России по рейтингу hh.ru) - лидере рынка банковской автоматизации; Оформление в соответствии с ТК РФ; Заработная плата официальная - оклад и достойные премии по результатам работы; График работы: 5/2, полный рабочий день, гибкое время начала рабочего дня (с 8 до 11). Добровольное медицинское страхование, хорошие клиники и программы; Корпоративное обучение и различные корпоративные мероприятия;  По программе релокации:  Компенсация билета*, чтобы приехать/прилететь к нам; Разовые подъёмные*, чтобы начать обосновываться; 50% компенсации затрат на проживание* в городах присутствия R-Style SoftLab (Севастополь, Симферополь) после успешного прохождения испытательного срока (3 месяца в соответствии с ТК РФ); Море – всего в получасе пешей прогулки от севастопольского офиса или в часе езды от симферопольского!*Все суммы обговариваются с кандидатами, успешно прошедшими отбор на эту вакансию ";;Умеющих разрабатывать web-приложения на Java с опытом разработки от 1 года. Уверенно владеющих Java SE (1.7, 1.8). ;Разрабатывать высоконагруженные системы в банковском и страховом секторе в роли fullstack Java <highlighttext>разработчика</highlighttext>. Осуществлять интеграцию продукта с различными внешними системами. ;"Java; JSP; HTML; CSS; Spring Framework; JavaScript; PostgreSQL; SVN; Git; ORACLE";1099;0.034482758620689655;Full stack;0;1;0;0;0;1;0;0;1;0;0;1;0;0;0;0.0;0.0;0.0;0.0;0.0;0.0;0.0;0.0;0.0;0.0;0.0;0.0;0.0;0.0;0.0;1.0;0.0;0.0;0.0;0.0;0.0
24;14;Senior Fullstack Developer, Content Management Platform (Санкт-Петербург);2.0;3.0;DataArt;2019-12-10T19:20:35+0300;Senior Fullstack Developer, Content Management Platform (Санкт-Петербург) О работе Клиент DataArt — американский стартап в области сбора и управления данными. Сервис агрегирует информацию из различных аккаунтов, корпоративных источников (Gmail, Google Drive, Dropbox, Slack) в единое хранилище. In-house-команда базируется в офисе клиента в Нью-Йорке. Специалисты DataArt будут работать над постепенным улучшением кода бета-версии платформы. Команда: 2+ технических специалистов из Украины. Технологический стек: RESTful services, Node.JS, PostgreSQL, Vue.js, облачные сервисы (AWS, Google Cloud), JavaScript. Процессы построены по принципу гибкой разработки (Agile). Система контроля версий — GIT. Анализ кода (code review) — GitLab, GitHub. Обязанности  Разработка: 50% Поддержка / отладка, исправление багов: 40% (Asana используется как инструмент для отслеживания ошибок) Общение с командой: 10% (созвоны по Skype)  Требования  Опыт разработки коммерческого ПО не менее 5-ти лет. Опыт разработки веб-сервисов с использованием JavaScript, Node.JS. Опыт построения масштабируемых приложений. Опыт работы с Postgresql / RDS. Опыт работы с AWS. Знание английского.  Будет плюсом  Опыт работы с Vue.js. Опыт работы с Docker. Опыт построения Slack-ботов.    DATAART ПРЕДЛАГАЕТ:  Профессиональное развитие:- Опытные коллеги готовы делиться знаниями.- Возможность менять проекты, стек, пробовать себя в разных ролях.- Более 150 внутренних курсов повышения квалификации.- Изучение и практика английского: курсы, общение с коллегами и клиентами из разных стран.- Поддержка докладчиков, выступающих на конференциях и встречах технологических сообществ. Возможность сосредоточиться на работе: отсутствие бюрократии и микроменеджмента, удобные корпоративные сервисы. Дружеская атмосфера, забота о комфорте специалистов. Гибкий график (есть присутственные часы), возможность работать удаленно по согласованию с коллегами. Возможность поработать в любом нашем центре разработки. ;Опыт разработки коммерческого ПО не менее 5-ти лет. Опыт разработки веб-сервисов с использованием JavaScript, Node.JS. Опыт построения масштабируемых...;Разработка: 50%. Поддержка / отладка, исправление багов: 40% (Asana используется как инструмент для отслеживания ошибок). Общение с командой: 10% (созвоны по...;" Git;JavaScript; CSS; JavaScript; ООП";;1114;0.034482758620689655;Full stack;0;1;0;0;0;1;0;1;0;0;0;1;0;0;0;1.0;1.0;1.0;1.0;1.0;0.0;0.0;0.0;0.0;0.0;0.0;0.0;0.0;0.0;0.0;0.0;0.0;0.0;0.0;0.0;0.0
25;25;Full Stack разработчик;2.0;3.0;Смарт консалтинг;2019-12-09T07:50:32+0300;"О компании Мы помогаем сделать жизнь в нашей стране лучше и удобнее для ее граждан! Наш приоритетный вектор - проекты государственной значимости. Наши информационные системы внедрены во многих регионах России от Карелии до Чукотки. Ежедневно государство оказывает услуги порядка 40 миллионам россиян с помощью систем, которые мы разработали. Наши продукты выстраивают работу множества различных государственных ведомств в единый слаженный механизм, чтобы граждане могли быстро и легко получить государственные услуги. О наших продуктах Digit МЭВ предназначен для обеспечения работы региональной части электронного правительства: автоматизации процессов оказания государственных услуг в электронном виде, в том числе для обработки обращений поступающих через систему межведомственного электронного взаимодействия с Единого портала государственных услуг, Региональных порталов, Многофункциональных центров. О продуктовой команде Digit МЭВ Мы энергичная, позитивная и ответственная команда! Каждый готов прийти на помощь друг другу. Мы обеспечиваем полный цикл работы продукта, принимаем участие на всех этапах его жизни, от планирования каких-либо изменений, до утилизации функционала. Мы активно взаимодействуем как с внешними клиентами, так и внутри компании: командами сервиса, эксплуатации, другими продуктовыми командами. Какие задачи будут стоять перед тобой:   написание кода;   рефакторинг;   ревью кода;   консультирование специалистов других отделов по технической части;   оценка и распределение задач.   Твоей зоной развития может быть возможность развивать команду разработки, а именно - повышение технического навыка программистов и наставничество для новых сотрудников. Проверяй насколько ты готов работать со стеком из списка:   Java EE   фреймворк Tapestry   ORM (преимуществом будет Hibernate)   любой JS-фреймворк, предпочтительно Backbone   реляционные базы данных (преимуществом будет PostgreSQL)   разработка клиент-серверных приложений, как с графическим интерфейсом, так и без него.   Если ты никогда не сталкивался с чем-то из списка выше, но хотел бы этому научиться, просто напиши об этом в сопроводительном письме к своему резюме и расскажи о том, что ты умеешь. У нас работают, потому что:   Мы ценим доверие своих коллег, поэтому предлагаем официальную белую заработную плату и трудоустройство с первого рабочего дня.   Нам важно здоровье наших коллег, поэтому у нас есть ДМС и корпоративные скидки на фитнес.   Мы помогаем друг другу во всех начинаниях и идеях, а наших новых сотрудников у нас поддерживают наставники.   Нам важно наше развитие, поэтому мы даем возможность пробовать себя в новых задачах, если у тебя к ним есть интерес (даже за рамками твоей должности!).   Мы меняемся и развиваемся, для этого организуем корпоративные тренинги, конференции и прочие мероприятия как для полезного, так и для приятного времяпровождения.   Для комфортной работы у нас есть офисы в центре Новосибирска и Академгородке (резиденты Технопарка).   Жми Откликнуться! и давай знакомиться!";Java EE. Фреймворк Tapestry. ORM (преимуществом будет Hibernate). Любой JS-фреймворк, предпочтительно Backbone. Реляционные базы данных (преимуществом будет PostgreSQL). ;Написание кода. Рефакторинг. Ревью кода. Консультирование специалистов других отделов по технической части. Оценка и распределение задач.;" Git;JavaScript; CSS; JavaScript; ООП";;1125;0.10344827586206896;Full stack;0;1;0;0;1;0;0;0;1;0;0;1;0;0;0;1.0;1.0;1.0;1.0;1.0;0.0;0.0;0.0;0.0;0.0;0.0;0.0;0.0;0.0;0.0;0.0;0.0;0.0;0.0;0.0;0.0
26;45;Python fullstack developer;1.0;2.0;Elastoo;2019-12-09T12:35:25+0300;Мы - небольшая команда, которая занимается интересными, нестандартными и потенциально выгодными проектами в сфере веб приложений, рекомендательных систем, и больших данных. Наше желание - делать продукты в стиле сериала black mirror и хорошо зарабатывать.Мы придерживаемся подхода к разработке как в Telegram: большие продукты делает маленькая, но компетентная команда. Среди наших проектов- сервис заработка в индустрии киберспорта- телеграм бот для обмена валютами- телеграм бот для просмотра своей инвестиционной статистики- сервис агрегатор провайдеров- сервис дейтинга- сервис сбора данных с US агрегаторов вакансий- рекомендательная система по подбору людей- сервис определения усталости таксистов по видео Мы ищем нового участника #middle в нашу команду, чтобы нарастить продуктивность. Мы хотели бы увидеть остроумного, смышленого, самостоятельного, инициативного, доброго и веселого члена команды. Ищем любой из трех вариантов, в порядке предпочтения: 1. Python Vue fullstack2. Python backend2. Vue/ Nuxt frontend Плюсом будет- Vue/Nuxt- Telegram Bot API- Selenium- CoffeeScript- Pug- Stylus- Webpack- Nginx- Linux(deb-based) Мы не требуем 100% знания или умения, или уже состоявшейся экспертности. Мы отдадим предпочтение человеку, способному быстро учиться, чем тому, кто большого о себе мнения.;Наше желание - делать продукты в стиле сериала black mirror и хорошо зарабатывать. Мы придерживаемся подхода к разработке как в Telegram...;Среди наших проектов. - сервис заработка в индустрии киберспорта. - телеграм бот для обмена валютами. - телеграм бот для просмотра своей инвестиционной статистики. - ;"Python; Linux; MongoDB; Nginx; vue; nuxt; selenium";;1145;0.10344827586206896;Full stack;0;1;0;1;0;0;0;0;0;0;1;1;0;0;0;0.0;0.0;0.0;0.0;0.0;0.0;0.0;0.0;1.0;0.0;0.0;0.0;1.0;0.0;1.0;0.0;0.0;0.0;0.0;0.0;1.0
27;78;Java/JS-fullstack разработчик;2.0;3.0;Сбербанк;2019-12-09T06:54:21+0300;"Java/JS-fullstack разработчик Разработка кроссплатформенного (iOS/Android) мобильного приложения на React Native + Java-backend по визуализации разнообразных данных о производственном процессе и других управленческих показателях.Конечные потребители: бизнес-, ИТ- руководство, команда. Источники данных: Elastic Search, Jira и другие.Примерные темы для реализации в приложении: релизы, их состав, соблюдение плана релизов, результаты тестирования, конвейер DevOps, бюджет, штат и прочее. Мы ждем от кандидата:  Опыт работы и уверенные знания Java (Core, Collection framework, Servlets, Multithreading)Опыт работы и уверенные знания основных модулей Spring FrameworkОпыт работы и уверенные знания JPA (опыт работы с реализациями Hibernate/OpenJPA)Опыт разработки по методологии TDD и знание основных инструментов (TestNG/JUnit, Mockito)Опыт разработки REST-сервисов (с пониманием основных принципов обеспечения обратной совместимости)Опыт работы с JMS (IBM MQ/ActiveMQ)Понимание основных шаблонов проектированияОпыт работы с Git (используется BitBucket), JiraОпыт разработки на Java от 2,5 лет Плюсом будет:Опыт разработки ПО для управления периферией (камера и микрофон)Опыт разработки на JS (React, Redux Form)  Мы предлагаем:- масштабные и высоконагруженные проекты с использованием новых технологий;- команду профессионалов, готовых поддержать ваши инициативы;- использование Agile-методологии;- возможность обучения и сертификации за счёт компании;-возможность изучения английского языка, не выходя из офиса;- гибкий график;- трудоустройство согласно трудовому кодексу- оклад плюс премии по результатам работы - корпоративное обучение- медицинскую страховку- материальная поддержка в особых случаях- скидки на продукты Сбербанка. Про Сбербанк Сбербанк — это современная техническая платформа, создающая новые способы потребления финансовых (и не только) услуг. Мы собираем лучшие технологии и управленческие методы из мировой практики, чтобы превратить «главный» банк России в передовую сервисную экосистему. Если тебе нравится эта идея, присоединяйся к нашей команде. За что сотрудники любят Сбербанк: прогрессивность: да, мы — банк со столетней историей, но одновременно и финтех-стартап с идеями о том, как изменить мир  масштаб: внутри одной компании можно развиваться в любом направлении и строить карьеру с любым уровнем амбиций эффект: ты стараешься — и это видят десятки миллионов людей.       ";Опыт работы и уверенные знания Java (Core, Collection framework, Servlets, Multithreading). Опыт работы и уверенные знания основных модулей Spring Framework. ;Разработка кроссплатформенного (iOS/Android) мобильного приложения на React Native + Java-backend по визуализации разнообразных данных о производственном процессе и...;" Git;JavaScript; CSS; JavaScript; ООП";"- масштабные и высоконагруженные проекты с использованием новых технологий;- команду профессионалов, готовых поддержать ваши инициативы;- использование Agile-методологии;- возможность обучения и сертификации за счёт компании;-возможность изучения английского языка, не выходя из офиса;- гибкий график;- трудоустройство согласно трудовому кодексу- оклад плюс премии по результатам работы - корпоративное обучение- медицинскую страховку- материальная поддержка в особых случаях- скидки на продукты Сбербанка. Про Сбербанк Сбербанк — это современная техническая платформа, создающая новые способы потребления финансовых (и не только) услуг. Мы собираем лучшие технологии и управленческие методы из мировой практики, чтобы превратить «главный» банк России в передовую сервисную экосистему. Если тебе нравится эта идея, присоединяйся к нашей команде. За что сотрудники любят Сбербанк: прогрессивность: да, мы — банк со столетней историей, но одновременно и финтех-стартап с идеями о том, как изменить мир  масштаб: внутри одной компании можно развиваться в любом направлении и строить карьеру с любым уровнем амбиций эффект: ты стараешься — и это видят десятки миллионов людей.       ";1178;0.10344827586206896;Full stack;0;1;0;1;0;0;0;0;1;0;0;1;0;0;0;1.0;1.0;1.0;1.0;1.0;0.0;0.0;0.0;0.0;0.0;0.0;0.0;0.0;0.0;0.0;0.0;0.0;0.0;0.0;0.0;0.0
