;Index;name;min_salary;max_salary;company;published_at;description;requirement;responsibility;key_skills;conditions;id;days;group;city_Екатеринбург;city_Новосибирск;city_Санкт-Петербург;min_experience_0;min_experience_1;min_experience_3;min_experience_6;schedule_Гибкий график;schedule_Полный день;schedule_Сменный график;schedule_Удаленная работа;employment_Полная занятость;employment_Проектная работа;employment_Стажировка;employment_Частичная занятость; SQL;SQL; Oracle Pl/SQL; XML;, &quot; MySQL;Oracle Pl/SQL; Базы данных; ORACLE; Git; MS Excel;цфт;Участие в проектах по внедрению и развитию автоматизированных информационных систем для промышленных предприятий уровня MES (Manufacturing Execution System). ;Разработка бизнес-логики корпоративной информационной системы на основе технологий Oracle. Разработка пользовательского интерфейса Web-приложений на основе технологий Oracle и...;Разработка функционала аналитической платформы (набор механизмов, на которых реализуется ряд прикладных модулей, таких как &quot;управленческий учет&quot;анализ финансового состояния&quot;налоговый...;Разработка хранимых процедур. Оптимизация процедур и запросов. Формирование выборок данных (выгрузок). Исправление багов в текущих хранимых процедурах.;Цель должности: Обеспечение подразделений информационно-аналитической отчетностью, получаемой по данным Корпоративного хранилища данных. Какие задачи необходимо решать: Развитие Корпоративного Хранилища...;Другие навыки
0;6;Аналитик SQL / Программист SQL;1.0;1.0;Клевер;2019-12-09T17:11:05+0300;"Аналитик SQL / Программист SQL / Разработчик отчетов Обязанности:  Разработка отчетов, в т.ч. печатных форм отчетности, по данным из информационных систем; Разработка запросов (СУБД Oracle) Загрузка и выгрузка данных;  Требования:  Хорошее знание SQL; Знание EXCEL; Аналитический склад ума;  Желателен опыт:  Разработки отчетов BIRT; Разработки сложных SQL-запросов для любой СУБД ";Хорошее знание SQL. Знание EXCEL. Аналитический склад ума. Желателен опыт:;Аналитик SQL / <highlighttext>Программист</highlighttext> SQL / <highlighttext>Разработчик</highlighttext> отчетов. Разработка отчетов, в т.ч. печатных форм отчетности, по данным из информационных систем. ;"SQL; MS Excel";;6;0.06896551724137931;БД;0;0;1;1;0;0;0;1;0;0;0;1;0;0;0;0.0;1.0;0.0;0.0;0.0;0.0;0.0;0.0;0.0;0.0;1.0;0.0;0.0;0.0;0.0;0.0;0.0;0.0;0.0;0.0;0.0
1;15;Программист - разработчик Oracle;3.0;1.0;ПАРФЮМ;2019-12-10T11:43:28+0300;"Обязанности: Сопровождение и развитие корпоративной информационной системы крупной компании, интеграция с программными продуктами других поставщиков; Требования:   Опыт работы в среде Oracle 11g, 12c, уверенное владение языками SQL и PL/SQL. Написание функций, процедур, пакетов, триггеров. Приветствуются и навыки администрирования Oracle, владение средствами разработки Oracle Forms, Reports. Приветствуется знание предметных областей: продажи, складской учет, CRM, транспортная логистика.   Условия:  Пятидневка, 09.00-18.00 Заработная плата от 90000 руб на испытательный срок ";Опыт работы в среде Oracle 11g, 12c, уверенное владение языками SQL и PL/SQL. Написание функций, процедур, пакетов...;Сопровождение и развитие корпоративной информационной системы крупной компании, интеграция с программными продуктами других поставщиков.;" SQL;SQL; Oracle Pl/SQL; XML;, &quot";  Пятидневка, 09.00-18.00 Заработная плата от 90000 руб на испытательный срок ;15;0.06896551724137931;БД;0;0;1;0;0;1;0;0;1;0;0;1;0;0;0;1.0;1.0;1.0;1.0;1.0;0.0;0.0;0.0;0.0;0.0;0.0;0.0;0.0;0.0;0.0;0.0;0.0;0.0;0.0;0.0;0.0
2;16;Разработчик PL/SQL (ЦФТ-Банк);2.0;1.0;ЛИПТ Софт;2019-12-11T11:37:08+0300;"Lipt Soft – лаборатория информационных платежных технологий. Мы создаём высоконагруженные отказоустойчивые системы и с 2012 года являемся стратегическим партнером банка Санкт-Петербург. На данный момент наша компания развивается, мы масштабируем команду и находимся в поисках грамотного программиста ЦФТ для сотрудничества в рамках наших разработок. Для эффективной работы на вакантной позиции необходимы:  отличные знания PL\SQL или PL PLUS; опыт работы с ЦФТ-Банк; опыт решения интеграционных задач; опыт работы с бизнес-заказчиком; знание банковского бизнеса и продуктовых направлений (кредиты/ депозиты/ РКО/ конверсии); знания форматов XML, JSON будет преимуществом.  Задачи:  проектирование и разработка локальной функциональности в системе ЦФТ-Банк; участие в приемо-сдаточных испытаниях; анализ AWR отчетов сопровождение разработанного функционала.  Условия:  работа в офисе БЦ класса А (Санкт-Петербург Плаза); гибкое начало рабочего дня; конкурентная белая заработная плата (оклад зависит от Ваших компетенций и задач, которые готовы решать вместе с нами), ежегодные премии и индексации; ДМС (включая стоматологию), компенсация занятий спортом; оплата обучения английскому языку в офисе, необходимых курсов и участия в конференциях; ";Отличные знания PL\SQL или PL PLUS. Опыт работы с ЦФТ-Банк. Опыт решения интеграционных задач. Опыт работы с бизнес...;Проектирование и разработка локальной функциональности в системе ЦФТ-Банк. Участие в приемо-сдаточных испытаниях. Анализ AWR отчетов. Сопровождение разработанного функционала.;"цфт; SQL; Oracle Pl/SQL; XML";"  работа в офисе БЦ класса А (Санкт-Петербург Плаза); гибкое начало рабочего дня; конкурентная белая заработная плата (оклад зависит от Ваших компетенций и задач, которые готовы решать вместе с нами), ежегодные премии и индексации; ДМС (включая стоматологию), компенсация занятий спортом; оплата обучения английскому языку в офисе, необходимых курсов и участия в конференциях; ";16;0.034482758620689655;БД;0;0;1;0;0;1;0;0;1;0;0;1;0;0;0;1.0;0.0;1.0;1.0;0.0;0.0;0.0;0.0;0.0;0.0;0.0;1.0;0.0;0.0;0.0;0.0;0.0;0.0;0.0;0.0;0.0
3;1;Программист MS SQL;2.0;1.0;ПАГ;2019-12-11T14:55:47+0300;"Process Automation Group (PAG) - компания по внедрению систем автоматизации (АСУТП и АСУП) на промышленных предприятиях. Более 15 лет наша компания является образцом качества и надежности предоставляемых услуг. Наш успех всегда зависит от наших сотрудников, которые являются главной ценностью компании.   В компании открыта вакансия на должность:  Программист MS SQL (Москва/Санкт-Петербург) Какие обязанности?   Участие в проектах по внедрению и развитию автоматизированных информационных систем для промышленных предприятий уровня MES (Manufacturing Execution System); Разработка, тестирование, ввод в эксплуатацию и сопровождение репортинговых систем. Работа с продуктами Microsoft: SQL Server, SSRS, SSAS, SSIS, SSDT, SSMS, Profiler и не только…    Что мы ожидаем от кандидата?  Высшее образование/неполное высшее (техническое); Понимание принципов построения реляционных баз данных; Хорошее знание Microsoft SQL Server, SQL Server Management Studio, T-SQL, Reporting Services; Хорошие коммуникативные навыки, бесконфликтность, быстрая обучаемость, умение работать в команде, умение проводить технический анализ задачи, умение документировать свою работу.    Будет большим преимуществом:  Опыт разработки и сопровождения отчетов (хранимые процедуры, триггеры, представления, функции, уровни изоляции, блокировки, запросы, оптимизация производительности, администрирование, OLAP); Опыт работы на первой линии поддержки; Умение быстро ориентироваться в существующем коде; Опыт взаимодействия с Заказчиком при формирования бизнес-требований к разработке, при вводе систем в эксплуатацию и последующем сопровождении; Опыт работы с системами контроля версий GitLab; Базовое знание языка C#; Английский язык (письмо, чтение).      Что мы готовы предложить?  Интересные инновационные проекты; Опыт работы с международными заказчиками; Возможность реализации собственных идей в области разработки приложений; Просторный, функциональный и уютный офис; Возможность работы в офисе в Москве (м. Бауманская) или в Санкт-Петербурге (м. Парнас); Корпоративная скидка на фитнес; Корпоративные мероприятия; Тренинги и семинары по повышению квалификации; Оклад по результатам собеседования и технического интервью; Плавающий график работы: пн-пт, с 10:00 до 19:00; Премии по результатам работ; Испытательный срок: до 3-х месяцев; Отсутствие жесткого дресс-кода; Спортивный, творческий и веселый коллектив.  Ждем Вас в нашем дружном коллективе!  ";;Высшее образование/неполное высшее (техническое). Понимание принципов построения реляционных баз данных. Хорошее знание Microsoft SQL Server, SQL Server Management Studio...;Участие в проектах по внедрению и развитию автоматизированных информационных систем для промышленных предприятий уровня MES (Manufacturing Execution System). ;"SSRS; SQL; SSAS; SSIS; SSDT; SSMS";101;0.034482758620689655;БД;0;0;1;0;0;1;0;0;1;0;0;1;0;0;0;0.0;0.0;0.0;0.0;0.0;0.0;0.0;0.0;0.0;0.0;0.0;0.0;1.0;0.0;0.0;0.0;0.0;0.0;0.0;0.0;0.0
4;25;Программист Oracle/ разработчик SQL/ PL,SQL;3.0;1.0;ВИТ;2019-12-10T09:58:31+0300;"Обязанности:  Разработка бизнес-логики корпоративной информационной системы на основе технологий Oracle. Разработка пользовательского интерфейса Web-приложений на основе технологий Oracle и PHP.  Требования:  Образование высшее в области информационных технологий или математики Опыт работы с СУБД Oracle в качестве разработчика от 1 года, знание Oracle SQL, PL/SQL; Опыт оптимизации запросов СУБД Oracle; Опыт работы в по созданию автоматизированных систем расчетов (биллинг) в области ЖКХ или телекоммуникаций;  Будут вашим преимуществом:  Знание и опыт работы с PHP; Знание и опыт работы с Oracle Forms.  Личные качества:  умение самостоятельно принимать решения, быстрая ориентация в большом объеме информации, умение работать в команде, умение работать при дефиците времени.    Условия:  Мы предлагаем интересную работу в стабильной компании, Оформление и социальные гарантии в соответствии с ТК РФ. График работы: будни 9.00-18.00, выходные: суббота, воскресенье. Офис находится по адресу: ул. Херсонская. Уровень дохода обсуждается индивидуально с каждым успешным кандидатом. ";  Мы предлагаем интересную работу в стабильной компании, Оформление и социальные гарантии в соответствии с ТК РФ. График работы: будни 9.00-18.00, выходные: суббота, воскресенье. Офис находится по адресу: ул. Херсонская. Уровень дохода обсуждается индивидуально с каждым успешным кандидатом. ;Опыт работы с СУБД Oracle в качестве <highlighttext>разработчика</highlighttext> от 1 года, знание Oracle SQL, PL/SQL. Опыт оптимизации запросов СУБД...;Разработка бизнес-логики корпоративной информационной системы на основе технологий Oracle. Разработка пользовательского интерфейса Web-приложений на основе технологий Oracle и...;;125;0.06896551724137931;БД;0;0;1;0;1;0;0;0;1;0;0;1;0;0;0;0.0;0.0;0.0;0.0;0.0;0.0;0.0;0.0;0.0;0.0;0.0;0.0;0.0;1.0;0.0;0.0;0.0;0.0;0.0;0.0;0.0
5;25;Senior Oracle Developer;2.0;1.0;Colvir Software Solutions;2019-12-12T12:31:11+0300;"Кто мы?Компания Colvir Software Solutions основана в Великобритании в 2000 году с целью разработки, внедрения и поддержки комплексных интегрированных решений для автоматизации финансовой и хозяйственной деятельности банков, почт, предприятий и государственных финансовых институтов.За время существования наша компания накопила обширный опыт разработки и внедрения ПО, успешно реализовала более 400 проектов в разных странах мира и стала ведущим поставщиком IT-решений в своем сегменте. Colvir Software Solutions входит в список TOP-20 в мире по количеству внедрений систем автоматизации в банковской сфере.Какие обязанности ждут кандидата? • разработка функционала аналитической платформы (набор механизмов, на которых реализуется ряд прикладных модулей, таких как управленческий учет, анализ финансового состояния, налоговый учет) Что мы хотим видеть в кандидате? • высшее техническое образование; • владение навыками разработки реляционных баз данных; • владение навыками объектно-ориентированного программирования; • понимание принципов построения клиент-серверных и трехуровневых систем с реляционными БД; • отличные знания SQL, опыт работы с Oracle не менее 3-х лет; • твердые знания Delphi, опыт разработки на Delphi (приветствуется) Что мы предлагаем взамен? • возможность иногда работать удаленно; • работа с масштабными и интересными проектами; • рост внутри компании; • адекватный коллектив; • внутреннее обучение; • корпоративная библиотека.  ";;Что мы хотим видеть в кандидате? Высшее техническое образование. Владение навыками разработки реляционных баз данных. Владение навыками объектно-ориентированного программирования. ;"Разработка функционала аналитической платформы (набор механизмов, на которых реализуется ряд прикладных модулей, таких как &quot;управленческий учет&quot;, &quot;анализ финансового состояния&quot;, &quot;налоговый...";"ORACLE; Oracle Pl/SQL; Delphi";325;0.0;БД;0;0;1;0;0;1;0;0;0;0;1;1;0;0;0;0.0;0.0;0.0;0.0;1.0;0.0;0.0;0.0;0.0;0.0;0.0;0.0;0.0;0.0;1.0;1.0;1.0;1.0;0.0;0.0;0.0
6;3;Разработчик SQL;2.0;3.0;Альфа-Банк;2019-11-19T19:24:31+0300;На проект Платформа торгового финансирования ищем SQL разработчика для развития и поддержки СЭД. Чем предстоит заниматься:  разработка хранимых процедур оптимизация процедур и запросов формирование выборок данных (выгрузок) исправление багов в текущих хранимых процедурах  Наши пожелания к кандидатам:  опыт проектирования, разработки на СУБД MS SQL владение средствами оптимизации запросов знание С# и .NET будет плюсом ;;Опыт проектирования, разработки на СУБД MS SQL. Владение средствами оптимизации запросов. Знание С# и .NET будет плюсом.;Разработка хранимых процедур. Оптимизация процедур и запросов. Формирование выборок данных (выгрузок). Исправление багов в текущих хранимых процедурах.;"MS SQL; Transact-SQL";403;0.7586206896551724;БД;1;0;0;1;0;0;0;0;1;0;0;1;0;0;0;0.0;0.0;0.0;0.0;0.0;0.0;0.0;0.0;0.0;0.0;0.0;0.0;0.0;0.0;0.0;0.0;0.0;0.0;1.0;0.0;0.0
7;26;Разработчик отчётности (PL\SQL);2.0;3.0;МегаФон;2019-12-12T10:40:51+0300;Компания ПАО МегаФон рассматривает кандидатов на позицию Разработчик отчётности. Цель должности: Обеспечение подразделений информационно-аналитической отчетностью, получаемой по данным Корпоративного хранилища данных.   Какие задачи необходимо решать:   Развитие Корпоративного Хранилища Данных (Oracle Exadata). Разработка PL/SQL-решений для трансформации данных по всем бизнес-процессам Компании. Работа с BI-инструментарием (SAP BusinessObjects, Oracle BI, Oracle DV): разработка репозитория, формирование бизнес-слоя для self-аналитики со стороны бизнеса. Формирование отчётности по заданным критериям. Визуализация данных (дашбординг средствами BI-систем, JavaScript, другое). Взаимодействие с бизнес-заказчиком с использованием гибких методологий разработки. Взаимодействие со смежными IT-подразделениями Компании в целях развития архитектуры Хранилища.  Для решения этих задач требуется:  Высшее техническое образование. Опыт разработки на PL\SQL. Знание ключевых принципов работы BI-систем. Опыт аналитической работы с техническими заданиями и документацией. Знание английского языка – на уровне чтения технической документации. Ответственность, организованность, коммуникабельность, умение работать в команде.   ;;Высшее техническое образование. Опыт разработки на PL\SQL. Знание ключевых принципов работы BI-систем. Опыт аналитической работы с техническими заданиями...;Цель должности: Обеспечение подразделений информационно-аналитической отчетностью, получаемой по данным Корпоративного хранилища данных. Какие задачи необходимо решать: Развитие Корпоративного Хранилища...;"SQL; ORACLE; Oracle Pl/SQL; Oracle BI; Python";426;0.0;БД;1;0;0;0;1;0;0;0;1;0;0;1;0;0;0;0.0;0.0;0.0;0.0;0.0;0.0;0.0;0.0;0.0;0.0;0.0;0.0;0.0;0.0;0.0;0.0;0.0;0.0;0.0;1.0;0.0
8;92;Разработчик Oracle;2.0;3.0;Центр финансовых технологий;2019-12-10T16:10:57+0300;"Мы ищем инженера-программиста для работы в команде по развитию информационной системы ЦФТ-Корпорация, одной из передовых информационных систем для автоматизации функций централизованного казначейства (используется в ГК Ростех и Росатом). Дирекция выполняет интересные нестандартные проекты у заказчиков небанковской сферы. Клиентами являются крупнейшие государственные и коммерческие компании. Обязанности:  разработка новых и доработка существующих бизнес-приложений под требования Заказчика в рамках проектов сопровождения ПО; разработка хранимых процедур, отчетов.  Требования:  опыт работы на аналогичной должности не менее двух лет; опыт работы с СУБД Oracle; желателен опыт проектной работы; приветствуется опыт работы в банке, в консалтинге, опыт командной работы; знания в области систем управления базами данных; навыки проектирования структуры БД и программирования запросов SQL и хранимых процедур PL\SQL; умение формализовать требования заказчиков и формировать техническое задание на разработку /доработку программного продукта; знание базовых принципов бухгалтерского учета (как плюс) опыт разработки на Java или C# (как плюс).  Мы предлагаем:   официальное трудоустройство, полный социальный пакет; конкурентоспособную заработную плату; дружный коллектив, открытые взаимоотношения в командах, обмен опытом; возможность профессионального и личностного роста; ДМС. ";"   официальное трудоустройство, полный социальный пакет; конкурентоспособную заработную плату; дружный коллектив, открытые взаимоотношения в командах, обмен опытом; возможность профессионального и личностного роста; ДМС. ";Опыт работы на аналогичной должности не менее двух лет. Опыт работы с СУБД Oracle. Желателен опыт проектной работы. ;Разработка новых и доработка существующих бизнес-приложений под требования Заказчика в рамках проектов сопровождения ПО. Разработка хранимых процедур, отчетов.;;492;0.06896551724137931;БД;1;0;0;0;1;0;0;0;1;0;0;1;0;0;0;0.0;0.0;0.0;0.0;0.0;0.0;0.0;0.0;0.0;0.0;0.0;0.0;0.0;0.0;0.0;0.0;0.0;0.0;0.0;0.0;1.0
9;8;Разработчик DB Oracle;2.0;3.0;ЭР-Телеком;2019-12-10T15:20:22+0300;"АО ЭР-Телеком Холдинг - ведущий независимый федеральный оператор телекоммуникационных услуг в России, по итогам 2018 года входит в Топ-5 привлекательных работодателей в сфере телеком по версии hh.ru. Ты знаешь нас по брендам Дом.ru и Movix. Работаем с 2001 года. По числу пользователей широкополосного доступа в интернет мы №2 в России, по пользователям платного ТВ - №3. IT в ЭР-Телекоме - это более 400 профессионалов, занимающихся развитием и поддержкой широкого набора информационных систем, от 1С и IBM Campaign до самописных биллинга и CRM на базе СУБД Oracle. Чем предстоит заниматься:  Разработка ПО для автоматизации внутренних систем и бизнес-процессов компании; Участие в проектировании структуры данных, разработка структуры БД; Разработка на PL\ SQL (функции, процедур, пакетов); Обеспечение работоспособности и производительности БД (поиск и оптимизация запросов); Анализ ошибок в использовании системы‚ предложение решений по их устранению; Оптимизация и рефакторинг программного кода.  Мы ждем от вас:  Хорошее знание СУБД Oracle, PL/SQL; Логическое мышление, способность разобраться в сложных ситуациях; Желание разобраться в бизнес-процессах компании.  Плюсом будет:  Опыт анализа сложных SQL-запросов; Умение понимать и изменять планы SQL-запросов для наилучшей производительности системы.  Мы предлагаем:  Работу в федеральной динамично развивающейся компании; Профессиональное развитие и карьерный рост; Официальное трудоустройство, полный соц.пакет (оплачиваемый отпуск, больничные); Белую зарплату, своевременные выплаты 2 раза в месяц; ДМС для Вас и Вашей семьи на льготных условиях; Программа лояльности с заведениями города: фитнес, банковские продукты, бары/рестораны и т.д.; Удобную парковку, комфортный офис и дружелюбную атмосферу в коллективе профессионалов! ";"  Работу в федеральной динамично развивающейся компании; Профессиональное развитие и карьерный рост; Официальное трудоустройство, полный соц.пакет (оплачиваемый отпуск, больничные); Белую зарплату, своевременные выплаты 2 раза в месяц; ДМС для Вас и Вашей семьи на льготных условиях; Программа лояльности с заведениями города: фитнес, банковские продукты, бары/рестораны и т.д.; Удобную парковку, комфортный офис и дружелюбную атмосферу в коллективе профессионалов! ";Хорошее знание СУБД Oracle, PL/SQL. Логическое мышление, способность разобраться в сложных ситуациях. Желание разобраться в бизнес-процессах компании. ;Разработка ПО для автоматизации внутренних систем и бизнес-процессов компании. Участие в проектировании структуры данных, разработка структуры БД. ;"SQL; Oracle Pl/SQL; CSS; HTML; jQuery";508;0.06896551724137931;БД;1;0;0;0;1;0;0;0;1;0;0;1;0;0;0;0.0;0.0;0.0;0.0;0.0;0.0;0.0;0.0;0.0;0.0;0.0;0.0;0.0;0.0;0.0;0.0;0.0;0.0;0.0;0.0;1.0
10;36;Разработчик SQL;2.0;3.0;КАРИ;2019-12-09T09:22:55+0300;"Обязанности:  Доработка и поддержка DWH (хранилища данных); Разработка SSIS/SSAS/SSRS и их поддержка; Написание триггеров, хранимых процедур, CodeReview и оптимизация запросов на T-SQL; Введение документации/описания.  Требования:  Хорошее знание Transact-SQL, понимание принципов работы СУБД; Администрирование БД, разбираться в блокировках, смотреть процессы и т.п. Способность самостоятельно найти требуемые данные и самостоятельно разобраться в предметной области Стремление к быстрому получению результата  Условия:  Работа в молодой и амбициозной международной Компании Оформление по ТК РФ (белая заработная плата) Уровень дохода обсуждается на интервью Скидки на продукцию нашей Компании 30% Скидки на продукцию Samsung до 45% Комфортная рабочая атмосфера, дружный коллектив График работы 5/2, часы работы: 9-18 ";  Работа в молодой и амбициозной международной Компании Оформление по ТК РФ (белая заработная плата) Уровень дохода обсуждается на интервью Скидки на продукцию нашей Компании 30% Скидки на продукцию Samsung до 45% Комфортная рабочая атмосфера, дружный коллектив График работы 5/2, часы работы: 9-18 ;Хорошее знание Transact-SQL, понимание принципов работы СУБД. Администрирование БД, разбираться в блокировках, смотреть процессы и т.п. ;Доработка и поддержка DWH (хранилища данных). Разработка SSIS/SSAS/SSRS и их поддержка. Написание триггеров, хранимых процедур, CodeReview и оптимизация...;"Transact-SQL; MS SQL; SQL; MS SQL Server; Delphi";536;0.10344827586206896;БД;1;0;0;0;1;0;0;0;1;0;0;1;0;0;0;0.0;0.0;0.0;0.0;0.0;0.0;0.0;0.0;0.0;0.0;0.0;0.0;0.0;0.0;0.0;0.0;0.0;0.0;0.0;0.0;1.0
11;69;Разработчик Oracle (хранилище данных);2.0;3.0;ANCOR FinTech;2019-12-09T07:37:53+0300;Крупный федеральный банк в поисках разработчика Oracle. Основной проект: формирование нового хранилища данных.    Обязанности:  Разработка витрин данных и аналитической отчетности на базе Хранилища данных. Сопровождение витрин данных: оптимизация, пересчет, предоставление прав доступа. Работа со сбоями – выяснение причин, устранение, исключение повторения. Моделирование решений при разработке витрин данных и аналитической отчетности. Документирование разработанных решений.  Требования:  Высшее образование (желательно техническое). Опыт работы с системами: хранилище данных, BI, системы отчетности. Знание PL/SQL. Желателен опыт работы в кредитной организации. Желательно знание Oracle BI, инструментов ETL (Informatica, Pentaho DI).  Условия:  Работа в банке федерального масштаба (офисы во всех регионах России). Заработная плата по результатам собеседования. Социальный пакет. Компенсация оплаты за бассейн. Профессиональное обучение, возможность повышения квалификации. Карьерный рост. Возможность участвовать в развитии, предлагать идеи и технологии. Услуги банка на льготных условиях. Интересная корпоративная жизнь. Офис в центре города. ;  Работа в банке федерального масштаба (офисы во всех регионах России). Заработная плата по результатам собеседования. Социальный пакет. Компенсация оплаты за бассейн. Профессиональное обучение, возможность повышения квалификации. Карьерный рост. Возможность участвовать в развитии, предлагать идеи и технологии. Услуги банка на льготных условиях. Интересная корпоративная жизнь. Офис в центре города. ;Высшее образование (желательно техническое). Опыт работы с системами: хранилище данных, BI, системы отчетности. Знание PL/SQL. Желателен опыт работы в...;Разработка витрин данных и аналитической отчетности на базе Хранилища данных. Сопровождение витрин данных: оптимизация, пересчет, предоставление прав доступа. ;"Oracle Pl/SQL; SQL; ORACLE; База данных: Oracle; Oracle 11G; Oracle BI";569;0.10344827586206896;БД;1;0;0;1;0;0;0;0;1;0;0;1;0;0;0;0.0;0.0;0.0;0.0;0.0;0.0;0.0;0.0;0.0;0.0;0.0;0.0;0.0;0.0;0.0;0.0;0.0;0.0;0.0;0.0;1.0
12;81;Разработчик баз данных;2.0;4.0;Сервис заказа такси Максим;2019-12-09T14:27:46+0300;"Максим ищет разработчиков в Екатеринбурге, Челябинске, Тюмени, Кургане и Набережных Челнах. Кто мы: - IT-компания, предоставляющая облачные решения в сфере такси. К нашим сервисам подключено большое количество компаний, среди которых как мелкие региональные игроки, так и компании с мировым именем, с сотнями городов и десятками стран присутствия. Что у нас есть: Активно меняющийся и развивающийся сервис, находящийся 24/7 под высокой нагрузкой от тысяч операторов и менеджеров, от десятков тысяч клиентов и водителей. Сервис, обслуживающий более миллиона заказов в сутки. Кого мы хотим найти: - человека с хорошей теоретической подготовкой в области баз данных, имеющего опыт использования и разработки под MSSQL или PostgreSQL (готовы рассмотреть опыт с другими СУБД, если вы готовы учиться :) ); - желателен опыт работы с веб-технологиями; - желателен опыт командной разработки; - обязательно: быть ответственным, трудолюбивым, писать понятный код и иметь огромное желание развиваться и делать реально полезные вещи. Что мы предлагаем: - множество интересных задач; - дружелюбный коллектив; - корпоративное обучение; - поездки на it-конференции; - комфортное рабочее место; - компенсацию питания; - бесплатные корпоративные мероприятия (Новый Год, командные выезды и движухи); - уровень заработной платы, который зависит от технических знаний и навыков (+ регулярный пересмотр, если вы растете).";;человека с хорошей теоретической подготовкой в области баз данных, имеющего опыт использования и разработки под MSSQL или PostgreSQL (готовы рассмотреть...;" SQL;SQL; Oracle Pl/SQL; XML;, &quot";;581;0.10344827586206896;БД;1;0;0;0;1;0;0;0;1;0;0;1;0;0;0;1.0;1.0;1.0;1.0;1.0;0.0;0.0;0.0;0.0;0.0;0.0;0.0;0.0;0.0;0.0;0.0;0.0;0.0;0.0;0.0;0.0
13;98;Разработчик SQL;2.0;3.0;Selecty;2019-12-06T17:26:31+0300;"Наш клиент, крупнейший частный банк, который предоставляет все виды финансовых услуг, включая обслуживание частных и корпоративных клиентов, инвестиционный банковский бизнес, лизинг, факторинг и торговое финансирование. Во всех направлениях бизнеса за банком прочно закрепился статус инновационного банка, ищет к себе в команду Разработчика SQL со знанием С#. Чем предстоит заниматься: SQL  разработка процедур обработки данных (MS SQL 2008-2016, T-SQL); оптимизация процедур и запросов; формирование выборок данных (выгрузок); сопровождение и мониторинг работы существующих БД.  C#  перенос логики из БД в средний слой; написание Rest-сервисов.  Наши пожелания к кандидатам:  опыт проектирования, разработки на СУБД MS SQL; владение средствами оптимизации запросов; знание С# и .NET.  Мы предлагаем:  Наличие квартальной премии, пятница - сокращенный рабочий день 10 дней 100% оплаты больничного, скидки на фитнес, услуги туристических агентств, продукты питания, в рестораны, бары, магазины ДМС, куда входит стоматология и обслуживание в лучших клиниках города Предложения от банка только для сотрудников: льготное кредитование и страхование, которая совмещает в себе две полноценные карты VISA — дебетовую и кредитную, а также льготные условия обслуживания на карты Cash Back и другие дополнительные возможности ";  Наличие квартальной премии, пятница - сокращенный рабочий день 10 дней 100% оплаты больничного, скидки на фитнес, услуги туристических агентств, продукты питания, в рестораны, бары, магазины ДМС, куда входит стоматология и обслуживание в лучших клиниках города Предложения от банка только для сотрудников: льготное кредитование и страхование, которая совмещает в себе две полноценные карты VISA — дебетовую и кредитную, а также льготные условия обслуживания на карты Cash Back и другие дополнительные возможности ;Опыт проектирования, разработки на СУБД MS SQL. Владение средствами оптимизации запросов. Знание С# и .NET.;Разработка процедур обработки данных (MS SQL 2008-2016, T-SQL). Оптимизация процедур и запросов. Формирование выборок данных (выгрузок). ;"MS SQL; Transact-SQL; C#; MS SQL Server; Кредитные договоры";598;0.1724137931034483;БД;1;0;0;0;1;0;0;0;1;0;0;1;0;0;0;0.0;0.0;0.0;0.0;0.0;0.0;0.0;0.0;0.0;0.0;0.0;0.0;0.0;0.0;0.0;0.0;0.0;0.0;0.0;0.0;1.0
14;7;Программист SQL (Разработчик WMS);2.0;3.0;Авто-Траст;2019-12-06T08:08:22+0300;Крупная оптовая компания ООО Авто-Траст в связи с расширением приглашает на работу Программиста SQL (Разработчик WMS) Обязанности: Доработка системы Lead WMS на базе MS SQL, используя язык T-SQL Разработка аналитической отчетности и оптимизация SQL-запросов Настройка обмена и синхронизации с другими БД, ПО и web-сервисами Участие в разработке ТЗ, разработка пользовательских инструкций, консультация и обучение пользователей Требования: Образование средне-специальное/высшее. Опыт работы от 3-х лет. Опыт работы с WMS и 1C Отличное знание и опыт администрирования MS SQL. Опыт разработки и уверенные знания T-SQL или PL/SQL. Понимание бизнес-процессов работы склада Условия: место работы - г. Березовский, ул. Уральская Официальное трудоустройство, своевременная оплата труда без задержек. Гибкий график. Корпоративные скидки в магазинах торговой сети и автосервисах. Корпоративная столовая с современным уровнем обслуживания и высоким качеством питания. Действует программа компенсации питания. Доставка служебным транспортом с 3-х точек г. Екатеринбурга (пл. 1905г, с Уралмаша, с ЖБИ) Время в пути 30-40 м;Образование средне-специальное/высшее. Опыт работы от 3-х лет. Опыт работы с WMS и 1C. Отличное знание и...;Доработка системы Lead WMS на базе MS SQL, используя язык T-SQL. Разработка аналитической отчетности и оптимизация SQL-запросов. ;"MS SQL; SQL"; место работы - г. Березовский, ул. Уральская Официальное трудоустройство, своевременная оплата труда без задержек. Гибкий график. Корпоративные скидки в магазинах торговой сети и автосервисах. Корпоративная столовая с современным уровнем обслуживания и высоким качеством питания. Действует программа компенсации питания. Доставка служебным транспортом с 3-х точек г. Екатеринбурга (пл. 1905г, с Уралмаша, с ЖБИ) Время в пути 30-40 м;607;0.20689655172413793;БД;1;0;0;0;0;1;0;1;0;0;0;1;0;0;0;1.0;0.0;0.0;0.0;0.0;0.0;0.0;0.0;0.0;0.0;0.0;0.0;0.0;0.0;0.0;0.0;0.0;0.0;0.0;0.0;1.0
15;23;Разработчик SQL;2.0;3.0;Сбербанк;2019-12-05T07:46:18+0300;"Главное о Сбербанке: Сотни тысяч наших сотрудников одновременно создают тот эффект, который ощущает почти каждый взрослый житель России, открывая приложение или заходя в отделение банка. Масштабы компании и система поддержки сотрудников открывают возможности для карьеры в любом направлении и с любым уровнем амбиций.Наша новая цель — создать вокруг клиентов дружелюбную и надежную платформу сервисов, открывающую новый опыт потребления финансовых (и не только) услуг. У нас огромные возможности, большое желание меняться. Мы готовы принять талантливых и энергичных коллег для воплощения всех наших планов.Вам предстоит:Разрабатывать и релизить программные модули в Oracle PL/SQL,Разрабатывать новые и дорабатывать уже существующие приложения на Oracle Application Express;Тестировать и отлаживать инфосервисы;Проектировать базы данных и оптимизировать программные модули;Участвовать в создании логики интерфейсов. Команда ожидает, что вы:Имеете глубокие знания SQL и опыт промышленной разработки на PL/SQL;Умение писать с нуля чистый и эффективный код, который решает продуктовые задачи и понятен другим разработчикам.Большим плюсом будет:Знание HTML, CSS, JavaScript (включая библиотеку JQuery);Способность справляться со сложными ситуациями и выдерживать интенсивный темп работы;Инициативность: если вы знаете, как сделать лучше, то говорите об этом. Мы предлагаем:Условия работы: бессрочный трудовой договор, офис в центре города, гибкий график работы пн-пт, отсутствие строгого дресс-кода;Уровень заработной платы, который зависит от ваших технических знаний и навыков, состоит из оклада и годового премирования;Заботу о здоровье: корпоративную программу ДМС (включает стоматологию, обследования, лечение заболеваний и т.д.), бесплатный тренажерный зал, страхование жизни, посещение корпоративного санатория в Крыму одному или с семьей;Знания: индивидуальный план обучения с учебными курсами и поездками на конференции за счет работодателя, а еще у Вас будет возможность попробовать себя в роли спикера или ментора;Корпоративные мероприятия: Новый год, командные выезды, участие в интеллектуальных играх. Еще мы помним о Ваших детях и дарим подарки на новый год;Особые условия для сотрудников: льготные условия кредитования, специальные курсы обмена валюты, дисконт-программы от партнеров банка. Если вам нравится идея превратить «главный» банк России в передовую сервисную экосистему, будем рады увидеть вас в команде!";Умение писать с нуля чистый и эффективный код, который решает продуктовые задачи и понятен другим <highlighttext>разработчикам</highlighttext>. Знание HTML, CSS, JavaScript...;Разрабатывать и релизить программные модули в Oracle PL/SQL. Разрабатывать новые и дорабатывать уже существующие приложения на Oracle Application Express. ;" SQL;SQL; Oracle Pl/SQL; XML;, &quot";"Условия работы: бессрочный трудовой договор, офис в центре города, гибкий график работы пн-пт, отсутствие строгого дресс-кода;Уровень заработной платы, который зависит от ваших технических знаний и навыков, состоит из оклада и годового премирования;Заботу о здоровье: корпоративную программу ДМС (включает стоматологию, обследования, лечение заболеваний и т.д.), бесплатный тренажерный зал, страхование жизни, посещение корпоративного санатория в Крыму одному или с семьей;Знания: индивидуальный план обучения с учебными курсами и поездками на конференции за счет работодателя, а еще у Вас будет возможность попробовать себя в роли спикера или ментора;Корпоративные мероприятия: Новый год, командные выезды, участие в интеллектуальных играх. Еще мы помним о Ваших детях и дарим подарки на новый год;Особые условия для сотрудников: льготные условия кредитования, специальные курсы обмена валюты, дисконт-программы от партнеров банка. Если вам нравится идея превратить «главный» банк России в передовую сервисную экосистему, будем рады увидеть вас в команде!";623;0.2413793103448276;БД;1;0;0;0;1;0;0;0;1;0;0;1;0;0;0;1.0;1.0;1.0;1.0;1.0;0.0;0.0;0.0;0.0;0.0;0.0;0.0;0.0;0.0;0.0;0.0;0.0;0.0;0.0;0.0;0.0
16;47;Разработчик- эксперт в отдел разработки хранилища данных;2.0;3.0;Банк Открытие;2019-12-04T18:01:38+0300;"Требования:• Образование высшее;• Опыт работы с базами данных (Oracle / MS SQL), опыт разработки SQL не менее 3х лет;• Опыт работы с корпоративным хранилищем данных или АБС;• Опыт оптимизации запросов и работы с большими объемами данных;• Опыт работы с ETL Informatica, Exadata будет преимуществом.Обязанности:• Участие в проекте внедрения единого хранилища данных;• Разработка и участие во внедрении релизов для новых версий модели данных и новых отчетов;• Разработка механизмов интеграции между системами банка и корпоративным хранилищем;• Разработка решения на основе ТЗ в корпоративном хранилище, разработка механизмов обработки разных слоев данных;• Оценка трудоёмкости работ по бизнес-требованиям заказчика, поиск оптимального пути решения задачи вместе с аналитиком;• Согласование технического задания.Мы предлагаем Вам:• Стать частью крупного, динамично развивающегося банка;• Работу в команде единомышленников, неравнодушных к передовым технологиям и практикам;• Неограниченные возможности для совершенствования ваших навыков и знаний, обучаясь у лучших и решая сверхамбициозные задачи;• Позитивную рабочую атмосферу, дружный коллектив;• Удобное расположение офисов в центре Москвы;• Достойную и конкурентную заработную плату, квартальные и годовые премии, размер которых зависит от результатов вашей работы;• Разнообразный социальный пакет: ДМС, страхование жизни, страхование для выезжающих за границу, льготные условия приобретения банковских продуктов, скидки в фитнес-клубах и в компаниях-партнерах;• Место работы: г. Екатеринбург, ул. Чебышева, или г. Екатеринбург, ул. Уральских Рабочих.";Образование высшее. Опыт работы с базами данных (Oracle / MS SQL), опыт разработки SQL не менее 3х лет. ;Участие в проекте внедрения единого хранилища данных. Разработка и участие во внедрении релизов для новых версий модели данных и новых...;" SQL;SQL; Oracle Pl/SQL; XML;, &quot";;647;0.2413793103448276;БД;1;0;0;0;0;1;0;0;1;0;0;1;0;0;0;1.0;1.0;1.0;1.0;1.0;0.0;0.0;0.0;0.0;0.0;0.0;0.0;0.0;0.0;0.0;0.0;0.0;0.0;0.0;0.0;0.0
17;59;Разработчик Oracle APEX;2.0;3.0;Сбербанк;2019-12-03T09:48:02+0300;"Главное о Сбербанке: Сотни тысяч наших сотрудников одновременно создают тот эффект, который ощущает почти каждый взрослый житель России, открывая приложение или заходя в отделение банка. Масштабы компании и система поддержки сотрудников открывают возможности для карьеры в любом направлении и с любым уровнем амбиций.Наша новая цель — создать вокруг клиентов дружелюбную и надежную платформу сервисов, открывающую новый опыт потребления финансовых (и не только) услуг. У нас огромные возможности, большое желание меняться. Мы готовы принять талантливых и энергичных коллег для воплощения всех наших планов. Мы ищем разработчика в команду Корпоративное страхование Департамента ИТ блока Управление благосостоянием.Вам предстоит:∙ Разрабатывать и релизить программные модули в Oracle PL/SQL,∙ Разрабатывать новые и дорабатывать уже существующие приложения на Oracle Application Express;∙ Тестировать и отлаживать инфосервисы;∙ Проектировать базы данных и оптимизировать программные модули;∙ Участвовать в создании логики интерфейсов.Команда ожидает, что вы:∙ Имеете глубокие знания SQL и опыт промышленной разработки на PL/SQL;∙ Умение писать с нуля чистый и эффективный код, который решает продуктовые задачи и понятен другим разработчикам.Большим плюсом будет:∙ Знание HTML, CSS, JavaScript (включая библиотеку JQuery);∙ Способность справляться со сложными ситуациями и выдерживать интенсивный темп работы;∙ Инициативность: если вы знаете, как сделать лучше, то говорите об этом. Мы предлагаем:Условия работы: бессрочный трудовой договор, офис в центре города, график работы, отсутствие строгого дресс-кода;Уровень заработной платы: зависит от ваших технических знаний и навыков, состоит из оклада и годового премирования;Заботу о здоровье: корпоративную программу ДМС (включает стоматологию, обследования, лечение заболеваний и т.д.), бесплатный тренажерный зал, страхование жизни, посещение корпоративного санатория в Крыму одному или с семьей;Знания: индивидуальный план обучения с учебными курсами и поездками на конференции за счет работодателя, а еще у Вас будет возможность попробовать себя в роли спикера или ментора;Корпоративные мероприятия: Новый год, командные выезды, участие в интеллектуальных играх. Еще мы помним о Ваших детях и дарим подарки на новый год;Особые условия для сотрудников: льготные условия кредитования, специальные курсы обмена валюты, дисконт-программы от партнеров банка. Если вам нравится идея превратить «главный» банк России в передовую сервисную экосистему, будем рады увидеть вас в команде!";Умение писать с нуля чистый и эффективный код, который решает продуктовые задачи и понятен другим <highlighttext>разработчикам</highlighttext>. Большим плюсом будет: ∙ Знание...;Разрабатывать и релизить программные модули в Oracle PL/SQL. ∙ Разрабатывать новые и дорабатывать уже существующие приложения на Oracle Application Express. ∙ ;" SQL;SQL; Oracle Pl/SQL; XML;, &quot";"Условия работы: бессрочный трудовой договор, офис в центре города, график работы, отсутствие строгого дресс-кода;Уровень заработной платы: зависит от ваших технических знаний и навыков, состоит из оклада и годового премирования;Заботу о здоровье: корпоративную программу ДМС (включает стоматологию, обследования, лечение заболеваний и т.д.), бесплатный тренажерный зал, страхование жизни, посещение корпоративного санатория в Крыму одному или с семьей;Знания: индивидуальный план обучения с учебными курсами и поездками на конференции за счет работодателя, а еще у Вас будет возможность попробовать себя в роли спикера или ментора;Корпоративные мероприятия: Новый год, командные выезды, участие в интеллектуальных играх. Еще мы помним о Ваших детях и дарим подарки на новый год;Особые условия для сотрудников: льготные условия кредитования, специальные курсы обмена валюты, дисконт-программы от партнеров банка. Если вам нравится идея превратить «главный» банк России в передовую сервисную экосистему, будем рады увидеть вас в команде!";659;0.3103448275862069;БД;1;0;0;0;1;0;0;0;1;0;0;1;0;0;0;1.0;1.0;1.0;1.0;1.0;0.0;0.0;0.0;0.0;0.0;0.0;0.0;0.0;0.0;0.0;0.0;0.0;0.0;0.0;0.0;0.0
18;88;Разработчик Oracle;2.0;3.0;СКБ-Банк;2019-12-01T15:46:58+0300;Рады видеть в кандидате:  Высшее профильное образование Минимальный опыт работы с базами данных. Базовые знания PL/SQL, SQL или Oracle. Умение работать в режиме многозадачности. Ответственное отношение к реализуемому проекту.  Что предстоит делать:  Разработка ПО на PL/SQL, SQL, Oracle. Участие в анализе (разработке) требований к реализации новых решений банковских процессов.   Взаимодействие с разработчиками как внутри Банка, так и снаружи и с бизнес-подразделениями, по вопросам создания/настройки/модернизации поставляемого ПО.  Мы предлагаем:  Работу в банке федерального масштаба (офисы во всех регионах России). Официальное трудоустройство согласно ТК РФ. Заработную плату по результатам собеседования. Социальный пакет. Компенсацию оплаты за бассейн. Профессиональное обучение, возможность повышения квалификации. Карьерный рост. Возможность участвовать в развитии, предлагать идеи и технологии. Услуги СКБ-банка на льготных условиях. Интересную корпоративную жизнь. Комфортный офис в БЦ Небо - ул. Народной Воли График работы с пн по пт с 8.30-17.30. ;Высшее профильное образование. Минимальный опыт работы с базами данных. Базовые знания PL/SQL, SQL или Oracle. Умение работать в режиме...;Участие в анализе (разработке) требований к реализации новых решений банковских процессов. Взаимодействие с <highlighttext>разработчиками</highlighttext> как внутри Банка, так и снаружи...;" SQL;SQL; Oracle Pl/SQL; XML;, &quot";  Работу в банке федерального масштаба (офисы во всех регионах России). Официальное трудоустройство согласно ТК РФ. Заработную плату по результатам собеседования. Социальный пакет. Компенсацию оплаты за бассейн. Профессиональное обучение, возможность повышения квалификации. Карьерный рост. Возможность участвовать в развитии, предлагать идеи и технологии. Услуги СКБ-банка на льготных условиях. Интересную корпоративную жизнь. Комфортный офис в БЦ Небо - ул. Народной Воли График работы с пн по пт с 8.30-17.30. ;688;0.3793103448275862;БД;1;0;0;0;1;0;0;0;1;0;0;1;0;0;0;1.0;1.0;1.0;1.0;1.0;0.0;0.0;0.0;0.0;0.0;0.0;0.0;0.0;0.0;0.0;0.0;0.0;0.0;0.0;0.0;0.0
19;94;Разработчик витрин данных;2.0;3.0;СКБ-Банк;2019-12-02T06:47:47+0300;Что мы ждем от вас:   Высшее образование (желательно техническое).   Опыт работы с системами: хранилище данных, BI, системы отчетности.  Знание PL/SQL. Желателен опыт работы в кредитной организации. Желательно знание Oracle BI, инструментов ETL (Informatica, Pentaho DI).  Что предстоит делать:  Разработка витрин данных и аналитической отчетности на базе Хранилища данных. Сопровождение витрин данных: оптимизация, пересчет, предоставление прав доступа. Работа со сбоями – выяснение причин, устранение, исключение повторения. Моделирование решений при разработке витрин данных и аналитической отчетности. Документирование разработанных решений.  Что мы предлагаем:  Работа в банке федерального масштаба (офисы во всех регионах России). Официальное трудоустройство согласно ТК РФ. Заработная плата по результатам собеседования. Социальный пакет. Компенсация оплаты за бассейн. Профессиональное обучение, возможность повышения квалификации. Карьерный рост. Возможность участвовать в развитии, предлагать идеи и технологии. Услуги СКБ-банка на льготных условиях. Интересная корпоративная жизнь. Офис в центре города. График работы с пн по пт с 8.30-17.30. ;Высшее образование (желательно техническое). Опыт работы с системами: хранилище данных, BI, системы отчетности. Знание PL/SQL. Желателен опыт работы в...;Разработка витрин данных и аналитической отчетности на базе Хранилища данных. Сопровождение витрин данных: оптимизация, пересчет, предоставление прав доступа. ;" SQL;SQL; Oracle Pl/SQL; XML;, &quot";;694;0.3448275862068966;БД;1;0;0;0;1;0;0;0;1;0;0;1;0;0;0;1.0;1.0;1.0;1.0;1.0;0.0;0.0;0.0;0.0;0.0;0.0;0.0;0.0;0.0;0.0;0.0;0.0;0.0;0.0;0.0;0.0
20;8;Разработчик VBA, SQL (Контур.Персонал);2.0;3.0;СКБ Контур;2019-11-30T19:50:43+0300;СКБ Контур более 20 лет занимается разработкой сервисов для бизнеса. У нас больше 30 продуктов и 60 команд разработки. Помимо веб-сервисов наши команды разработки создают приложения для автоматизации учетных процессов. Мы ищем коллегу в продукт автоматизации кадрового учета — Контур.Персонал. Команда разработки многофункциональна: разработчики, аналитики, тестировщики, менеджер проектов. У продукта есть собственные команды внедрения и технической поддержки. В разработке используются: платформа «Актив» собственной разработки, ядро которой исполнено на VBA, MS SQL базы данных и работа с ними на T-SQL.   Вы сможете: — Получить опыт работы над «взрослым» продуктом с накопленным многолетним опытом — Научиться работать в команде с разными ролями и гибкой методологией разработки — Предлагать системные задачи для оптимизации работы разработчика — Решать продуктовые, системные и исследовательские задачи — Прокачиваться в анализе кода, оптимизации решений, code-review   Наши ожидания от кандидата  Умение работать в команде Готовность быстро освоить наш стек, способность развивать его Приветствуется высшее образование    Мы предлагаем  Поездки на IT-конференции, митапы, учебные курсы за счет компании, в том числе спикером Внутренние профессиональные сообщества, летучки и обмен опытом между командами Технику с учетом ваших пожеланий Гибкий график работы Расширенный соцпакет: добровольное медицинское страхование, компенсацию стоимости обедов, подарки детям на праздники Тренажерные залы, велопарковку, душ Корпоративные мероприятия, командные выезды Уровень заработной платы, который зависит от ваших технических знаний и навыков ;Умение работать в команде. Готовность быстро освоить наш стек, способность развивать его. Приветствуется высшее образование. Внутренние профессиональные сообщества, летучки и...;Предлагать системные задачи для оптимизации работы <highlighttext>разработчика</highlighttext>. — Решать продуктовые, системные и исследовательские задачи. — Прокачиваться в анализе кода, оптимизации решений, code...;"SQL; VBA; MS SQL; Разработка технических заданий; XML";;708;0.3793103448275862;БД;1;0;0;0;1;0;0;1;0;0;0;1;0;0;0;0.0;1.0;0.0;1.0;0.0;0.0;0.0;0.0;0.0;0.0;0.0;0.0;0.0;0.0;0.0;0.0;0.0;0.0;0.0;0.0;1.0
21;11;Программист-стажер (SQL, Fastreport);1.0;3.0;ФрешПринт;2019-11-29T07:52:44+0300;"Производственная компания «ФрешПринт» входит в ТОП-3 крупнейших игроков рынка биллинговых услуг (формирование и печать квитанций, поручений и т.д.) Мы ведем свою деятельность с 2008 года и за более чем 11 лет работы выросли в крупную региональную компанию с современным и технологичным сервисом для клиентов. Приглашаем в группу подготовки данных Программиста-стажера (SQL, Fastreport). Требования: - начальные знания SQL (учебные курсы или на уровне изучения в колледже/институте), Delphi (Object Pascal, средний уровень) ; - желание наработать опыт программирования; - высокая обучаемость; - желание изучать новые продукты и технологии; Обязанности: Ваш будущий функционал- это: - обработка исходных данных наших заказчиков (крупные базы данных по лицевым счетам); · работа с БД Oracle; · разработка и корректировка шаблонов в FastReport. Рады принять Вас в команду, если Вы:  Имеете техническое /математическое образование (уровень не ниже средне-специального); Имеете навыки работы с базами данных: (Oracle, SQL и др.); Знаете основы программирования; Вы структурированный, ответственный и хотите развиваться в области программирования!  Мы готовы вам предложить:  Решать сложные, но интересные задачи (обучение и работа с наставником); Обмениваться опытом с коллегами из разных профессиональных сфер; Расти профессионально и достигать вершин карьеры; Работать в передовых информационных системах; Влиять на свою зарплату, перевыполняя KPI и работая над крутыми проектами; Честные взаимоотношения: мы официально трудоустраиваем сотрудников и платим «белую» заработную плату; Возможность работать по гибкому графику, не зависеть от дресс-кода; Охраняемая территория и паркинг; Участвовать в корпоративных мероприятиях.  Место работы: Эльмаш, ул. Фронтовых бригад , всегда в наличии чай/кофе для персонала.Ждем Ваши резюме!";начальные знания SQL (учебные курсы или на уровне изучения в колледже/институте), Delphi (Object Pascal, средний уровень) . - желание наработать опыт...;обработка исходных данных наших заказчиков (крупные базы данных по лицевым счетам). Работа с БД Oracle. Разработка и корректировка шаблонов в...;" SQL;SQL; Oracle Pl/SQL; XML;, &quot";;711;0.4482758620689655;БД;1;0;0;1;0;0;0;0;1;0;0;0;0;1;0;1.0;1.0;1.0;1.0;1.0;0.0;0.0;0.0;0.0;0.0;0.0;0.0;0.0;0.0;0.0;0.0;0.0;0.0;0.0;0.0;0.0
22;17;Разработчик VBA, SQL (Отдел внутренней разработки);2.0;3.0;СКБ Контур;2019-11-30T19:50:43+0300;СКБ Контур более 20 лет занимается разработкой сервисов для бизнеса. У нас больше 30 продуктов и 60 команд разработки. Помимо веб-сервисов наши команды разработки создают приложения для автоматизации внутренних процессов. Приглашаем опытного прикладного разработчика (или готовы учить начинающего) в одну из таких команд внутренней автоматизации. Наш текущий стек — собственная платформа автоматизации разработки, в том числе VBA для бизнес-логики и Т-SQL. Это позволяет быстро макетировать новые решения, но не ограничивает нас в выборе технологий. У нас много интеграций с другими системами, в том числе API на C#. Наши системы  Бухгалтерский учет, МСФО, электронный документооборот, сервисы обмена Бюджетирование Складской учет Агентские вознаграждения партнерам  Вы сможете  Развиваться, решая сложные задачи Реализовать творческий потенциал, участвуя в проектировании и постановке задач Разрабатывать новые модули и системы    Наши ожидания от кандидата  Умение работать в команде Готовность быстро освоить наш стек, способность развивать его Приветствуется высшее образование  Мы предлагаем:  поездки на IT-конференции, митапы, учебные курсы за счет компании, в том числе спикером внутренние профессиональные сообщества, летучки и обмен опытом между командами технику с учетом ваших пожеланий гибкий график работы расширенный соцпакет: добровольное медицинское страхование, компенсацию стоимости обедов, подарки детям на праздники тренажерные залы, велопарковку, душ корпоративные мероприятия, командные выезды уровень заработной платы, который зависит от ваших технических знаний и навыков ;Умение работать в команде. Готовность быстро освоить наш стек, способность развивать его. Приветствуется высшее образование.;Бухгалтерский учет, МСФО, электронный документооборот, сервисы обмена. Бюджетирование. Складской учет. Агентские вознаграждения партнерам.;"VBA; SQL; MySQL; Transact-SQL";  поездки на IT-конференции, митапы, учебные курсы за счет компании, в том числе спикером внутренние профессиональные сообщества, летучки и обмен опытом между командами технику с учетом ваших пожеланий гибкий график работы расширенный соцпакет: добровольное медицинское страхование, компенсацию стоимости обедов, подарки детям на праздники тренажерные залы, велопарковку, душ корпоративные мероприятия, командные выезды уровень заработной платы, который зависит от ваших технических знаний и навыков ;717;0.3793103448275862;БД;1;0;0;0;1;0;0;0;1;0;0;1;0;0;0;1.0;0.0;0.0;0.0;0.0;1.0;0.0;0.0;0.0;0.0;0.0;0.0;0.0;0.0;0.0;0.0;0.0;0.0;0.0;0.0;1.0
23;34;Программист ORACLE (PL/SQL);2.0;3.0;Сбербанк;2019-11-26T07:31:29+0300;"Команда центра компетенций по аналитике Сбербанка приглашает специалистов на должность Программиста ORACLE (PL/SQL)Предстоит:Мигрировать 3 базы данных Oracle с разных серверов, на один более мощный сервер.В процессе миграции потребуется большое количество рефакторинга кода в связи с изменением процесса производства: из разработки на проме - в разработку на ДЕВ стенде, с тестированием на стенде ИФТ, прохождем приемо-сдаточных испытаний на стенде ПСИ и установкой на ПРОМ стенд релизами. Объемы бд, по 8-10 ТБ, объем целевой БД 50 ТБ, весь код написан на PL SQL.Задача разделяется на 2 части: мигрировать ядро (основные витрины, нижнего уровня), мигрировать тематические витрины и выработать правила для других команд.В первой части задачи нужно непосредственно рефакторить код.Во второй части задачи нужно общаться с другими командами разработки, давать им требования и рекомендации, проверять соблюдение правил.Примерные сроки на каждую из частей - по 1 году. На втором этапе порядка 25 команд.Команда ожидает, что вы:Хорошее знание PL SQLПонимание работы внутренностей OracleУмение оптимизировать запросы и код на PL SQL.Опыт администрирования Oracle, будет плюсом Мы предлагаем:Условия работы: бессрочный трудовой договор, офис в центре города, гибкий график работы пн-пт, отсутствие строгого дресс-кода;Уровень заработной платы, который зависит от ваших технических знаний и навыков, состоит из оклада и годового премирования;Заботу о здоровье: корпоративную программу ДМС (включает стоматологию, обследования, лечение заболеваний и т.д.), бесплатный тренажерный зал, страхование жизни, посещение корпоративного санатория в Крыму одному или с семьей;Знания: индивидуальный план обучения с учебными курсами и поездками на конференции за счет работодателя, а еще у Вас будет возможность попробовать себя в роли спикера или ментора;Корпоративные мероприятия: Новый год, командные выезды, участие в интеллектуальных играх. Еще мы помним о Ваших детях и дарим подарки на новый год;Особые условия для сотрудников: льготные условия кредитования, специальные курсы обмена валюты, дисконт-программы от партнеров банка. Если вам нравится идея превратить «главный» банк России в передовую сервисную экосистему, будем рады увидеть вас в команде!";Хорошее знание PL SQL. Понимание работы внутренностей Oracle. Умение оптимизировать запросы и код на PL SQL. Опыт администрирования Oracle, будет...;В процессе миграции потребуется большое количество рефакторинга кода в связи с изменением процесса производства: из разработки на проме - в разработку...;"Oracle Pl/SQL; SQL";"Условия работы: бессрочный трудовой договор, офис в центре города, гибкий график работы пн-пт, отсутствие строгого дресс-кода;Уровень заработной платы, который зависит от ваших технических знаний и навыков, состоит из оклада и годового премирования;Заботу о здоровье: корпоративную программу ДМС (включает стоматологию, обследования, лечение заболеваний и т.д.), бесплатный тренажерный зал, страхование жизни, посещение корпоративного санатория в Крыму одному или с семьей;Знания: индивидуальный план обучения с учебными курсами и поездками на конференции за счет работодателя, а еще у Вас будет возможность попробовать себя в роли спикера или ментора;Корпоративные мероприятия: Новый год, командные выезды, участие в интеллектуальных играх. Еще мы помним о Ваших детях и дарим подарки на новый год;Особые условия для сотрудников: льготные условия кредитования, специальные курсы обмена валюты, дисконт-программы от партнеров банка. Если вам нравится идея превратить «главный» банк России в передовую сервисную экосистему, будем рады увидеть вас в команде!";734;0.5517241379310345;БД;1;0;0;1;0;0;0;0;1;0;0;1;0;0;0;1.0;0.0;0.0;0.0;0.0;0.0;1.0;0.0;0.0;0.0;0.0;0.0;0.0;0.0;0.0;0.0;0.0;0.0;0.0;0.0;0.0
24;43;Инженер-программист (базы данных);2.0;3.0;НПО автоматики;2019-11-26T10:27:41+0300;"Обязанности:  Разработка структуры базы данных; Оптимизация запросов к базе данных; Программирование в среде Linux.  Требования:  Высшее профессиональное образование; Желателен опыт работы в аналогичной должности от 1 года; Навыки работы с PostrgeSQL, SQL, MySQL; Навыки работы с ОС Linux; Знание языков программирования баз данных; Опыт разработки клиент-серверных систем.  Условия:  Официальное трудоустройство в соответствии с ТК РФ; Своевременная выплата заработной платы: оклад + ежемесячная премия; Возможность профессионального и карьерного роста, обучение за счет компании; Расширенный социальный пакет (материальная поддержка в честь значимых событий в жизни сотрудников: рождение детей, свадьба, подарки детям на новый год; обслуживание в поликлинике предприятия, и др); Корпоративные мероприятия (Новый год, день молодежи, день космонавтики и др.), командные выезды. Возможны редкие командировки. ";Высшее профессиональное образование. Желателен опыт работы в аналогичной должности от 1 года. Навыки работы с PostrgeSQL, SQL, MySQL. ;Разработка структуры базы данных. Оптимизация запросов к базе данных. Программирование в среде Linux.;"SQL; Базы данных; Linux; MySQL; PostgreSQL";"  Официальное трудоустройство в соответствии с ТК РФ; Своевременная выплата заработной платы: оклад + ежемесячная премия; Возможность профессионального и карьерного роста, обучение за счет компании; Расширенный социальный пакет (материальная поддержка в честь значимых событий в жизни сотрудников: рождение детей, свадьба, подарки детям на новый год; обслуживание в поликлинике предприятия, и др); Корпоративные мероприятия (Новый год, день молодежи, день космонавтики и др.), командные выезды. Возможны редкие командировки. ";743;0.5517241379310345;БД;1;0;0;0;1;0;0;0;1;0;0;1;0;0;0;0.0;1.0;0.0;0.0;0.0;1.0;0.0;1.0;0.0;0.0;0.0;0.0;0.0;0.0;0.0;0.0;0.0;0.0;0.0;0.0;1.0
25;54;Разработчик Oracle (PL/SQL);2.0;2.0;Совкомбанк;2019-12-05T11:44:52+0300;Обязанности:  модификация текущих и создание новых подсистем в программном обеспечении банка на языках программирования PL/SQL  Требования:   высшее техническое образование  хорошее знание PL/SQL и SQL (опыт применения от года)  знание особенностей архитектуры СУБД Oracle, умение их применять   написание, оптимизация сложных SQL-запросов над большими объемами данных в СУБД Oracle   желательно опыт использования системы контроля версий Git  желательно понимание/знание бизнес-процессов в банковской сфере  Условия:   официальное трудоустройство, полный социальный пакет   стабильный доход и гибкую систему премирования  возможность профессионального и карьерного роста в рамках квартальных аттестаций  рабочее место – г. Новосибирск, ул. Демакова (Академгородок)   доставка служебным транспортом: от г. Новосибирска, г. Бердска, р.п. Кольцово до рабочего места и обратно  ;Высшее техническое образование. Хорошее знание PL/SQL и SQL (опыт применения от года). Знание особенностей архитектуры СУБД Oracle, умение их...;Модификация текущих и создание новых подсистем в программном обеспечении банка на языках программирования PL/SQL.;" SQL;SQL; Oracle Pl/SQL; XML;, &quot";   официальное трудоустройство, полный социальный пакет   стабильный доход и гибкую систему премирования  возможность профессионального и карьерного роста в рамках квартальных аттестаций  рабочее место – г. Новосибирск, ул. Демакова (Академгородок)   доставка служебным транспортом: от г. Новосибирска, г. Бердска, р.п. Кольцово до рабочего места и обратно  ;854;0.2413793103448276;БД;0;1;0;0;1;0;0;0;1;0;0;1;0;0;0;1.0;1.0;1.0;1.0;1.0;0.0;0.0;0.0;0.0;0.0;0.0;0.0;0.0;0.0;0.0;0.0;0.0;0.0;0.0;0.0;0.0
26;57;Программист/разработчик Oracle;2.0;2.0;ANCOR Consumer Goods;2019-11-20T14:52:43+0300;"Чем тебе предстоит заниматься:  Рефакторинг проектов; участие в автоматизации бизнес-процессов, товародвижения.  Что от тебя требуется:  Hard skills: знание sql и pl/sql – а именно: рекурсивные запросы, коллекции, аналитические функции, базовые навыки оптимизации; опыт проектирования баз данных - анализ предметной области, моделирование, нормализация, денормализация; Soft skills: высокая вовлеченность в бизнес- процессы, клиентоориентированность и нацеленность на результат.  Что станет приятным бонусом для нас:   Знание системы контроля версий – git; документирование своего кода.   Что станет приятным бонусом для тебя:  интересные проекты международного масштаба; возможность участия в различных тренингах и конференциях; дружный коллектив; офис в центре города; официальное трудоустройство, официальный уровень оплаты труда.   ";"Hard skills: знание sql и pl/sql – а именно: рекурсивные запросы, коллекции, аналитические функции, базовые навыки оптимизации; опыт проектирования баз...";Рефакторинг проектов. Участие в автоматизации бизнес-процессов, товародвижения.;"MS Visio; Работа с базами данных; Аналитическое мышление; Управление временем; Анализ данных; SQL; ORACLE; Oracle Pl/SQL";;857;0.7586206896551724;БД;0;1;0;0;1;0;0;0;1;0;0;1;0;0;0;1.0;0.0;1.0;0.0;0.0;0.0;0.0;0.0;1.0;0.0;0.0;0.0;0.0;0.0;0.0;0.0;0.0;0.0;0.0;0.0;1.0
27;58;Разработчик Oracle (PL/SQL);2.0;2.0;Совкомбанк;2019-11-29T10:30:20+0300;Обязанности:  модификация текущих и создание новых подсистем в программном обеспечении банка на языках программирования PL/SQL  Требования:   высшее техническое образование  хорошее знание PL/SQL и SQL (опыт применения от года)  знание особенностей архитектуры СУБД Oracle, умение их применять   написание, оптимизация сложных SQL-запросов над большими объемами данных в СУБД Oracle   желательно опыт использования системы контроля версий Git  желательно понимание/знание бизнес-процессов в банковской сфере  Условия:   официальное трудоустройство, полный социальный пакет   стабильный доход и гибкую систему премирования  возможность профессионального и карьерного роста в рамках квартальных аттестаций  рабочее место – г. Новосибирск, ул. Демакова (Академгородок)   доставка служебным транспортом: от г. Новосибирска, г. Бердска, р.п. Кольцово до рабочего места и обратно  ;Высшее техническое образование. Хорошее знание PL/SQL и SQL (опыт применения от года). Знание особенностей архитектуры СУБД Oracle, умение их...;Модификация текущих и создание новых подсистем в программном обеспечении банка на языках программирования PL/SQL.;" SQL;SQL; Oracle Pl/SQL; XML;, &quot";   официальное трудоустройство, полный социальный пакет   стабильный доход и гибкую систему премирования  возможность профессионального и карьерного роста в рамках квартальных аттестаций  рабочее место – г. Новосибирск, ул. Демакова (Академгородок)   доставка служебным транспортом: от г. Новосибирска, г. Бердска, р.п. Кольцово до рабочего места и обратно  ;858;0.4482758620689655;БД;0;1;0;0;1;0;0;0;1;0;0;1;0;0;0;1.0;1.0;1.0;1.0;1.0;0.0;0.0;0.0;0.0;0.0;0.0;0.0;0.0;0.0;0.0;0.0;0.0;0.0;0.0;0.0;0.0
28;87;Разработчик баз данных PLSQL (Стажер);2.0;2.0;Центр финансовых технологий;2019-12-12T11:48:38+0300;"Focus Start — это предложение группы компаний ЦФТ для активных и целеустремленных людей, желающих развиваться в ИТ. Подай заявку на подготовку к работе разработчика баз данных и получи возможность абсолютно бесплатно прокачаться! Если хочешь карьерного и профессионального роста, но пока не хватает нужных навыков, мы поможем тебе сделать первый шаг в карьере. За два месяца подготовки к работе ты познакомишься с языком PL/SQL, поймешь основные возможности этого языка программирования. Создашь блоки кода PL/SQL, которые могут быть использованы множеством форм, отчётов и приложений управления данными. А также, получишь базовые знания о языке PL+. Минимальные требования к знаниям и навыкам для отклика: — базовые знания SQL и основы СУБД;— иметь начальный опыт программирования на любом языке. Время проведения подготовки:  будние дни — с 19.00 до 22.00 выходные дни — гибкое расписание  Продолжительность подготовки – 2 месяца. Если ты хочешь профессионально развиваться в ИТ, мы ждем твою заявку на участие в курсе – набор уже открыт!  ";Focus Start — это предложение группы компаний ЦФТ для активных и целеустремленных людей, желающих развиваться в ИТ. Минимальные требования к знаниям...;Время проведения подготовки:;"ORACLE; Oracle Pl/SQL; PL/SQL; SQL; Базы данных; 1C: Зарплата и кадры; 1C: Финансы; 1С: CRM ПРОФ";;887;0.0;БД;0;1;0;1;0;0;0;1;0;0;0;0;0;1;0;1.0;0.0;1.0;0.0;0.0;0.0;0.0;1.0;0.0;0.0;0.0;0.0;0.0;0.0;0.0;0.0;0.0;0.0;0.0;0.0;1.0
29;69;"Разработчик Oracle (ПЦ ""КартСтандарт"")";2.0;2.0;Центр финансовых технологий;2019-12-12T07:31:43+0300;Отдел Международных Платежных Систем в поисках Разработчика Oracle для работы над новыми задачами. Мы разрабатываем программные продукты для КартСтандарт, одного из крупнейших Процессинговых Центров VISA, MasterCard, МИР в России. ПЦ КартСтандарт обслуживает более 100 российских банков. Качество наших продуктов подтверждается бесперебойной работой и внешними ежегодными аудитами. Мы сторонники гибких методологий, строим процессы по Scrum и Kanban в группах по 3-6 человек. Наши программные продукты тесно связаны с:  Эмиссией карт МПС. Обслуживанием карт МПС в устройствах оплаты и выдачи наличных. Операциям по картам, инициированные в интернет-банках. Электронной коммерцией. Технологиями 3DS-аутентификации. Технологиями бесконтактной оплаты покупки телефоном. и др.  Инструментарий:  GIT. jira, confluence, stash, bamboo. Oracle Designer или Oracle Developer Data Modeller. SQL, PL/SQL. Java 8, Groovy. Spock Framework.    Желаемый опыт:  Разработка БД Oracle объемом от 5 ТБ. Внедрение ПО у заказчика.    С чем будете сталкиваться в работе:  Нормализация (3NF), денормализация данных. Моделирование Сущность-Отношение, нотация Баркера. Массовая конвейерная многопоточная обработка данных,Oracle Pipelined Table Function,контроль объема измененных данных в одной транзакции. Транзакции Oracle: оптимистическая стратегия, автономные транзакции. Блокировки и защелки. Партиционирование, локальные индексы, автоматическое управление партициями. Индексы и индекс-организованные таблицы. Оптимизация SQL-запросов. План исполнения, трейс-файл, AWR-отчет. Задания Oracle. DBMS_JOBS vs DBMS_SCHEDULER. Остановка исполняющегося задания. DbLink и подводные камни его использования при интеграции систем. Тестирование своего кода, Unit тесты, TDD, BDD. Журналирование (логи).  Условия и компенсации:  Вдохновляющая корпоративная культура, спортивные команды по футболу, волейболу, хоккею и чирлидингу, творческая атмосфера и живое общение во внутренней социальной сети. Корпоративный транспорт. Программа ДМС. Собственный медицинский кабинет. Скидки и специальные акции для сотрудников компании. Обучающие программы и курсы, деловые игры и тренинги, библиотека профессиональной литературы. Профильные мероприятия для общения с единомышленниками Mobifest, TestTrend, DataBase MeetUp, «Продуктон», клуб профессионалов «Будь в Фокусе». ;Технологиями 3DS-аутентификации. Инструментарий: GIT. SQL, PL/SQL. Spock Framework. Желаемый опыт: Транзакции Oracle: оптимистическая стратегия, автономные транзакции. ;Отдел Международных Платежных Систем в поисках <highlighttext>Разработчика</highlighttext> Oracle для работы над новыми задачами. Эмиссией карт МПС. Обслуживанием карт МПС в...;"Oracle Pl/SQL; SQL; Git; Atlassian Jira; Java EE; Java; Atlassian Confluence; Oracle Designer";;969;0.0;БД;0;1;0;0;0;1;0;0;1;0;0;1;0;0;0;1.0;0.0;0.0;0.0;0.0;0.0;1.0;0.0;0.0;1.0;0.0;0.0;0.0;0.0;0.0;0.0;0.0;0.0;0.0;0.0;1.0
30;89;Oracle Developer;3.0;2.0;Корпорация  Сибирское здоровье;2019-12-11T06:25:24+0300;Обязанности: Участие в автоматизации товародвижения, финансовых расчетов, WMS и др. Что требуется от вас: Хорошее знание sql и pl/sql - коллекции, аналитические функции, рекурсивные запросы, базовые навыки оптимизации. Опыт проектирования БД - анализ предметной области, моделирование, нормализация, денормализация. Умение разбираться в чужом коде. Умение понять пользователя, нацеленность на конечный результат и клиентоориентированность. Что станет приятным бонусом для нас: Знание системы контроля версий - git. Нездоровая тяга к документированию своего кода. Условия: Участие в конференциях и тренингах, Современные технологии разработки, Трудоустройство по ТК РФ и стабильную заработную плату 2 раза в месяц, Удобный офис в центре города. Дружный коллектив с веселыми корпоративами, Уровень заработной платы определяется по результатам собеседования.  ;Хорошее знание sql и pl/sql - коллекции, аналитические функции, рекурсивные запросы, базовые навыки оптимизации. Опыт проектирования БД - анализ предметной области...;Участие в автоматизации товародвижения, финансовых расчетов, WMS и др.;"SQL; ORACLE; Git"; Участие в конференциях и тренингах, Современные технологии разработки, Трудоустройство по ТК РФ и стабильную заработную плату 2 раза в месяц, Удобный офис в центре города. Дружный коллектив с веселыми корпоративами, Уровень заработной платы определяется по результатам собеседования.  ;989;0.034482758620689655;БД;0;1;0;0;1;0;0;0;1;0;0;1;0;0;0;0.0;1.0;0.0;0.0;0.0;0.0;0.0;0.0;1.0;1.0;0.0;0.0;0.0;0.0;0.0;0.0;0.0;0.0;0.0;0.0;0.0
31;69;Разработчик DB Oracle;1.0;3.0;ЭР-Телеком;2019-12-10T15:20:22+0300;"АО ЭР-Телеком Холдинг - ведущий независимый федеральный оператор телеком-услуг в России. Мы динамично развиваемся с 2001 года, предоставляем телекоммуникационные решения: широкополосный доступ в интернет, цифровое ТВ, телефонная связь, VPN, видеонаблюдение, Wi-Fi, IoT. «ЭР-Телеком» работает в 566 населённых пунктах на базе собственных телекоммуникационных сетей, построенных с нуля по технологии «оптика до дома» и радиодоступа. По количеству обслуживаемых клиентов мы занимаем 2-е место среди интернет провайдеров и 3-е - среди операторов платного ТВ. По результатам Speedtest компании Ookla мы признаны самым скоростным провайдером домашнего интернета в России в 2017 и 2018 году. Мы ищем профессионала для совершенствования продуктов компании и автоматизации внутренних процессов. Чем предстоит заниматься:  Разработка ПО для автоматизации бизнес-процессов компании; Анализ ошибок в использовании системы‚ предложение решений по их устранению; Проведение корректировки разработанной программы на основе анализа выходных данных; Оптимизация и рефакторинг программного кода.  Мы ждем от вас:  Отличное знание СУБД Oracle, PL/SQL; Опыт написания сложных SQL-запросов; Логическое мышление, способность разобраться в сложных ситуациях; Желание разобраться в бизнес-процессах компании.  Мы предлагаем:  Работу в федеральной динамично развивающейся компании; Профессиональное развитие и карьерный рост; Официальное трудоустройство, полный соц.пакет (оплачиваемый отпуск, больничные); Белую зарплату, своевременные выплаты 2 раза в месяц; ДМС для Вас и Вашей семьи на льготных условиях; Удобную парковку, комфортный офис и дружелюбную атмосферу в коллективе профессионалов! ";"  Работу в федеральной динамично развивающейся компании; Профессиональное развитие и карьерный рост; Официальное трудоустройство, полный соц.пакет (оплачиваемый отпуск, больничные); Белую зарплату, своевременные выплаты 2 раза в месяц; ДМС для Вас и Вашей семьи на льготных условиях; Удобную парковку, комфортный офис и дружелюбную атмосферу в коллективе профессионалов! ";Отличное знание СУБД Oracle, PL/SQL. Опыт написания сложных SQL-запросов. Логическое мышление, способность разобраться в сложных ситуациях. ;Разработка ПО для автоматизации бизнес-процессов компании. Анализ ошибок в использовании системы‚ предложение решений по их устранению. Проведение корректировки разработанной...;"Oracle Pl/SQL; SQL";1069;0.06896551724137931;БД;0;1;0;0;1;0;0;0;1;0;0;1;0;0;0;0.0;0.0;0.0;0.0;0.0;0.0;0.0;0.0;0.0;0.0;0.0;0.0;0.0;0.0;0.0;0.0;0.0;0.0;0.0;0.0;1.0
32;70;Oracle DB разработчик;2.0;2.0;КардПэй;2019-12-10T14:06:41+0300;"CardPay - международная финансовая компания, предоставляющая своим клиентам высококачественный сервис обслуживания карточных онлайн-платежей. Являясь авторизованным партнером Visa и MasterCard, CardPay предоставляет высококачественный сервис обслуживания карточных онлайн-платежей своим клиентам. Сегодня мы расширяем RnD офис в Новосибирске и ищем в свою команду опытного Oracle разработчика. Вы будете участвовать в развитии платежной системы CardPay, разрабатывать и совершенствовать корпоративные (WEB-based) приложения. Ждем от Вас:  опыт программирования от 5 лет; понимание общего устройства БД, логических уровней организации (хранения) данных; понимание принципов data consistency and concurrency, реализованных в Oracle; знание синтаксиса основных конструкций pl/sql, работа с массивами; понимание принципа работы механизма exceptions; понимание модели зависимостей между объектами в БД; виды constraints, способы их применения; знание принципов механизма разграничения прав доступа в БД; умение читать и понимать планы запросов; знание основных этапов выполнения запросов в БД; умение строить запросы с различными уровнями группировки; знание основ по аналитическим функциям; понимание принципов работы индексов; принципов проектирования и моделирования реляционных баз данных; понимание нормализации данных, умение проектировать БД с её использованием, а также понимать разумный уровень нормализации; английский язык на уровне чтения/написания технической документации;  Будет плюсом:  знание и понимание работы Git и GitFlow; знание основ методологии разработки ПО; аналитический склад ума; aнглийский уровня от intermediate - разговорный и письменный; желание выступать на конференциях.  Задачи:  разработка, поддержка и развитие внутренних приложений Компании с использованием Oracle PL/SQL; проектирование и внесение изменений в архитектуру базы для решения поставленных бизнес-задач; оперативное реагирование на изменение/доработку исходных условий бизнес-задач (внесение изменений в расчёты, структуру БД или таблиц); рефакторинг и оптимизация существующего кода.    Мы будем рады предложить:  Достойную компенсацию, которая позволит сосредоточиться на развитии проекта и своем профессиональном росте.   Сильную команду, увлеченную своим делом, в которой есть у кого поучиться.   Сложные и интересные задачи - реальная практика в построении масштабных сервисов, оптимизация, тонкости работы с нагрузками, распределением задач и т.п.   Рост и развитие - обучение на боевых задачах, сертификация, курсы английского, участие в мероприятия IT индустрии. Комфортные условия работы • офис со всеми условиями и удобствами (включая кухню-столовую в офисе, охраняемую парковку, современную технику).   Заботу о здоровье - занятия фитнесом, бегом, футболом, баскетболом и другими видами спорта. Стоимость занятий компенсируется за счет компании.    ";;Опыт программирования от 5 лет. Понимание общего устройства БД, логических уровней организации (хранения) данных. Понимание принципов data consistency and concurrency...;Разработка, поддержка и развитие внутренних приложений Компании с использованием Oracle PL/SQL. Проектирование и внесение изменений в архитектуру базы для...;"ORACLE; Git; SQL";1070;0.06896551724137931;БД;0;1;0;0;0;1;0;0;1;0;0;1;0;0;0;0.0;0.0;0.0;0.0;0.0;0.0;0.0;0.0;0.0;0.0;0.0;0.0;0.0;0.0;0.0;0.0;0.0;0.0;0.0;0.0;1.0
33;57;Разработчик СУБД (PostgreSQL/Oracle);3.0;2.0;БАРС Груп;2019-12-09T12:47:34+0300;"Компания «БАРС Груп», ведущий разработчик и интегратор решений для государственного и коммерческого секторов, ищет Специалиста по работе с базами данных. Требования к соискателю  Опыт работы в сфере разработки ПО, систем автоматизации на базе PostgreSQL/Oracle; Знание языков программирования: SQL, желательно HTML/XML; Базы данных: PostgreSQL/ Oracle.  Обязанности  Создание и оптимизация запросов SQL (хранимых процедур, триггеров, функций, представлений); Анализ требований заказчика и разработка/доработка соответствующих объектов баз данных; Участие в разработке архитектуры данных и структур баз данных; Анализ производительности баз данных‚ оптимизация и ускорение обработки запросов; Разработка и поддержание в актуальном состоянии документации по своему направлению деятельности; Поддержка информационной системы на базе Oracle (написание запросов, адаптация работы системы, настройка системы); Администрирование, мониторинг неисправностей в запросах к БД .    Условия  Перспективы карьерного роста; Возможность предоставления бесплатного жилья на первый месяц для кандидатов из других городов. ";Опыт работы в сфере разработки ПО, систем автоматизации на базе PostgreSQL/Oracle. Знание языков программирования: SQL, желательно HTML/XML. ;Создание и оптимизация запросов SQL (хранимых процедур, триггеров, функций, представлений). Анализ требований заказчика и разработка/доработка соответствующих объектов баз данных. ;" SQL;SQL; Oracle Pl/SQL; XML;, &quot";;1157;0.10344827586206896;БД;0;1;0;0;1;0;0;0;1;0;0;1;0;0;0;1.0;1.0;1.0;1.0;1.0;0.0;0.0;0.0;0.0;0.0;0.0;0.0;0.0;0.0;0.0;0.0;0.0;0.0;0.0;0.0;0.0
34;71;Разработчик PostgreSql;2.0;2.0;ЭМА;2019-12-09T07:24:02+0300;"Обязанности: участие в проекте по переносу БД из ORACLE в PostgreSQL и дальнейшее ее сопровождение Требования: ∙ высшее техническое образование ∙ знание технологий реляционных СУБД и синтаксиса SQL ∙ знание PL/pgSQL и других встроенных языков PostrgreSQL ∙ опыт написания хранимых процедур, функций, триггеров ∙ знание Linux Приветствуется: ∙ опыт работы с веб-сервисами (REST); ∙ опыт работы с Redmine; ∙ опыт работы с системами контроля версий Mercurial, Git; ∙ технический английский язык. Условия: ∙ официальное трудоустройство по ТК РФ; ∙ современный офис, по линии метро; ∙ работа над интересными проектами; ∙ профессиональный и личностный рост в дружной команде; ∙ конкретная категория и заработная плата определяются по результатам собеседования.";высшее техническое образование. ∙ знание технологий реляционных СУБД и синтаксиса SQL. ∙ знание PL/pgSQL и других встроенных языков PostrgreSQL. ∙ ;Участие в проекте по переносу БД из ORACLE в PostgreSQL и дальнейшее ее сопровождение.;" SQL;SQL; Oracle Pl/SQL; XML;, &quot";" ∙ официальное трудоустройство по ТК РФ; ∙ современный офис, по линии метро; ∙ работа над интересными проектами; ∙ профессиональный и личностный рост в дружной команде; ∙ конкретная категория и заработная плата определяются по результатам собеседования.";1171;0.10344827586206896;БД;0;1;0;0;0;1;0;0;1;0;0;1;0;0;0;1.0;1.0;1.0;1.0;1.0;0.0;0.0;0.0;0.0;0.0;0.0;0.0;0.0;0.0;0.0;0.0;0.0;0.0;0.0;0.0;0.0
