;Index;name;min_salary;max_salary;company;published_at;description;requirement;responsibility;key_skills;conditions;id;days;group;city_Екатеринбург;city_Новосибирск;city_Санкт-Петербург;min_experience_0;min_experience_1;min_experience_3;min_experience_6;schedule_Гибкий график;schedule_Полный день;schedule_Сменный график;schedule_Удаленная работа;employment_Полная занятость;employment_Проектная работа;employment_Стажировка;employment_Частичная занятость; HTML; JavaScript; PHP; CSS; MySQL; HTML5; CSS3; CMS Wordpress;JavaScript;PHP; Git; Web-дизайн;CSS;1С-Битрикс; jQuery;Web Design; Веб-дизайн; SEO; Администрирование сайтов; Графический дизайн;Другие навыки
0;0;Веб-программист;4.0;3.0;ГК «РОСОХРАНА»;2019-12-09T14:24:16+0300;"Какие задачи необходимо решить:  Активная разработка, поддержка сервиса «личный кабинет» и его взаимодействие с мобильным приложением; Развитие, оптимизация и поддержка интеграционных механизмов; Разработка с «нуля», внедрение и поддержка собственных сервисов; Развитие и поддержка корпоративного портала Bitrix24; Поддержка сайтов компании;  Наши ожидания от кандидата:  Отличные знания РНР 5, CMS Bitrix, Bitrix24, HTML. Опыт администрирования вебсервисов Apachе и nginx на Linux. Опыт разработки API; Опыт работы с СУБД MySQL, MS SQL и PostgreSQL; Опыт работы с системами мониторинга (PRTG) желательно Опыт ведения документации и написания инструкций Желателен опыт использования практик DevOps (Bitbucket, Jira) и методологий Agile.  Что мы предлагаем:  Официальное трудоустройство. График работы: с понедельника по четверг с 09.00 до 18.00, в пятницу с 09.00 до 17.00 Достойную заработную плату: оклад (обсуждаем с кандидатами на собеседовании) Интересные разносторонние задачи. Работа в комфортном офисе возле ст. м Чкаловская. Возможность обучения, в рамках корпоративных программ. Корпоративная программа ДМС. Разнообразная корпоративная жизнь. ";Отличные знания РНР 5, CMS Bitrix, Bitrix24, HTML. Опыт администрирования вебсервисов Apachе и nginx на Linux. Опыт разработки API. ;Активная разработка, поддержка сервиса «личный кабинет» и его взаимодействие с мобильным приложением. Развитие, оптимизация и поддержка интеграционных механизмов. ;" HTML; JavaScript; PHP; CSS; MySQL";;0;0.10344827586206896;Другие web;0;0;1;0;0;1;0;0;1;0;0;1;0;0;0;1.0;1.0;1.0;1.0;1.0;0.0;0.0;0.0;0.0;0.0;0.0;0.0;0.0;0.0;0.0;0.0;0.0;0.0;0.0;0.0;0.0
1;28;Web-программист;2.0;3.0;Агентство недвижимости М16;2019-12-12T11:05:28+0300;"Обязанности:   Разработка корпоративных сайтов, адаптивных, мобильных версий   Доработка текущих проектов   Требования:  PHP 5+ HTML, CSS, JavaScript (native), jQuery (в том числе AJAX, JSON, плагины), кросс-браузерная верстка Уверенное знание фреймворков CodeIgniter Уверенное знание MySQL с опытом написания запросов к БД с большим объемом данных Верстка: HTML5, CSS, Ajax, Bootstrap Умение быстро разбираться с чужим кодом и осваивать новое Умение работать в команде, ответственность, инициативность  Условия:  Дружный молодой коллектив; Оформление по ТК РФ; График работы 5/2 с 10-00 до 19-00; ";PHP 5+. HTML, CSS, JavaScript (native), jQuery (в том числе AJAX, JSON, плагины), кросс-браузерная верстка. Уверенное знание фреймворков...;Разработка корпоративных сайтов, адаптивных, мобильных версий. Доработка текущих проектов.;" HTML; JavaScript; PHP; CSS; MySQL";"  Дружный молодой коллектив; Оформление по ТК РФ; График работы 5/2 с 10-00 до 19-00; ";28;0.0;Другие web;0;0;1;0;0;1;0;0;1;0;0;1;0;0;0;1.0;1.0;1.0;1.0;1.0;0.0;0.0;0.0;0.0;0.0;0.0;0.0;0.0;0.0;0.0;0.0;0.0;0.0;0.0;0.0;0.0
2;44;Web-разработчик;1.0;1.0;Красный Алмаз;2019-12-11T17:24:24+0300;"Требования:   Опыт работы от 6 месяцев;   Необходимо наличие примеров своих работ;   Уверенные знания HTML5/CSS3 (в т.ч. CSS-grid, Flexbox), Кроссбраузерная верстка, Bootstrap;   Навыки работы с PHP + MySQL будут преимуществом;   Опыт работы с WordPress+Woocommerce ОБЯЗАТЕЛЬНО, Битрикс (будет огромным плюсом);   Умение работать с основными графическими редакторами (Photoshop, Figma);   Начальные знания по Javascript, Знание jQuery;   Умение разбираться в чужом коде;   Внимательность;   Желание учиться и развиваться;   Знание английского языка на уровне “понимание документации”     Обязанности:   Верстка адаптивных сайтов (по .psd), встраивание шаблонов в CMS;   Доработки и поддержка сайтов клиентских сайтов     Вы нам подходите, если:   Вы умеете оценивать и соблюдать сроки;   Стремитесь узнавать новое в ИТ-индустрии;   Вы умеете задавать нужные вопросы;   Гуглите, прежде чем задать вопрос     Обязанности:   кроссбраузерная блочная верстка интернет-сайтов   встраивание шаблонов дизайна в систему управления сайтом   адаптивная верстка сайтов   доработки и поддержка сайтов клиентских сайтов   Условия:  дружный и весёлый коллектив; офис расположен в пяти минутах от метро Чкаловская; график работы с 10:00 до 18.00, будние дни пн-пт.;  Оклад на испытательном сроке 40 000; После испытательного 50 000 + %.Бонусы за положительные отзывы о проекте, который Вы вели. Официальное трудоустройство. Дружный коллектив. Кофе, печеньки. Мы понимаем, что все знать невозможно и готовы подсказать. Но Гуглить никто не отменял. И немного нашего подхода. Мы не ходим на РАБоту. Мы ходим развиваться, получать новые знания, осуществлять свои цели, расти финансово и как личность. В итоге, так называемая работа, назовём лучше «наше дело» , будет приносить нам радость и мы будем стараться и достигать результата, достигнув определённых высот - двигаться дальше, т.к. вы это делаете для себя, а не для кого-то и в первую очередь , вы видите результаты своих трудов. - Идеальным кандидатом на данную позицию является человек, готовый нести ответственность за весь процесс и конечный результат работы команды; - Необходимыми качествами кандидата должны быть системность и организованность, хорошие коммуникативные навыки и требовательность по отношению к себе; - Обязательное условие для успешной работы – готовность и умение интенсивно работать; Испытательный срок 1-3 месяца. Перед собеседованием нужно будет выполнить тестовое задание.";Опыт работы от 6 месяцев. Необходимо наличие примеров своих работ. Уверенные знания HTML5/CSS3 (в т.ч. ;Верстка адаптивных сайтов (по .psd), встраивание шаблонов в CMS. Доработки и поддержка сайтов клиентских сайтов. Вы умеете оценивать и соблюдать...;"Web Design; HTML; CSS; HTML5; JavaScript; Веб-дизайн; Web-дизайн; SEO; CSS3; CMS Wordpress; Администрирование сайтов; Графический дизайн; Управление проектами";"  дружный и весёлый коллектив; офис расположен в пяти минутах от метро Чкаловская; график работы с 10:00 до 18.00, будние дни пн-пт.;  Оклад на испытательном сроке 40 000; После испытательного 50 000 + %.Бонусы за положительные отзывы о проекте, который Вы вели. Официальное трудоустройство. Дружный коллектив. Кофе, печеньки. Мы понимаем, что все знать невозможно и готовы подсказать. Но Гуглить никто не отменял. И немного нашего подхода. Мы не ходим на РАБоту. Мы ходим развиваться, получать новые знания, осуществлять свои цели, расти финансово и как личность. В итоге, так называемая работа, назовём лучше «наше дело» , будет приносить нам радость и мы будем стараться и достигать результата, достигнув определённых высот - двигаться дальше, т.к. вы это делаете для себя, а не для кого-то и в первую очередь , вы видите результаты своих трудов. - Идеальным кандидатом на данную позицию является человек, готовый нести ответственность за весь процесс и конечный результат работы команды; - Необходимыми качествами кандидата должны быть системность и организованность, хорошие коммуникативные навыки и требовательность по отношению к себе; - Обязательное условие для успешной работы – готовность и умение интенсивно работать; Испытательный срок 1-3 месяца. Перед собеседованием нужно будет выполнить тестовое задание.";44;0.0;Другие web;0;0;1;0;1;0;0;0;1;0;0;1;0;0;0;1.0;1.0;0.0;1.0;0.0;1.0;1.0;1.0;0.0;0.0;0.0;1.0;0.0;0.0;0.0;1.0;1.0;1.0;1.0;1.0;1.0
3;68;Веб-разработчик/программист Wordpress;2.0;3.0;ЦДО Отличник;2019-12-10T14:34:31+0300;В компанию ЦДО Отличник, на постоянную удаленную работу требуется веб-разработчик, для участия в разработке образовательного портала на базе CMS Wordpress. С Личным кабинетом клиента, LMS системой, Woocommerce магазином. На сайте необходимо будет реализовать ряд нестандартных задач и выполнять работу по настройке и доработке существующих шаблонов и плагинов. В отдельных случаях может потребоваться создание своего решения, поэтому просим откликаться опытных разработчиков со знанием ядра, структуры и особенностей разработки на CMS Wordpress. Обязанности:  Выполнение задач по доработке интерфейса сайта, внешних элементов, страниц, функционала плагинов. Подключение, настройка, доработка сторонних расширений, оптимизация работы сайта для мобильных устройств. Настройка интерфейса и функциональности личного кабинета, прав доступа пользователей на сайт и тд.  Требования:  Глубокое знание ядра CMS Wordpress, знание функционала современных плагинов для данной CMS. Умение дорабатывать функционал существующих плагинов и шаблонов. Владение языками программирования HTML, CSS, PHP, Javascript. Знание баз данных MySQL и языка SQL-запросов. Способность самостоятельного поиска наилучших вариантов решений технических задач. Инициативность, отзывчивость, желание развиваться, учиться, принимать участие в разработке нестандартных решений.  Условия:  Удаленная работа, свободный график. Сдельная оплата труда, работа по договору подряда. Приобретаем необходимые инструменты, плагины, делимся обучающими материалами, берем на конференции, регистрируем на мероприятия по проф. деятельности. ;Глубокое знание ядра CMS Wordpress, знание функционала современных плагинов для данной CMS. Умение дорабатывать функционал существующих плагинов и шаблонов. ;Выполнение задач по доработке интерфейса сайта, внешних элементов, страниц, функционала плагинов. Подключение, настройка, доработка сторонних расширений, оптимизация работы сайта для...;"JavaScript; HTML; CSS; MySQL; PHP; CMS Wordpress; phpMyAdmin; Веб-программирование; Azure";  Удаленная работа, свободный график. Сдельная оплата труда, работа по договору подряда. Приобретаем необходимые инструменты, плагины, делимся обучающими материалами, берем на конференции, регистрируем на мероприятия по проф. деятельности. ;68;0.06896551724137931;Другие web;0;0;1;0;0;1;0;0;0;0;1;0;0;0;1;1.0;0.0;1.0;1.0;1.0;0.0;0.0;1.0;1.0;0.0;0.0;0.0;0.0;0.0;0.0;0.0;0.0;0.0;0.0;0.0;1.0
4;80;Web-разработчик/ html-верстальщик;1.0;2.0;Trendspb;2019-12-09T18:28:36+0300;"Наша компания открыла вакансию web-разработчика. Обязанности:  Кроссбраузерная и адаптивная верстка на основе готовых макетов; Разработка, редактирование сайтов на базе различных CMS (преимущественно WP на стеке от Roots.io trellis/bedrock/sage); Оптимизация сайтов под требования поисковых систем; Техническая доработка текущих проектов клиентов компании.  Требования:  Уверенное владение HTML, понимание принципов построения семантической разметки; Уверенное владение CSS, понимание принципов построения адаптивного дизайна; Понимание основ языка Javascript стандарта (ES6); Опыт работы с PHP; Понимание принципов работы с DOM и событиями (Vanilla/jQuery); Опыт разработки с применением системы контроля версий (Git); Владение Photoshop/Figma на уровне работы с предоставляемым psd-макетом; Возможность писать поддерживаемый код, понятный команде, следование стайлгайду; Внимательность в вопросах регулярной проверки результата работы в различных браузерах и устройствах; Умение грамотно расставлять приоритеты и планировать свое рабочее время;  Плюсом будет: - Опыт работы с PostCSS или популярными препроцессорами (Sass, Less, Stylus);- Опыт работы со сборщиками (прежде всего Webpack), ознакомлённость с инструментами построения development-среды;- Опыт работы с пакетными менеджерами (yarn, npm);- Наличие представления о принципах оптимизации производительности веб-сайтов. Условия:  Удобный график, 5-дневная рабочая неделя 11:00-19:00 Оплачиваемый отпуск Оборудованное персональное рабочее место, бесплатно чай/кофе Офис в центре города (10 минут от м. Горьковская); Молодой‚ дружный коллектив; Позитивная атмосфера в офисе Перспектива творческого,профессионального и карьерного роста ";Уверенное владение HTML, понимание принципов построения семантической разметки. Уверенное владение CSS, понимание принципов построения адаптивного дизайна. Понимание основ языка Javascript...;Кроссбраузерная и адаптивная верстка на основе готовых макетов. Разработка, редактирование сайтов на базе различных CMS (преимущественно WP на стеке от...;"jQuery; CSS3; Less; JavaScript; HTML5";"  Удобный график, 5-дневная рабочая неделя 11:00-19:00 Оплачиваемый отпуск Оборудованное персональное рабочее место, бесплатно чай/кофе Офис в центре города (10 минут от м. Горьковская); Молодой‚ дружный коллектив; Позитивная атмосфера в офисе Перспектива творческого,профессионального и карьерного роста ";80;0.06896551724137931;Другие web;0;0;1;0;1;0;0;0;1;0;0;1;0;0;0;0.0;1.0;0.0;0.0;0.0;1.0;1.0;0.0;0.0;0.0;0.0;0.0;0.0;0.0;0.0;0.0;0.0;0.0;0.0;0.0;1.0
5;81;Web-разработчик;2.0;2.0;Ершов Сергей Евгеньевич;2019-12-12T11:52:36+0300;Основные требования к будущему сотруднику на этой позиции Профессиональные знания и навыки:  Уверенные знания PHP. Уверенные знания MySQL. Опыт работы с OpenCart. Умение разбираться в чужом коде.  Личные качества:  Стрессоустойчивость. Системное и аналитическое мышление.  Функциональные обязанности:  Разработка новых сайтов Написание модулей Поддержка и развитие существующих магазинов Работа с интеграциями  Что мы предлагаем  Работу 5/2 в лофте возле м. Балтийская Удобный график 09:00 - 18:00 50 000 – 80 000 на руки в месяц по итогам собеседования                         ;Уверенные знания PHP. Уверенные знания MySQL. Опыт работы с OpenCart. Умение разбираться в чужом коде. Стрессоустойчивость. Системное и аналитическое мышление.;Разработка новых сайтов. Написание модулей. Поддержка и развитие существующих магазинов. Работа с интеграциями.;"ООП; OpenCart; MySQL; PHP; MVC";;81;0.0;Другие web;0;0;1;0;1;0;0;0;1;0;0;1;0;0;0;0.0;0.0;1.0;0.0;1.0;0.0;0.0;0.0;0.0;0.0;0.0;0.0;0.0;0.0;0.0;0.0;0.0;0.0;0.0;0.0;1.0
6;96;Веб-разработчик;2.0;4.0;Serenity;2019-12-09T15:30:08+0300;"  Обязанности:  проектирование и программирование функционала; разработка новых и поддержка текущих проектов на различных CMS; интеграции со сторонними сервисами и учетными системами (платежные шлюзы, amoCRM и т.д.).  Требования:  уверенное владение PHP 5 и 7 версий; уверенное знание MySQL; опыт работы с CMS системами; опыт работы с Git; опыт настройки VPS; ООП + Laravel; умение работать с чужим кодом; знание английского на уровне чтения документации; умение работать в команде.  Будет преимуществом:  навыки использования HTML/CSS/JavaScript; знакомство с Vue.js.  Условия:   работа в дружной команде профессионалов и интересные проекты;   доступ к корпоративной библиотеке и возможность заказывать любые профессиональные книги;   все условия для крутого роста;   приятная атмосфера: любим вместе проводить время и играть в покер по пятницам.  ";Уверенное владение PHP 5 и 7 версий. Уверенное знание MySQL. Опыт работы с CMS системами. Опыт работы с Git. ;Проектирование и программирование функционала. Разработка новых и поддержка текущих проектов на различных CMS. Интеграции со сторонними сервисами и учетными системами...;"PHP; MySQL; Git; CMS Wordpress; 1С-Битрикс; ООП";"   работа в дружной команде профессионалов и интересные проекты;   доступ к корпоративной библиотеке и возможность заказывать любые профессиональные книги;   все условия для крутого роста;   приятная атмосфера: любим вместе проводить время и играть в покер по пятницам.  ";96;0.10344827586206896;Другие web;0;0;1;0;1;0;0;0;1;0;0;1;0;0;0;0.0;0.0;0.0;0.0;1.0;0.0;0.0;1.0;0.0;1.0;1.0;0.0;0.0;0.0;0.0;0.0;0.0;0.0;0.0;0.0;1.0
7;53;Веб-программист;2.0;3.0;Игнатенко Егор Сергеевич;2019-12-07T11:29:05+0300;Обязанности:  Администрирование (создание и обслуживание) сайтов Работа с CMS Верстка страниц Разработка дизайна сайта Работа с графическими редакторами  Требования:  Работоспособность и исполнительность Разносторонние знания  Условия:  Гибкий график Работа в офисе Премии ;  Гибкий график Работа в офисе Премии ;Работоспособность и исполнительность. Разносторонние знания.;Администрирование (создание и обслуживание) сайтов. Работа с CMS. Верстка страниц. Разработка дизайна сайта. Работа с графическими редакторами.;"CMS Wordpress; Администрирование сайтов; Adobe Photoshop; Создание сайтов; 1С-Битрикс";153;0.1724137931034483;Другие web;0;0;1;0;1;0;0;0;1;0;0;1;0;0;0;0.0;0.0;0.0;0.0;0.0;0.0;0.0;0.0;0.0;0.0;0.0;0.0;0.0;0.0;0.0;0.0;0.0;0.0;0.0;0.0;1.0
8;59;Web Программист/ Web разработчик(Web мастер);0.0;1.0;ЧеСтар +;2019-12-09T11:08:17+0300;"Мы - студия создания и продвижения сайтов. В данный момент нам требуется: - супер-человек - Web мастер (Web-программист, Web-разработчик), способный создать сайт с нуля, разобраться в чужом коде и доработать верстку или функционал согласно ТЗ. Обязанности:   Переверстка шаблона на основных CMS (с сохранением и доработкой функционала);   Перенос сайта из одной на другую CMS(с сохранением функционала публичной части сайта);   Внесение функциональных правок и доработок на сайте (в основном WordPress, Bitrix, ModX, Joomla)   Верстка и настройка функционала согласно ТЗ;   Верстка страниц по макету или PSD, желательно Pixel Perfect.   Следование установленным срокам.     Требования:   Адекватность - порой бывает самое важное;   Обязательный опыт работы с 2-3 популярными CMS из списка - Wordpress, 1c Bitrix, ModX, Joomla, Umi (так-же большим плюсом будет знание структуры популярных плагинов и решений для этих CMS);   Знание HTML+CSS (валидная верстка, адаптив, мобильная верстка), PHP и JS на уровне отладки, инспектор кода - знать уметь владеть;   Опыт установки и работы с плагинами, формами;   Ответственность и ориентированность на результат;   Возможность работать полный рабочий день (8 часов);   Выполнять работу и быть на связи в течение рабочего дня;   Составление плана на день и отчетов о проделанной работе.   Если это все про Вас и Вы хотите стать частью нашей команды - прикладывайте к отклику портфолио, пишите в Skype - oldinfree и, возможно, именно Вы станете нашим новым сотрудником! Условия:   Работа в стабильной компании;   График работы 5/2 с 10:00 до 18:30, работа удаленная.   Дружный коллектив профессионалов;   Обучение при необходимости;   Испытательный срок 1 месяц (может быть сокращен по результатам работы);   Оплата труда оговаривается по результатам собеседования;   Напишите в отклик ответ на вопрос у фермера было 17 овец, и все, кроме девяти, умерли. Сколько овец осталось у фермера?   Интересная работа, возможность профессионального роста;   Заработная плата ЕЖЕНЕДЕЛЬНО;   Адекватный руководитель;   Главное – если вы дочитали эту вакансию, то вы внимательный человек который нам скорее подойдет.))  ";"   Работа в стабильной компании;   График работы 5/2 с 10:00 до 18:30, работа удаленная.   Дружный коллектив профессионалов;   Обучение при необходимости;   Испытательный срок 1 месяц (может быть сокращен по результатам работы);   Оплата труда оговаривается по результатам собеседования;   Напишите в отклик ответ на вопрос у фермера было 17 овец, и все, кроме девяти, умерли. Сколько овец осталось у фермера?   Интересная работа, возможность профессионального роста;   Заработная плата ЕЖЕНЕДЕЛЬНО;   Адекватный руководитель;   Главное – если вы дочитали эту вакансию, то вы внимательный человек который нам скорее подойдет.))  ";Адекватность - порой бывает самое важное. Обязательный опыт работы с 2-3 популярными CMS из списка - Wordpress, 1c Bitrix, ModX...;Переверстка шаблона на основных CMS (с сохранением и доработкой функционала). Перенос сайта из одной на другую CMS(с сохранением функционала...;"Наполнение контентом; Joomla CMS; SEO; CMS Wordpress; HTML; Яндекс.Метрика; Составление семантического ядра; CSS; PHP; Администрирование сайтов; SEO оптимизация; Внутренняя оптимизация сайта; Внешняя оптимизация сайта; JavaScript; MySQL; PHP5; HTML5";159;0.10344827586206896;Другие web;0;0;1;0;1;0;0;0;0;0;1;1;0;0;0;0.0;0.0;0.0;0.0;0.0;0.0;0.0;0.0;0.0;0.0;0.0;0.0;0.0;0.0;0.0;0.0;0.0;0.0;0.0;0.0;1.0
9;90;Web-разработчик;2.0;4.0;Профессиональные Комплексные Решения;2019-12-11T16:00:58+0300;"Компания «ПКР» в связи с развитием открывает вакансию Web-разработчика на back-end. Обязанности:  Поддержка и улучшение пользовательского и администраторского функционала информационного интернет-портала Инвестиционные проекты РФ (investprojects.info).  Портал Инвестиционные проекты РФ - это профессиональный комплексный сервис для юридических лиц в сфере B2B. Требования:  Уверенные знания PHP + Yii2 (или другие MVC-фреймворки), уверенное владение SQL, javascript (jQuery). Коммуникабельность, иницииативность, стрессоустойчивость, способность к самообразованию. Вашим преимуществом будут навыки серверного администрирования. Вашим преимуществом будет умение работать в режиме многозадачности. Вашим преимуществом будет умение и желание разбираться в чужом коде. Перед собеседованием нужно будет выполнить небольшое тестовое задание (при наличии исчерпывающего профиля на GITHUB тестовое выполнять не нужно!).  Условия работы:  Свобода разработки - при должном опыте Вам будет предоставлено право выбора методик и технологий! Официальное трудоустройство. Конкурентоспособный уровень заработной платы: оклад + премия по итогам работы. Комфортный офис в центре города (м. Пушкинская, м. Звенигородская, м. Лиговский проспект). Возможность развиваться вместе с доброжелательным коллективом профессионалов. Для работы предоставляется мобильная связь, ноутбук, возможность использовать корпоративный автопарк. Расширенный социальный пакет:   компенсация затрат на повышение квалификации, оплачиваемое питание, компенсация затрат на спорт, культурные мероприятия; собственный уютный тренажерный зал, дополнительный отпуск за выслугу лет в Компании.   Тип занятости: полный рабочий день на территории работодателя. У нас не курят! ";;Уверенные знания PHP + Yii2 (или другие MVC-фреймворки), уверенное владение SQL, javascript (jQuery). Коммуникабельность, иницииативность, стрессоустойчивость, способность к...;"Поддержка и улучшение пользовательского и администраторского функционала информационного интернет-портала &quot;Инвестиционные проекты РФ&quot; (investprojects.info).";"PHP; JavaScript; MySQL; HTML; Верстка; ООП";190;0.034482758620689655;Другие web;0;0;1;0;1;0;0;0;1;0;0;1;0;0;0;0.0;0.0;0.0;0.0;0.0;0.0;0.0;0.0;0.0;0.0;0.0;0.0;0.0;0.0;0.0;0.0;0.0;0.0;0.0;0.0;1.0
10;51;Python web-developer;5.0;3.0;АвтоТрансИнфо;2019-12-10T10:19:58+0300;АвтоТрансИнфо ― мы создаем инновационные ИТ-решения для работы на логистическом рынке. Помогаем грузоотправителям и перевозчикам найти друг друга, договориться, оформить документы, рассчитать маршрут, справляясь с нагрузкой в сотни тысяч запросов для десятков тысяч пользователей. Наши сервисы и инструменты помогают сделать грузоперевозки выгодными и безопасными для всех пользователей. Мы ждем человека, который разделяет наш здоровый перфекционизм к процессу разработки, и слова «ну, и так сойдет» не про него.   Что предстоит делать:  Задачи по системе электронного документооборота, мессенджеру, информационному изданию и по плану еще много интеграционных проектов впереди. Разработка ведется в автоматизированной и покрытой тестами инфраструктуре. Требования:  Уверенное владение python (3.4+). Знакомство с NoSQL (CAP-теорема не пустой звук). Опыт работы с системами контроля версий: git/mercurial. Linux/MacOS в качестве основной ОС. Близкое знакомство с практиками TDD.    Будет круто, если вы:  Владеете современными js-фреймворками с пониманием их архитектуры. Имеете репозитории на github/bitbucket. Участвовали в разработке open-source проектов.  Если вы чего-то не знаете ― научим: отправим на конференцию или семинар, организуем митап и т.п. Если чего-то будет не хватать для качественной и быстрой разработки ― купим, найдем, достанем.   А ещё у нас:  Полностью белая заработная плата. Официальное оформление с первого рабочего дня. Хороший ДМС со стоматологией. Гибкий график и время от времени можно работать удалённо. Бесплатные горячие обеды, чай-кофе, печеньки-фрукты. Мощное железо и удобные рабочие места с креслом Herman Miller. Оплата спорта и обучения иностранным языкам. Настольный теннис, кикер, Xbox One, мини-спортзал и музыкальная комната. Душ для велосипедистов. Офис на берегу Невы в БЦ класса А недалеко от метро «Выборгская». ;;Уверенное владение python (3.4+). Знакомство с NoSQL (CAP-теорема не пустой звук). Опыт работы с системами контроля версий...;Задачи по системе электронного документооборота, мессенджеру, информационному изданию и по плану еще много интеграционных проектов впереди. Разработка ведется в автоматизированной...;"Python; NoSQL; Linux; TDD";251;0.06896551724137931;Другие web;0;0;1;0;0;1;0;0;1;0;0;1;0;0;0;0.0;0.0;0.0;0.0;0.0;0.0;0.0;0.0;0.0;0.0;0.0;0.0;0.0;0.0;0.0;0.0;0.0;0.0;0.0;0.0;1.0
11;94;Senior / Middle web developer (Yii2)/WEB-разработчик;3.0;4.0;Колибри;2019-12-09T16:42:22+0300;"Senior / Middle web developer (Yii2)/WEB-разработчик (возможна удаленная работа) О проекте:  Мы работаем исключительно над одним проектом, разрабатываем маркетплейс услуг для частных клиентов и бизнеса (rtiger.com), география работы – РФ и ближайшее зарубежье, потом и др страны. Нам требуются сильные заинтересованные в развитии специалисты!   ВАЖНО: если у Вас имеется большой опыт работы, мы с радостью рассмотрим варианты сотрудничества, откликайтесь, условия сотрудничества мы готовы обсуждать, нам требуются очень грамотные разработчики!   Обязанности:   Разработка сервиса;   Продумывание и проектирование архитектуры системы;   Проработка структуры баз данных и их оптимизация;   Оптимизация узких мест в системе;   Участие в codereview;   Быть вовлеченным в развитии и становлении процессов проекта.     Требования:   Опыт разработки web сервисов от 3 лет;   Хорошее знание PHP 7.x и его особенностей;   Понимание и умение использовать паттерны проектирования;   Опыт разработки проектов на любом из фреймворков: Symfony, Yii2, Laravel;   Желательно иметь опыт работы с Yii2. Понимать все плюсы и минусы фреймворка и грамотно их использовать,   Хорошие знания Mysql и PostgreSql. Иметь опыт в оптимизации структуры БД;   Желательно иметь опыт работы с высоконагруженными системами;   Умение писать Unit-тесты.   Понимание принципов CI/CD.   Умение быстро адаптироваться к новым средствам разработки, чужому коду.   Умение работать в распределенной команде.     Условия:  возможна удаленная работа. Карьерный и профессиональный рост. Офис в центре СПб, Петроградская наб. Размер заработной платы обсуждается по результатам собеседования.    Дополнительные инструкции:  пожалуйста будьте готовы перечислить проекты по которым вы работали и передать нам на рассмотрение примеры своего кода. претендентам может быть выдано тестовое задание. ";  возможна удаленная работа. Карьерный и профессиональный рост. Офис в центре СПб, Петроградская наб. Размер заработной платы обсуждается по результатам собеседования.    Дополнительные инструкции:  пожалуйста будьте готовы перечислить проекты по которым вы работали и передать нам на рассмотрение примеры своего кода. претендентам может быть выдано тестовое задание. ;Опыт разработки web сервисов от 3 лет. Хорошее знание PHP 7.x и его особенностей. Понимание и умение использовать паттерны...;Разработка сервиса. Продумывание и проектирование архитектуры системы. Проработка структуры баз данных и их оптимизация. Оптимизация узких мест в системе. ;"Работа в команде; про-активность; PHP; Yii; PostgreSQL; Git; Linux; HTML; SQL; HTML5; Ориентация на результат; Redis";294;0.10344827586206896;Другие web;0;0;1;0;1;0;0;0;0;0;1;1;0;0;0;0.0;0.0;0.0;0.0;0.0;0.0;0.0;0.0;0.0;0.0;0.0;0.0;0.0;0.0;0.0;0.0;0.0;0.0;0.0;0.0;1.0
12;67;Веб-разработчик (веб-программист);3.0;3.0;Сайт-Мастер;2019-11-27T10:18:19+0300;"Компания «Сайт-Мастер» занимается созданием и доработкой сайтов. В связи с расширением техотдела в нашу команду требуется опытный веб-разработчик (веб-программист, backend):   От вас требуется:  Знание PHP, MySQL; Знание CMS (в основном работаем с OpenCart, WP); Уметь натянуть готовую верстку на движок; Разработка или доработка существующих компонентов или модулей для различных CMS (в приоритете WordPress, OpenCart); Знание фреймворков будет преимуществом.  Все процессы в компании давно отлажены, задачи ставятся в CRM с четким и понятным ТЗ.   Должностные обязанности:  Сборка новых сайтов на CMS, в основном интеграция, т.к. верстку делают front-end специалисты; Доработка существующих сайтов.    Мы предлагаем:  Уютный лофт в центре города (2 мин. от метро «Петроградская») Выплата з/п 2 раза в месяц, без задержек, в соответствии с KPI; График работы: гибкий ~9:00-19:00, посещение офиса не менее 25 часов в неделю; Оформление по ТК РФ (отпуска, больничные, выходные в праздники и т.д.); Комфортное рабочее место: пару мониторов, кресло, быстрый ПК; Чай, кофе, чилаут и все такое.  Возможен вариант удаленного сотрудничества. Для этого имеется вся необходимая инфраструктура: CRM, ServiceDesk, IP-телефония.";"  Уютный лофт в центре города (2 мин. от метро «Петроградская») Выплата з/п 2 раза в месяц, без задержек, в соответствии с KPI; График работы: гибкий ~9:00-19:00, посещение офиса не менее 25 часов в неделю; Оформление по ТК РФ (отпуска, больничные, выходные в праздники и т.д.); Комфортное рабочее место: пару мониторов, кресло, быстрый ПК; Чай, кофе, чилаут и все такое.  Возможен вариант удаленного сотрудничества. Для этого имеется вся необходимая инфраструктура: CRM, ServiceDesk, IP-телефония.";Знание PHP, MySQL. Знание CMS (в основном работаем с OpenCart, WP). Уметь натянуть готовую верстку на движок. Разработка или доработка...;Сборка новых сайтов на CMS, в основном интеграция, т.к. верстку делают front-end специалисты. Доработка существующих сайтов.;"HTML; CSS; Joomla CMS; JavaScript; Adobe Photoshop; CMS Wordpress; MySQL; PHP5; PHP; HTML5; ООП; modx";367;0.5172413793103449;Другие web;0;0;1;0;1;0;0;0;1;0;0;1;0;0;0;0.0;0.0;0.0;0.0;0.0;0.0;0.0;0.0;0.0;0.0;0.0;0.0;0.0;0.0;0.0;0.0;0.0;0.0;0.0;0.0;1.0
13;86;Java Web developer (Middle);2.0;3.0;Айфьючер;2019-12-10T10:16:19+0300;"Наша компания - разработчик высоконагруженного ПО ищет к себе в команду людей, желающих поработать с узкоспециализированным highload продуктом, заниматься технически-сложными и интересными задачами, готовых вносить свои идеи в развитие продукта, обмениваться опытом с коллегами. В компании много реализуемых проектов и в каждый из них мы ищем разработчиков. Наша команда занимается собственной разработкой highload сервисов и серии приложений, ориентированных на рынок Европы и СНГ. В компании решается полный спектр задач от проектирования архитектуры до разработки и дальнейшего сопровождения продукта. Мы стараемся всегда быть в курсе тенденций и новых технологий.   Обязанности:  Участие в разработке высоконагруженного сайта (backend/frontend); Оформление работы согласно принятым в компании стилям и требованиям к коду; Участие в разработке архитектурных решений; Взаимодействие с менеджерами проектов, заказчиками, билд-менеджерами, тестировщиками.  Требования:  Знание Java 8 (core); Опыт работы с Javascript; CSS(LESS); Опыт написания Unit тестов.  Дополнительными преимуществами будет являться опыт работы с:  Знание Spring Framework; Опыт разработки коммерческих сайтов; Patterns; Multithreading, Profiling , Messaging, RPC, REST; Groovy; React JS, Typescript; GruntJs, Webpack, Gulp; Maven, Ant, Git.  Условия:  Комфортный офис не в open space; Заработная плата обсуждается по итогам собеседования; Оформление по ТК РФ с первого рабочего дня. Компенсация любого спорта/фитнеса; Корпоративный ДМС + стоматология; Оплата профильного обучения (курсы, конференции, вэбинары, учебники и пр.); Гибкий график работы, присутственные часы с 11 до 17; Чай/кофе и еженедельные корпоративные мероприятия, велопарковка, шашки, настольные игры, турники в офисе; Офис в 5 мин. от ст. м. Старая Деревня. ";"  Комфортный офис не в open space; Заработная плата обсуждается по итогам собеседования; Оформление по ТК РФ с первого рабочего дня. Компенсация любого спорта/фитнеса; Корпоративный ДМС + стоматология; Оплата профильного обучения (курсы, конференции, вэбинары, учебники и пр.); Гибкий график работы, присутственные часы с 11 до 17; Чай/кофе и еженедельные корпоративные мероприятия, велопарковка, шашки, настольные игры, турники в офисе; Офис в 5 мин. от ст. м. Старая Деревня. ";Знание Java 8 (core). Опыт работы с Javascript. CSS(LESS). Опыт написания Unit тестов. Знание Spring Framework. Опыт разработки коммерческих...;Участие в разработке высоконагруженного сайта (backend/frontend). Оформление работы согласно принятым в компании стилям и требованиям к коду. ;;386;0.06896551724137931;Другие web;0;0;1;0;1;0;0;0;1;0;0;1;0;0;0;0.0;0.0;0.0;0.0;0.0;0.0;0.0;0.0;0.0;0.0;0.0;0.0;0.0;0.0;0.0;0.0;0.0;0.0;0.0;0.0;1.0
14;96;Web-программист - инструктор;4.0;5.0;FastLane, IT тренинг и консалтинг;2019-12-09T18:58:51+0300;Группа компаний Фаст Лейн занимается высокотехнологичным консалтингом, разработкой и обучение в области информационных технологий. Наша компания работает более 12 лет на рынке России, показывая постоянный рост и профессиональное развитие. Фокус работы нашей компании – самые современные технологии и сложные задачи в области ИТ.Почему у нас работать хорошо.  Мы предлагаем уникальные возможности профессионального роста и обучения за счет компании. Посмотрите на нашем сайте какой объем актуальных компетенций у нас есть. Такого не предлагает больше ни одна компания в России. У нас белая компания, все официально и мы любим наших сотрудников. У нас адекватное руководство из ИТ сферы, поэтому можно говорить на одном языке и есть полное понимание работы со стороны руководства. Мы допускаем гибкий график работы (в вакансии указан полный, но вопрос обсуждается). Сейчас мы начинаем развивать тему консалтинга и обучения в области современной web разработки. В связи с этим появилась указанная вакансия.Обратите внимание. Это вакансия хотя и выглядит как вакансия веб разработчика (и такие задачи тоже будут), но вакансия предполагает, работу инструктора-консультанта. То есть, необходимо не только уметь делать то, что описано ниже, но и быть готовым преподавать эти знания на краткосрочных курсах, делиться опытом со слушателями.Поэтому с приоритетом ноль стоит готовность кандидата выступать перед аудиторией (до 10 человек, обычно), готовность общаться и презентовать свои знания.В целом, мы ищем FullStack, но вариант с Front End, желающего развиваться мы тоже рассматриваем.Требования к кандидату  Опыт разработки сайтов с хорошим пониманием HTML/CSS, JavaScript, PHP Опыт интеграции различных фреймворков адаптивной верстки (Bootstrap желателен). Опыт работы с Node.js и другими популярными решениями jQuery, React JS... Понимание как работают веб-службы Restful Опыт оптимизации и комперессией кода, владение инструментами оптимизации Опыт использования систем контроля версий, тикетов и управления разработкой. Готовность учиться за наш счет :-) всему самому крутому в мире ИТ и web разработки. Будет очень круто:  Опыт Progressive Web Apps. Опыт верстки. Понимание аспектов DevOps, опыт работы с разными хостингами, в том числе - AWS/Google for business Понимание принципов работы DNS, MX, спам фильтров, контейнеров и других сущностей вокруг сайтов. Большим преимуществом будет уверенное владение английским языком.Работа позволяет комбинировать офисные часы с гибким графиком.;;Опыт разработки сайтов с хорошим пониманием HTML/CSS, JavaScript, PHP. Опыт интеграции различных фреймворков адаптивной верстки (Bootstrap желателен). ;" HTML; JavaScript; PHP; CSS; MySQL";"Bootstrap; JavaScript; jQuery; Node.js; CSS3; PHP; PHP5; HTML; HTML5; Ajax; phpMyAdmin; Веб-программирование; Кроссбраузерная верстка; MySQL; SQL";396;0.06896551724137931;Другие web;0;0;1;0;1;0;0;0;1;0;0;1;0;0;0;1.0;1.0;1.0;1.0;1.0;0.0;0.0;0.0;0.0;0.0;0.0;0.0;0.0;0.0;0.0;0.0;0.0;0.0;0.0;0.0;0.0
15;0;Web-программист;2.0;3.0;Медиа технологии;2019-11-19T10:47:44+0300;Студия интернет-маркетинга ищет программиста ( junior) для работы над нашими проектами. Обязанности:  программирование web-сайтов и приложений (Next.js, Node.js. Laravel) доработки существующих клиентских проектов на 1С-Битрикс, Opencart  Требования:  Знание js, php, mysql Ответственность Системность Желание учиться и развиваться профессионально  Условия:  Работа в офисе в центре Екатеринбурга Рабочий день с 9 до 18 Чай, кофе, дартс, настольный футбол Перспективы профессионального роста  Заработная плата - конкурентная. Точный размер заработной платы определяется в зависимости от вашего текущего уровня знаний и умений.;  Работа в офисе в центре Екатеринбурга Рабочий день с 9 до 18 Чай, кофе, дартс, настольный футбол Перспективы профессионального роста  Заработная плата - конкурентная. Точный размер заработной платы определяется в зависимости от вашего текущего уровня знаний и умений.;Знание js, php, mysql. Ответственность. Системность. Желание учиться и развиваться профессионально.;Программирование web-сайтов и приложений (Next.js, Node.js. Laravel). Доработки существующих клиентских проектов на 1С-Битрикс, Opencart.;"MySQL; JavaScript; PHP; PHP5; HTML";400;0.7931034482758621;Другие web;1;0;0;1;0;0;0;0;1;0;0;1;0;0;0;0.0;0.0;0.0;0.0;0.0;0.0;0.0;0.0;0.0;0.0;0.0;0.0;0.0;0.0;0.0;0.0;0.0;0.0;0.0;0.0;1.0
16;33;Web-разработчик;2.0;3.0;УДПО Международный институт технических инноваций;2019-12-12T09:30:05+0300;В нашу группу компаний входит пять различных бизнесов. Сегодня мы хотим организовать комплексный интернет-маркетинг: создание и продвижение web-проектов в поисковых системах, контекстная реклама (Яндекс.Директ и Google.Adwords), реклама в социальных сетях. Для реализации этих целей нам нужен Web-разработчик Обязанности:  Самостоятельное ведение проектов по разработке программных продуктов. Взаимодействие с внутренними заказчиками и руководителем проектного офиса, согласование требований к продукту Управление проектным бэклогом и приоритетами задач. Обсуждение задач с командой разработки, нахождение оптимальных технических решений, составление технических заданий. Тестирование и контроль выполнения работ. Сопровождение процесса запуска и передачи готовых решений в эксплуатацию. Помощь в локализации технических проблем, возникающих при эксплуатации продуктов и сервисов. Составление и сопровождение автоматизированных тестов (на основе имеющейся системы автоматизированного тестирования). Обновление документации.  Требования:  Опыт работы менеджером по разработке интернет-проектов от 2 лет. Опыт взаимодействия с командой разработчиков (постановка задач, контроль выполнения, тестирование и т.д.) Умение организовать собственную работу, управлять своим временем, расставлять приоритеты и работать в условиях многозадачности. Умение самостоятельно анализировать и принимать решения. Высокий уровень ответственности. Понимание технологической составляющей и процесса разработки интернет-проектов. Опыт ручного тестирования веб-продуктов. Умение пользоваться инструментами отладки браузера. Хорошие знания HTML+CSS (уметь разобраться в коде чужого сайта). Базовые знания JS. Способность прочитать и понять не сложный JS-код, написать простой скрипт. Опыт работы с SQL, способность писать sql-запросы с использованием GROUP BY, HAVING, IF, LEFT JOIN, UNION Знание Английского, достаточное для чтения технической документации. Желание обучаться новому.  Будет плюсом:  Опыт управления процессом создания сайтов с нуля. Опыт взаимодействия с дизайнерами, понимание лучших практик usability при проектировании web-интерфейсов. Навыки прототипирования веб-интерфейсов. Опыт работы в качестве QA или разработчика.  Условия работы:  Официальное трудоустройство согласно ТК РФ Официальный и стабильный доход. Премия по результатам работы. График работы: пятидневка (с пн по пт), в удобном режиме Место работы: ул. Коминтерна Возможность профессионального роста, реализации своих идей. ;;Опыт работы менеджером по разработке интернет-проектов от 2 лет. Опыт взаимодействия с командой <highlighttext>разработчиков</highlighttext> (постановка задач, контроль выполнения, тестирование...;Самостоятельное ведение проектов по разработке программных продуктов. Взаимодействие с внутренними заказчиками и руководителем проектного офиса, согласование требований к продукту. ;"HTML; CSS; Управление проектами; Интернет-реклама; Проектирование пользовательских интерфейсов";433;0.0;Другие web;1;0;0;0;1;0;0;0;1;0;0;1;0;0;0;0.0;0.0;0.0;0.0;0.0;0.0;0.0;0.0;0.0;0.0;0.0;0.0;0.0;0.0;0.0;0.0;0.0;0.0;0.0;0.0;1.0
17;47;Web-разработчик;1.0;1.0;Кадровик;2019-12-11T14:17:40+0300;"В ИТ - компанию, работающую с 2017 года над созданием функциональной и децентрализованной аналитической платформы, объединяющий участников финансового рынка для поддержания и усовершенствования процесса принятия инвестиционных решений, требуется Web-разработчик. Обязанности:  Разработка WEB страниц основного и мобильного сайтов Контроль размещения тегов на страницах сайта Контроль работоспособности сайта Написание JS скриптов и реактивных компонентов для пользовательского интерфейса;  Требования: Уверенное знание HTML, CSS, JS (JQuery). Опыт работы в верстке от 1 года, включая опыт адаптивой и кроссбраузерной верстки. Умение и желание работать в команде. Ответственно подходить к реализации задач и адекватно планировать сроки. Наличие портфолио. Приветствуется, но не обязательно (для обеспечения взаимозаменяемости членов команды): - Знание vue.js, PHP, какого-либо препроцессора (SASS, LESS), git. - Понимание методологии БЭМ (BEM). - Опыт работы с npm и/или bower, опыт Front-end разработки и интеграции с Back-end. - Желание расти до full-стек программиста. Условия: - График работы: Пн-Пт с 10-00 до 19-00. - Уровень з/п: оклад + премия. - Зарплата точно в срок 2 раза в месяц. - Работа в профессиональной команде. - Перспективы карьерного роста.    "; - График работы: Пн-Пт с 10-00 до 19-00. - Уровень з/п: оклад + премия. - Зарплата точно в срок 2 раза в месяц. - Работа в профессиональной команде. - Перспективы карьерного роста.    ;...с npm и/или bower, опыт Front-end разработки и интеграции с Back-end. - Желание расти до full-стек <highlighttext>программиста</highlighttext>.;Разработка WEB страниц основного и мобильного сайтов. Контроль размещения тегов на страницах сайта. Контроль работоспособности сайта. Написание JS скриптов и...;"jQuery; Git; JavaScript; Less; CSS";447;0.034482758620689655;Другие web;1;0;0;0;1;0;0;0;1;0;0;1;0;0;0;0.0;0.0;0.0;0.0;0.0;0.0;0.0;0.0;0.0;0.0;0.0;0.0;0.0;0.0;0.0;0.0;0.0;0.0;0.0;0.0;1.0
18;79;Web-Программист;2.0;4.0;Медиа технологии;2019-12-10T15:50:47+0300;Студия Интернет-маркетинга ищет web-программиста уровня middle. Наши клиенты - это малый и средний бизнес, мы разрабатываем интернет-магазины с нетиповым функционалом, службы доставки, мобильные приложения. Основные задачи, с которыми придется сталкиваться - разработка новых проектов + сопровождение и развитие существующих. Обязанности:   разработка и доработка интернет-сайтов (React.js, 1C-Битрикс, Opencart) и приложений   Настройка интеграций через API   Требования:   знание php, js   готовность учиться и осваивать новое   ответственность, пунктуальность   опыт работы от 1 года.   Условия:   Работа в офисе в центре Екатеринбурга, возможен индивидуальный график.   оплата: оклад + премия по проектам   интересные проекты   уютный офис   вкусный кофе и чай   настольный футбол   дружный коллектив   обучение   возможность профессионального роста  ;   Работа в офисе в центре Екатеринбурга, возможен индивидуальный график.   оплата: оклад + премия по проектам   интересные проекты   уютный офис   вкусный кофе и чай   настольный футбол   дружный коллектив   обучение   возможность профессионального роста  ;Знание php, js. Готовность учиться и осваивать новое. Ответственность, пунктуальность. Опыт работы от 1 года.;Разработка и доработка интернет-сайтов (React.js, 1C-Битрикс, Opencart) и приложений. Настройка интеграций через API.;"PHP; HTML; JavaScript; MySQL; CSS; jQuery; 1С-Битрикс; opencart; SEO; HTML5; SQL; CSS3; Ajax; react.js; Node.js";479;0.06896551724137931;Другие web;1;0;0;0;1;0;0;0;1;0;0;1;0;0;0;0.0;0.0;0.0;0.0;0.0;0.0;0.0;0.0;0.0;0.0;0.0;0.0;0.0;0.0;0.0;0.0;0.0;0.0;0.0;0.0;1.0
19;54;Старший веб-разработчик;4.0;5.0;Прософт-Системы;2019-12-09T09:30:25+0300;"Инженерная компания Прософт-Системы приглашает Старшего веб-разработчика (fullstack) в группу по разработке системы учета энергоресурсов. Программный комплекс Энергосфера является специализированным продуктом для систем АИИС КУЭ, АСТУЭ и КСУЭР. С помощью данного ПК можно не только систематизировать данные за прошлые периоды, но и получить прогноз потребления энергоресурсов на заданный интервал вперед. А при использовании на тепло-, гидро- или солнечных электростанциях - рассчитать показатели генерации для получения ожидаемых объемов выработки. Энергосфера обладает уникальными особенностями и возможностями. Основные задачи:​​​ Мы ищем опытного веб-разработчика, который займется сопровождением и развитием web-приложения на всех уровнях - от серверной логики до клиентского кода в браузере, от архитектуры до кодирования. Пожелания к кандидату:  Высшее техническое образование; Уверенное владение С#; Общее знание JS, iQuery, HTML, CSS, SQL; Опыт разработки веб-приложений на ASP.Net MVC; Опыт использования ORM и понимание влияния ORM на СУБД; Навыки командной работы, CI.  Будет плюсом:  Опыт руководства группой веб-разработчиков; Навыки работы с библиотеками NHibernate, NUnit, Angular; Умение применять TDD без фанатизма; Знакомство с предметной областью (энергоучет).  Условия:  Заработная плата: оклад + квартальные премии, стартовые условия обсуждаются в зависимости от квалификации, опыта работы; Трудовые отношения в полном соответствии с ТК РФ; ДМС, компенсация спортивного абонемента. ";"  Заработная плата: оклад + квартальные премии, стартовые условия обсуждаются в зависимости от квалификации, опыта работы; Трудовые отношения в полном соответствии с ТК РФ; ДМС, компенсация спортивного абонемента. ";Навыки командной работы, CI. Будет плюсом: Опыт руководства группой веб-<highlighttext>разработчиков</highlighttext>. Навыки работы с библиотеками NHibernate, NUnit, Angular. ;С помощью данного ПК можно не только систематизировать данные за прошлые периоды, но и получить прогноз потребления энергоресурсов на заданный...;"ASP.NET; JavaScript; C#; .NET Framework; SQL";554;0.10344827586206896;Другие web;1;0;0;0;0;1;0;0;1;0;0;1;0;0;0;0.0;0.0;0.0;0.0;0.0;0.0;0.0;0.0;0.0;0.0;0.0;0.0;0.0;0.0;0.0;0.0;0.0;0.0;0.0;0.0;1.0
20;5;Web-программист;2.0;3.0;К Телеком,ООО;2019-12-06T09:27:53+0300;"Мы еще не знакомы? Тогда немного о нашей Компании… Компания «К Телеком» на телекоммуникационном рынке уже более 10 лет, мы предоставляем свои услуги в более чем 80-ти городах Свердловской, Челябинской областях и Пермском крае. Более 90 000 абонентов пользуются нашими услугами, более 500 сотрудников работают в нашей Компании. Какие услуги предоставляет наша Компания?  высокоскоростной безлимитный интернет; местная, внутризоновая, междугородная и международная телефонная связь; виртуальная АТС; организация виртуальных частей сетей (VPN); Wi-Fi Hot Spot; «умное» видеонаблюдение; программное обеспечение: Облачная 1С, антивирус; Co-location (размещение оборудования).  Что мы ждем от кандидата?  Если ты хорошо знаком с Wordpress: опыт разработки тем, знание стандартов разработки под WP Если тебе известны такие языки, как PHP, HTML, CSS, JS Если тебя не пугает работа с git Если ты нацелен на результат и ты желаешь развиваться,  тогда ТЫ точно подходишь НАМ! Чем Ты будешь заниматься? Твоими основными продуктами деятельности станут - сайты Компании, Тебе предстоит:  Производить верстку лендингов по готовому дизайну Заниматься разработкой web-интерфейсов Верстать,учитывая тонкости работы разных браузеров Разрабатывать и дорабатывать функционал web-приложений Компании  а также участвовать в разработке новых проектов Компании Почему именно МЫ? Работая в нашей компании, Ты получаешь  Официальное трудоустройство согласно ТК РФ; Официальный и стабильный доход; Компенсацию питания; Работу в молодом и дружном коллективе; Возможность профессионального и карьерного роста и возможность реализации своих идей.  Где Ты будешь работать? В современном комфортабельном офисе в Пионерском районе (ост. Современник) Также на территории офиса имеется бесплатная охраняемая парковка  ";Если ты хорошо знаком с Wordpress: опыт разработки тем, знание стандартов разработки под WP. Если тебе известны такие языки, как...;Высокоскоростной безлимитный интернет. Местная, внутризоновая, междугородная и международная телефонная связь. Виртуальная АТС. Организация виртуальных частей сетей (VPN). Wi-Fi Hot...;"CSS; HTML; Git; Web-дизайн; Web Design; Создание сайтов";;605;0.20689655172413793;Другие web;1;0;0;0;1;0;0;0;1;0;0;1;0;0;0;1.0;0.0;0.0;0.0;0.0;0.0;0.0;0.0;0.0;0.0;1.0;1.0;1.0;0.0;0.0;0.0;0.0;0.0;0.0;0.0;1.0
21;11;Middle web-разработчик (Java) в отдел сопровождения;2.0;3.0;Динамика;2019-12-11T08:33:59+0300;Мы - стабильная растущая компания, специализирующаяся на рынке Программного Обеспечения для финансового сектора. Наши клиенты - более 50-ти ведущих банков РФ. Наши продукты - высокоинтеллектуальные, отказоустойчивые системы, обеспечивающие одновременную работу нескольких сотен пользователей. Работая у нас, вы получите навыки работы с современными инструментами разработки, станете членом профессиональной дружной команды, откроете для себя новый интересный мир банковских технологий. Наш центральный офис располагается в сердце самого технологичного центра для ИТ специалистов – новосибирском технопарке. Так же у нас есть филиалы в Москве, Ростове, Уфе. Несколько раз в год мы проводим корпоративные выездные мероприятия в различные города и страны. Обязанности:  Сопровождение существующей системы «Единое окно Динамика». Диагностика и решение технических ошибок и проблем. Настройка, оптимизация и доработка существующих решений. Участие в разработке новых модулей системы.  Обязательно знать:  html, javascript, css. Java Core, Servlets, JDBC, JPA, Spring, Hiberante. SQL, Maven, Git.  Желательно знать:  ReactJS. Опыт работы с UNIX-системами. Опыт работы с СУБД Oracle.  Требования к кандитадам: - Хорошие коммуникативные навыки. - Грамотная устная и письменная речь. - Умение четко формулировать мысли, внимательность.   Дополнительно:  Возможность профессионального роста. Работа в Академгородке (Академпарк). Заработная плата по результатам собеседования.  О компании - 10 лет на рынке. - Свой собственный набор продуктов. - Четыре филиала по стране - Новосибирск, Москва, Уфа, Ростов. - В Новосибирске располагаемся в Технопарке. - Полный соцпакет: 4 недели отпуск, больничные, обеды за счет компании.;Html, javascript, css. Java Core, Servlets, JDBC, JPA, Spring, Hiberante. SQL, Maven, Git. ReactJS. Опыт работы с UNIX-системами. ;Сопровождение существующей системы «Единое окно Динамика». Диагностика и решение технических ошибок и проблем. Настройка, оптимизация и доработка существующих решений. ;"Java; JavaScript; HTML; CSS; SQL; Git; XML; Spring Framework";;811;0.034482758620689655;Другие web;0;1;0;0;1;0;0;1;0;0;0;1;0;0;0;1.0;1.0;0.0;1.0;0.0;0.0;0.0;0.0;0.0;0.0;1.0;0.0;0.0;0.0;0.0;0.0;0.0;0.0;0.0;0.0;1.0
22;20;Web-разработчик / Web Developer;2.0;2.0;Dankolab;2019-12-10T10:55:31+0300;"Dankolab - компания разработчик мобильных приложений и игр. В связи с расширением компании ищем в свою команду web-разработчика. Обязанности:  Верстка шаблонов; Создание веб сайтов, веб сервисов, backend сервисов;  Требования:   Хорошее знание PHP;   Опыт работы с фреймворком (Laravel) - крайне приветствуется;   Опыт работы с базами данных MySQL, Mongo, Redis;   Умение верстать (HTML/CSS), иногда что-то написать на JS - большой плюс;   Способность к обучению и желание работать.   Желательно, но не обязательно:  Знание Linux(Ubuntu), Docker (docker-compose), Git; Опыт написания API серверов; Опыт работы в команде;  Работа в Dankolab - это:   Работа в компании полного цикла;   Рабочий день в рамках: 9:00 – 18:00; 10:00 – 19:00 или 11:00 – 20:00 на Ваш выбор;   Интересные проекты‚ творческая атмосфера в коллективе;   Уютный офис в центре города, где Вас ждут вкусный кофе/чай, снеки и другие плюшки;   Стабильная заработная плата;   Возможность карьерного и финансового роста.  ";Хорошее знание PHP. Опыт работы с фреймворком (Laravel) - крайне приветствуется. Опыт работы с базами данных MySQL, Mongo, Redis. ;Верстка шаблонов. Создание веб сайтов, веб сервисов, backend сервисов.;"MySQL; JavaScript; CSS; PHP; Mongo; Redis; HTML";;820;0.06896551724137931;Другие web;0;1;0;0;1;0;0;0;1;0;0;1;0;0;0;1.0;1.0;1.0;1.0;0.0;0.0;0.0;0.0;0.0;0.0;0.0;0.0;0.0;0.0;0.0;0.0;0.0;0.0;0.0;0.0;1.0
23;41;Web-программист;2.0;2.0;Хоккейная Нация;2019-11-27T12:37:23+0300;Ищем целеустремленных программистов, готовых реализовываться, учиться и развиваться. Стрессоустойчивых  и способных решать задачи нестандартным подходом. Обязанности:  Front-end разработка Back-end разработка Поддержание и обновление веб-портала компании  Требования:  Знание HTML, HTML5, CSS, CSS3, PHP, MySQL, JavaScript Опыт работы с Базами Данных  Условия:  Работа в Новосибирске Работа как в офисе компании, так и на дому Возможность развиваться в активной, молодой команде ;Знание HTML, HTML5, CSS, CSS3, PHP, MySQL, JavaScript. Опыт работы с Базами Данных.;Front-end разработка. Back-end разработка. Поддержание и обновление веб-портала компании.;"HTML5; CSS3; JavaScript; PHP; Ajax; MySQL";  Работа в Новосибирске Работа как в офисе компании, так и на дому Возможность развиваться в активной, молодой команде ;841;0.5172413793103449;Другие web;0;1;0;0;1;0;0;0;1;0;0;1;0;0;0;0.0;1.0;1.0;0.0;1.0;0.0;1.0;0.0;0.0;0.0;0.0;0.0;0.0;0.0;0.0;0.0;0.0;0.0;0.0;0.0;1.0
24;47;Web-программист;2.0;1.0;ГБУЗ НСО МИАЦ;2019-11-25T07:47:33+0300;"Обязанности:  сопровождение и развитие информационных систем в сфере здравоохранения работа по поддержке существующего функционала разработка нового функционала оптимизация запросов организация процесса информационного обмена между системами    Требования:  Знание SQL, PL/SQL Знание PHP Знание Html, Css, JavaScript Знание SOAP-протокола обмена Умение разбираться в чужом коде Аналитический склад ума, желание учиться и развиваться Высшее образование    Условия:  Интересные задачи: проекты федерального масштаба с уникальной структурой; Достойная оплата: полностью «белая» заработная плата; Дружный коллектив: смежные отделы готовы дать инфраструктуру и забрать рутину; Развитие и обучение: оплата внешних тренингов, семинаров и конференций; Комфортные условия: локация в центре Новосибирска, свободный дресскод. ";Знание SQL, PL/SQL. Знание PHP. Знание Html, Css, JavaScript. Знание SOAP-протокола обмена. Умение разбираться в чужом коде. ;Сопровождение и развитие информационных систем в сфере здравоохранения. Работа по поддержке существующего функционала. Разработка нового функционала. Оптимизация запросов. ;"JavaScript; Oracle Pl/SQL; PHP; LDAP; SOAP; Active Directory";"  Интересные задачи: проекты федерального масштаба с уникальной структурой; Достойная оплата: полностью «белая» заработная плата; Дружный коллектив: смежные отделы готовы дать инфраструктуру и забрать рутину; Развитие и обучение: оплата внешних тренингов, семинаров и конференций; Комфортные условия: локация в центре Новосибирска, свободный дресскод. ";847;0.5862068965517241;Другие web;0;1;0;0;1;0;0;0;1;0;0;1;0;0;0;0.0;0.0;1.0;0.0;0.0;0.0;0.0;0.0;1.0;0.0;0.0;0.0;0.0;0.0;0.0;0.0;0.0;0.0;0.0;0.0;1.0
25;50;Веб-программист;2.0;2.0;Резиновая подкова;2019-11-29T06:31:12+0300;Компания Резиновая подкова на рынке уже больше 20 лет. Мы занимаем лидирующие позиции в Сибири, а по некоторым направлениям и в России. Но - совершенству нет предела :) Мы продолжаем развиваться и расти, как качественно (улучшаем стандарты работы с клиентами), так и количественно (открываем новые Торгово-сервисные центры, берем новые дилерские контракты и т.д. и т.п.). И сейчас одна из задач Компании - развитие сайта как инструмента продаж и взаимодействия с клиентами. Поэтому нам нужен веб-разработчик. Какие основные задачи будут поставлены: - обеспечение и контроль быстродействия работы сайта на всех устройствах (в веб и мобильной версии) - обеспечение корректной интеграции сайта с 1С и CRM системой - разработка и корректировка действующего функционала сайта, дополнение и развитие функциональных блоков, фильтров, поисков, работы корзины - контроль корректности отображения и актуальности контента на сайте - настройка и корректная работа всех метрик, веб-аналитики - организация работы с подрядчиками и фрилансерами Мы предлагаем: - официальное трудоустройство и достойный уровень оплаты - рабочее место в Калининском районе, полный рабочий день Отправляйте свое резюме, задавайте вопросы и приходите на собеседование!  ;;обеспечение и контроль быстродействия работы сайта на всех устройствах (в веб и мобильной версии). - обеспечение корректной интеграции сайта с 1...;1С-Битрикс; - официальное трудоустройство и достойный уровень оплаты - рабочее место в Калининском районе, полный рабочий день Отправляйте свое резюме, задавайте вопросы и приходите на собеседование!  ;850;0.4482758620689655;Другие web;0;1;0;0;0;1;0;0;1;0;0;1;0;0;0;0.0;0.0;0.0;0.0;0.0;0.0;0.0;0.0;0.0;0.0;0.0;0.0;0.0;1.0;0.0;0.0;0.0;0.0;0.0;0.0;0.0
26;52;Программист Web;2.0;2.0;People group, центр подбора и развития персонала;2019-11-20T19:37:33+0300;Компания, которая занимается оптимизацией и повышением эффективности работы отделов продаж, внедрением CRM-систем (Битрикс 24, amoCRM, Мегаплан), IT-решениями в сфере автоматизации бизнес процессов, подключением IP -телефонии и настройкой 1С ищет Программиста Web для удаленной работы на проектах. Требования: - Разработка web-приложений, - Вебхуки для Битрикс24. - Знание API Битрикс24 приветствуется. Желание изучить в короткие сроки API Битрикс24 обязательно. Условия обсуждаем!      ;Знание API Битрикс24 приветствуется. Желание изучить в короткие сроки API Битрикс24 обязательно.;Разработка web-приложений.;"1С-Битрикс; CRM Мегаплан; Оптимизация бизнес-процессов; CRM; Моделирование бизнес процессов";;852;0.7241379310344828;Другие web;0;1;0;0;0;1;0;0;1;0;0;0;0;0;1;0.0;0.0;0.0;0.0;0.0;0.0;0.0;0.0;0.0;0.0;0.0;0.0;0.0;1.0;0.0;0.0;0.0;0.0;0.0;0.0;1.0
27;56;Веб-разработчик;1.0;2.0;ДСК КПД-Газстрой;2019-11-28T05:24:30+0300;"Отдел системного администрирования «ГК КПД-Газстрой» примет талантливого и результативного ВЕБ-РАЗРАБОТЧИКА для осуществления технической поддержки текущих сайтов компании и для разработки и внедрения нового функционала. Готовы взять студента и научить всем тонкостям работы. Мы предлагаем:  Расти и развиваться, совершенствуя свои навыки и знания; Интересную работу в молодом и дружном коллективе; Работу в успешной и стабильно развивающейся компании; Официальную, своевременную оплату труда, оклад +премия; Комфортное рабочее место; Вкусную столовую на территории завода; График с 9:00 до 18:00 (обеденный перерыв с 13:00 до 14:00).  Ваши преимущества:  Средне-специальное / высшее профессиональное образование (информационные технологии и программирование); Опыт работы приветствуется, но не обязателен; Знание PHP, HTML, CSS, JavaScript, jQuery, Bitrix Самостоятельность в принятии решений; Энергичность, эффективность.    Отправляй резюме, оставляй отклик или звони!  Ответим всем кандидатам.";Ваши преимущества: Средне-специальное / высшее профессиональное образование (информационные технологии и программирование). Опыт работы приветствуется, но не обязателен. Знание PHP, HTML...;Ответим всем кандидатам.;"PHP; HTML; JavaScript; jQuery";"  Расти и развиваться, совершенствуя свои навыки и знания; Интересную работу в молодом и дружном коллективе; Работу в успешной и стабильно развивающейся компании; Официальную, своевременную оплату труда, оклад +премия; Комфортное рабочее место; Вкусную столовую на территории завода; График с 9:00 до 18:00 (обеденный перерыв с 13:00 до 14:00).  Ваши преимущества:  Средне-специальное / высшее профессиональное образование (информационные технологии и программирование); Опыт работы приветствуется, но не обязателен; Знание PHP, HTML, CSS, JavaScript, jQuery, Bitrix Самостоятельность в принятии решений; Энергичность, эффективность.    Отправляй резюме, оставляй отклик или звони!  Ответим всем кандидатам.";856;0.4827586206896552;Другие web;0;1;0;1;0;0;0;0;1;0;0;1;0;0;0;1.0;1.0;0.0;0.0;0.0;0.0;0.0;0.0;0.0;1.0;0.0;0.0;0.0;0.0;1.0;0.0;0.0;0.0;0.0;0.0;0.0
28;63;Web-программист;4.0;2.0;Омегаспорт;2019-11-13T11:07:18+0300;Требуется программист на постоянную удаленную работу для поддержки и развития интернет-магазина компании.Основной проект написан на ShopCMS (если вкратце, то это очень примитивная CMS, и времени на ее освоение нужно минимум). Требования:  Уверенное знание PHP 7 Знание css, html на уровне, достаточном, чтобы что-то поправить на сайте (верстать с нуля не нужно) Знание js, jquery Базовые навыки работы с GIT (не обязательно, можем и научить) Умение писать чистый код, базовые представления об ООП Умение работать с чужим и не всегда качественным кодом Бонусом будет опыт работы с OpenCart, CS-Cart ;Уверенное знание PHP 7. Знание css, html на уровне, достаточном, чтобы что-то поправить на сайте (верстать с нуля не...;;"CSS; HTML; PHP7; jQuery";;863;1.0;Другие web;0;1;0;0;0;1;0;0;0;0;1;0;0;0;1;1.0;0.0;0.0;0.0;0.0;0.0;0.0;0.0;0.0;0.0;0.0;0.0;1.0;0.0;1.0;0.0;0.0;0.0;0.0;0.0;1.0
29;27;Веб–разработчик;2.0;2.0;С7 Информационные технологии;2019-12-12T07:25:19+0300;"S7 IT — одно из ключевых подразделений холдинга S7. Мы занимаемся разработкой собственного ПО, развитием и поддержкой IT–инфраструктуры, обеспечиваем автоматизацию бизнес–процессов.Сейчас мы в поисках backend разработчика в команду «Business trip services» - сервис оформления командировок для сотрудников авиахолдинга S7 (больше 10 000 сотрудников). Технологический стек сервиса: PHP, Node.js, GraphQL, Angular7, Oracle, Postgres. Чем предстоит заниматься:  развивать функциональность командировочных сервисов; развивать архитектуру, позволяющую максимально гибко настраивать процесс через конфигурирование; разрабатывать интеграции с другими системами и сервисами собственной разработки; участвовать в разработке отчуждаемой системы командировочных сервисов (проектирование API, разработка контрактов и т.д.).  Об условиях. Мы работаем в современном и комфортном офисе в минуте ходьбы от ст.м. Октябрьская. Ежегодно посещаем лучшие ИТ-конференции, организуем тренинги и ведём внутренний проект обмена знаниями «Talk about IT». У нас официальное трудоустройство, белая заработная плата, полный соцпакет. Всей семьей летаем по корпоративным тарифам самой пунктуальной российской авиакомпанией - S7 Airlines.";;Развивать функциональность командировочных сервисов. Развивать архитектуру, позволяющую максимально гибко настраивать процесс через конфигурирование. Разрабатывать интеграции с другими системами и сервисами...;"PHP; Node.js";;927;0.0;Другие web;0;1;0;0;1;0;0;0;1;0;0;1;0;0;0;0.0;0.0;0.0;0.0;0.0;0.0;0.0;0.0;0.0;1.0;0.0;0.0;0.0;0.0;0.0;0.0;0.0;0.0;0.0;0.0;1.0
30;58;Web developer / web программист;1.0;2.0;АйТи Мегастар;2019-12-11T10:01:50+0300;"Megastar — команда из более чем 50 специалистов, которая знает как делать IT/digital - продукты, предназначенные как для широкой, так и узкоспециализированной аудитории. Лидеры внутренних команд компании — истинные профессионалы, контролирующие выполнение задач и отвечающие за здравый смысл в разработке. К каждой задаче мы относимся как к продукту, думая не только о её прямом выполнении, но и стараемся заложить собственную экспертизу, в том числе и в её постановку. Мы делаем всё от нас зависящее, чтобы определить реальные цели наших партнеров и достичь их оптимальным способом.Наши ключевые ценности- компетентность, ответственность, гибкость и клиенториентированность. В связи с расширением, приглашаем в нашу команду Web developer /Web программиста. Мы предлагаем:  оформление по ТК РФ; гибкий график; команды профессионалов, искренне заинтересованных в развитии проектов, с продуктовым подходом; интересные проекты различной сложности; возможность профессионального и карьерного роста до Team/Tech Lead; достойный уровень заработной платы (обсуждается на собеседовании); безлимит чай, кофе, печеньки,корпоративы; удобная парковка с большим количеством парковочных мест; комфортные, стильные офисы в Новосибирске и Академгородке.  Необходимые навыки:  опыт web разработки backend от 1 года; уверенное знание JS; желательно опыт использования REST API; опыт работы с любой из реляционных баз данных (Postgresql, MySql); опыт верстки; умение работать с GIT; английский на уровне чтения технической документации (pre-intermediate).    Будет плюсом:  желание развивать свои hard skills в web разработке в сторону Full Stack    Чем предстоит заниматься:  доработка функционала для веб-сервисов; оптимизация и доработка интерфейсов.     Даже если Вы не нашли какой -то пункт у себя в резюме, мы все равно будем рады познакомиться и рассмотреть Вашу кандидатуру, поэтому смело откликайтесь, даем обратную связь! В случае, если мы не ответили Вам в течение 14 календарных дней, значит мы пока не можем предложить Вам дальнейшее взаимодействие и сотрудничество. Но! Мы сохраняем отклик на перспективу, на будущие проекты.      «Отправляя резюме на данную вакансию, Вы тем самым подтверждаете свое согласие на сбор, систематизацию, накопление, хранение, уточнение, использование, передачу, обезличивание, блокирование, уничтожение своих персональных данных в соответствии с п.3 ч.1 ст.3 Федерального закона от 27.07.2006г № 152-ФЗ «О персональных данных».";Опыт web разработки backend от 1 года. Уверенное знание JS. Желательно опыт использования REST API. Опыт работы с любой из...;Доработка функционала для веб-сервисов. Оптимизация и доработка интерфейсов.;" HTML; JavaScript; PHP; CSS; MySQL";"  оформление по ТК РФ; гибкий график; команды профессионалов, искренне заинтересованных в развитии проектов, с продуктовым подходом; интересные проекты различной сложности; возможность профессионального и карьерного роста до Team/Tech Lead; достойный уровень заработной платы (обсуждается на собеседовании); безлимит чай, кофе, печеньки,корпоративы; удобная парковка с большим количеством парковочных мест; комфортные, стильные офисы в Новосибирске и Академгородке.  Необходимые навыки:  опыт web разработки backend от 1 года; уверенное знание JS; желательно опыт использования REST API; опыт работы с любой из реляционных баз данных (Postgresql, MySql); опыт верстки; умение работать с GIT; английский на уровне чтения технической документации (pre-intermediate).    Будет плюсом:  желание развивать свои hard skills в web разработке в сторону Full Stack    Чем предстоит заниматься:  доработка функционала для веб-сервисов; оптимизация и доработка интерфейсов.     Даже если Вы не нашли какой -то пункт у себя в резюме, мы все равно будем рады познакомиться и рассмотреть Вашу кандидатуру, поэтому смело откликайтесь, даем обратную связь! В случае, если мы не ответили Вам в течение 14 календарных дней, значит мы пока не можем предложить Вам дальнейшее взаимодействие и сотрудничество. Но! Мы сохраняем отклик на перспективу, на будущие проекты.      «Отправляя резюме на данную вакансию, Вы тем самым подтверждаете свое согласие на сбор, систематизацию, накопление, хранение, уточнение, использование, передачу, обезличивание, блокирование, уничтожение своих персональных данных в соответствии с п.3 ч.1 ст.3 Федерального закона от 27.07.2006г № 152-ФЗ «О персональных данных».";958;0.034482758620689655;Другие web;0;1;0;0;1;0;0;1;0;0;0;1;0;0;0;1.0;1.0;1.0;1.0;1.0;0.0;0.0;0.0;0.0;0.0;0.0;0.0;0.0;0.0;0.0;0.0;0.0;0.0;0.0;0.0;0.0
31;64;Разработчик Web-Tutor;2.0;2.0;ЛЕВОБЕРЕЖНЫЙ, Новосибирский социальный коммерческий банк;2019-12-11T12:28:00+0300;"Обязанности:  сопровождение и развитие (доработка) ПО WebTutor; взаимодействие с внутренними заказчиками.  Требования:  образование высшее техническое; наличие практических знаний веб-разработки; основы работы с базами данных (Oracle/PL-SQL); знание и опыт работы в ПО WebTutor будет дополнительным преимуществом  Условия:  оформление по ТК РФ (с первого дня работы) и белая заработная плата в полном объеме; более 10 программ ДОПОЛНИТЕЛЬНОГО ПООЩРЕНИЯ: от компенсации сотовой связи до возможности льготного кредитования и премирования лучших сотрудников отдыхом за границей; уютный офис, удобное, полностью оснащённое рабочее место; творческий и материальный рост; квартальные премии, ежегодная индексация; доход по результатам собеседования. ";Образование высшее техническое. Наличие практических знаний веб-разработки. Основы работы с базами данных (Oracle/PL-SQL). Знание и опыт работы...;Сопровождение и развитие (доработка) ПО WebTutor. Взаимодействие с внутренними заказчиками.;" HTML; JavaScript; PHP; CSS; MySQL";"  оформление по ТК РФ (с первого дня работы) и белая заработная плата в полном объеме; более 10 программ ДОПОЛНИТЕЛЬНОГО ПООЩРЕНИЯ: от компенсации сотовой связи до возможности льготного кредитования и премирования лучших сотрудников отдыхом за границей; уютный офис, удобное, полностью оснащённое рабочее место; творческий и материальный рост; квартальные премии, ежегодная индексация; доход по результатам собеседования. ";964;0.034482758620689655;Другие web;0;1;0;1;0;0;0;0;1;0;0;1;0;0;0;1.0;1.0;1.0;1.0;1.0;0.0;0.0;0.0;0.0;0.0;0.0;0.0;0.0;0.0;0.0;0.0;0.0;0.0;0.0;0.0;0.0
32;95;Embedded Web developer;2.0;2.0;«Предприятие «ЭЛТЕКС»;2019-12-11T05:48:24+0300;"Добрый день, %username%. Зовут меня Егор, я руководитель группы веб-разработки в Элтексе. Наша компания выпускает разные сетевые устройства (Wi-Fi точки доступа, роутеры, маршрутизаторы и т.д.). Во многих из этих устройств имеется встроенный веб. И, т.к. создание веб-интерфейсов является довольно специфичной работой, сильно отличающейся от системного программирования, то веб-разработкой занимается наша группа. Вообще, проектов у нас много - есть и фуллстек, есть только фронт для всяких систем управления, но сейчас мы ищем разработчика, который знает си, программировал под линукс, знает, что такое мейкфайлы и в то же время в курсе про html, css, js, хотя бы основы. Есть веб для сишников, которые знают си, системные вызовы в линукс, умеют править мейкфайлы, разбираются в gcc, ld и кросскомпиляции. Которые любят компиляцию по 30-40 минут (впрочем, есть проекты, где компиляция идёт минут 5 или даже ещё меньше). Здесь их ждёт много си, чуть-чуть html, немного js, приправленного jquery (иногда с плагинами). Кое-где есть си++. Есть веб для тех, кто знает си, но не очень его хочет. Здесь на си написана маленькая прослойка, которая была написана много лет назад и больше не правилась (отлажена, нового функционала не требуется), а основная бизнес-логика выполняется луа-скриптами. Здесь не появляется фраза “segmentation fault”, компиляция выполняется на удалённом сервере, лишь для тестеров одной ссылкой “собрать” в дженкинсе. Зато здесь много js-кода, интересных нестандартных задач и очень удобно разбитый на компоненты веб. Но изредка, раз в два-три года, знание си и мейкфайлов очень даже пригодится. В любом случае у нас всегда находятся интересные задачи - реализовать нестандартный компонент, страницу, внедрить какую-нибудь новую фичу и т.д. Не везде ещё внедрён webpack, не везде используется ES6+, так что будем рады новому коллеге, который поможет нам. Ещё у нас есть тестовый отдел, который досконально всё проверяет и перепроверяет, так что тестированием разработчики не занимаются. Технические подробности по проектам: Бэкэнд:  разный: есть просто си и системные вызовы линукс, есть с++, есть луа  Фронтэнд:  тоже разный: есть проекты, где html, css, js (ES5), есть проекты, где крутится knockout+webpack  Немного о компании. Элтекс существует с 1992 года, сейчас в ней работает порядка 800 человек. Коллектив дружный, всегда готовы помочь. Развито наставничество - за новичками закрепляется куратор, помогающий, рассказывающий, обучающий. От нас: Официально устраиваем своих сотрудников в первый рабочий день. Никаких зарплат в конверте. Мы предоставляем комфортное рабочее место в нашем просторном комплексе зданий в парковой зоне города в 10 минутах езды от метро «Заельцовская». Мы поддерживаем желание сотрудников учиться и профессионально расти, поэтому постоянно участвуем в профильных конференциях, тренингах и семинарах, а также проводим внутренние проекты по обмену знаниями. Количество проектов с каждым годом увеличивается, появляются новые группы разработки, от джуна до руководителя группы или направления вырасти реально, от вас - желание и компетенции. В зданиях есть благоустроенные комнаты для приема пищи, а также столовая. В свободное время ты можешь играть в настолки, рубиться в кикер или настольный теннис. Любишь спорт? У нас есть собственный тренажерный зал и корпоративные скидки на фитнес. Наши бенефиты: - комфортная программа ввода в должность (наставник прилагаетсяJ) - корпоративные скидки у компаний-партнеров (фитнес, развлечения); - собственный комплекс зданий в парковой зоне города; - уличная зона с турниками и настольным теннисом; - своя столовая и тренажерный зал; - большая парковка; - яркие корпоративные мероприятия; - митапы по обмену опытом между командами; - компенсация затрат на участие в IT конференциях; - развивающаяся электронная библиотека; - бесплатный служебный транспорт от пл.Калинина и 4, 5, 6 мкр. - релокационный пакет для иногородних кандидатов";;Технические подробности по проектам: Фронтэнд:;"JavaScript; HTML; HTML5; GCC; C/C++; make; Linux; web";;995;0.034482758620689655;Другие web;0;1;0;0;1;0;0;0;1;0;0;1;0;0;0;1.0;0.0;0.0;0.0;0.0;1.0;0.0;0.0;1.0;0.0;0.0;0.0;0.0;0.0;0.0;0.0;0.0;0.0;0.0;0.0;1.0
33;27;Web-разработчик;2.0;2.0;ROCKSTONE;2019-12-10T14:02:04+0300;"ROCKSTONE — компания в которой работают молодые, талантливые и целеустремленные люди. Наши проекты и игры входят в топ популярных приложений РФ. В работе над проектами наши сотрудники проявляют самостоятельность, творческий подход и трудолюбие. Мы ищем Web-разработчика для участия в командной разработке больших и интересных продуктов. Локация: Удалённое размещение   Задачи, которые предстоит решать:   Программирование игровой логики;   Разработка и оперирование front end;   Отладка, профилирование, оптимизация кода;   Проверка и тестирование разработанного функционала;   Отслеживание и контроль качества после релиза функционала;   Поддержание и улучшение архитектуры.     Требования к опыту:  Опыт работы с JavaScript/TypeScript от 2-х лет; Знание HTML/CSS и адаптивной вёрстки; Приветствуется опыт разработки SPA приложений, и мобильных приложений.    Будет плюсом:  Знание C#; Опыт работы в команде; Умение быстро обучаться и делиться накопленным опытом с коллегами; Страстное увлечение играми и желание их разрабатывать; Способность самостоятельно решать сложные задачи.    Мы предлагаем:   Работа с успешным высокодоходным проектом   Официальное оформление;   Возможность работать удалённо с удобным для вас графиком;   Корпоративное обучение: курсы, семинары, тренинги, конференции;   Дополнительные бенефиты для сотрудников (корп. обучение, ДМС, страховка от укусов клещей, витаминизация и тд);   Работа над уникальными задачами;   Возможность самореализации.     Если Ваше резюме нас заинтересовало, HR свяжется с Вами в течение 5 рабочих дней, если звонка не последовало, то в настоящее время компания не готова сделать Вам предложение.";"   Работа с успешным высокодоходным проектом   Официальное оформление;   Возможность работать удалённо с удобным для вас графиком;   Корпоративное обучение: курсы, семинары, тренинги, конференции;   Дополнительные бенефиты для сотрудников (корп. обучение, ДМС, страховка от укусов клещей, витаминизация и тд);   Работа над уникальными задачами;   Возможность самореализации.     Если Ваше резюме нас заинтересовало, HR свяжется с Вами в течение 5 рабочих дней, если звонка не последовало, то в настоящее время компания не готова сделать Вам предложение.";Опыт работы с JavaScript/TypeScript от 2-х лет. Знание HTML/CSS и адаптивной вёрстки. Приветствуется опыт разработки SPA приложений...;Программирование игровой логики. Разработка и оперирование front end. Отладка, профилирование, оптимизация кода. Проверка и тестирование разработанного функционала. Отслеживание и контроль...;"HTML5; JavaScript; Git; Less; Sass; SPA; C#; CSS; HTML";1027;0.06896551724137931;Другие web;0;1;0;0;1;0;0;0;0;0;1;1;0;0;0;0.0;0.0;0.0;0.0;0.0;0.0;0.0;0.0;0.0;0.0;0.0;0.0;0.0;0.0;0.0;0.0;0.0;0.0;0.0;0.0;1.0
