;Index;name;min_salary;max_salary;company;published_at;description;conditions;requirement;responsibility;key_skills;id;days;group;city_Москва;min_experience_0;min_experience_1;min_experience_3;min_experience_6;schedule_Гибкий график;schedule_Полный день;schedule_Удаленная работа;employment_Полная занятость;employment_Проектная работа;employment_Стажировка;employment_Частичная занятость; CSS; JavaScript; HTML; HTML5;JavaScript; Git; CSS3; Node.js; ООП; React; jQuery; Ajax; Redux; Кроссбраузерная верстка; Frontend;HTML; webpack;Git; Vue; Sass;Другие навыки
0;12;Middle Backend developer (Node.js);7.0;5.0;Содружество;2019-12-12T11:42:33+0300;"Мы занимаемся разработкой программных продуктов для анализа и скоринга контрагентов. Ищем в команду крутого Middle Backend developer (Node.js) Задачи: • проектирование и создание ПО; • разработка и отладка программного кода; • написание, тестирование и поддержка старой и новой функциональности; • анализ и оптимизация имеющегося кода; • работа со средствами автоматизированного тестирования. Требования: • опыт работы в компаниях от 2-х лет на похожей должности; • умение разбираться в чужом коде; • знание JavaScript + Node.JS на высоком уровне (дополнительным плюсом – знание Bull); • опыт работы с api, разными форматами данных(JSON, XML, CSV); • опыт работы с базами данных (MongoDB, Elasticsearch, PostgreSQL); • знание React, Gitlab, Jira • понимание Redis; • отличная самоорганизация и ответственность; Условия: • Заработная плата обсуждается на собеседовании, от 150 тыс. руб. до 200 тыс. рублей в мес. на руки; • Возможность удаленной работы либо в офисе в Москве; • Офис в БЦ «NEO GEO», 10 минут от метро Калужская; • При работе в офисе с 09:00 до 18:00 или с 10:00 до 19:00, 1 час обеденный перерыв; • Полная занятость 5/2, СБ и ВС – выходные; • Трудоустройство по ТК РФ; • Крутой стек; • Вы видите реальный результат своей работы, он сразу выходит на рынок; • Быстрый карьерный рост.";" • Заработная плата обсуждается на собеседовании, от 150 тыс. руб. до 200 тыс. рублей в мес. на руки; • Возможность удаленной работы либо в офисе в Москве; • Офис в БЦ «NEO GEO», 10 минут от метро Калужская; • При работе в офисе с 09:00 до 18:00 или с 10:00 до 19:00, 1 час обеденный перерыв; • Полная занятость 5/2, СБ и ВС – выходные; • Трудоустройство по ТК РФ; • Крутой стек; • Вы видите реальный результат своей работы, он сразу выходит на рынок; • Быстрый карьерный рост.";Опыт работы в компаниях от 2-х лет на похожей должности. Умение разбираться в чужом коде. Знание JavaScript + Node.JS...;Проектирование и создание ПО. Разработка и отладка программного кода. Написание, тестирование и поддержка старой и новой функциональности. Анализ и оптимизация...;" CSS; JavaScript; HTML; HTML5;JavaScript";12;0.0;Frontend;1;0;1;0;0;0;1;0;1;0;0;0;1.0;1.0;1.0;1.0;1.0;0.0;0.0;0.0;0.0;0.0;0.0;0.0;0.0;0.0;0.0;0.0;0.0;0.0;0.0;0.0;0.0
1;13;Frontend-разработчик React (Junior / Middle);3.0;3.0;Zonesmart;2019-12-11T16:32:27+0300;"Zonesmart – официальный сервис-партнер eBay в России, экспортная платформа для прогнозируемого роста бизнеса производственных или трейдерских компаний. Размещение на Amazon, eBay и Etsy, в торгово-розничных сетях, организация логистики, получение сертификатов, маркетинг, валютный контроль — все это в едином окне Zonesmart. На текущий момент мы ищем в команду разработчика на ReactJS (Junior / Middle) для создания личного кабинета пользователя, который позволит взаимодействовать с e-commerce платформами. Что предстоит делать:  Создавать SPA на основе бэкенда, реализованного на Django REST Framework; Участвовать в проектировании и обсуждении архитектурных решений для будущих и существующих проектов; Писать современный JavaScript код;  От нашего кандидата ожидаем:  Опыт разработки приложений с помощью React; Владение нативным JavaScript; Опыт работы с Git;  Будет плюсом, но не обязательно:  Владение кроссбраузерной вёрсткой с использованием HTML5 и CSS3; Опыт написания Unit тестов; Опыт работы с Docker; Знание принципов работы REST-приложения;  Что мы можем предложить:  Гибкий график работы; Комфортный офис; Молодой коллектив; Минимум бюрократии; Огромное множество интересных задач сегодня и в перспективе; Сокращенный испытательный срок; Официальное трудоустройство; Покупка профильной литературы;  Мы будем очень рады, если вы прикрепите ссылку на github или отправите ссылку на gist с примером React приложений.";;Опыт разработки приложений с помощью React. Владение нативным JavaScript. Опыт работы с Git. Владение кроссбраузерной вёрсткой с использованием HTML5...;Создавать SPA на основе бэкенда, реализованного на Django REST Framework. Участвовать в проектировании и обсуждении архитектурных решений для будущих и...;"JavaScript; Git; Docker; HTML; CSS; React; Frontend";13;0.16666666666666666;Frontend;1;0;1;0;0;0;1;0;1;0;0;0;1.0;0.0;1.0;0.0;1.0;1.0;0.0;0.0;0.0;1.0;0.0;0.0;0.0;0.0;1.0;0.0;0.0;0.0;0.0;0.0;1.0
2;38;GUI программист/Frontend-разработчик;4.0;4.0;Gaijin Entertainment;2019-12-12T14:34:43+0300;"Gaijin Entertainment - это более 200 профессионалов игровой индустрии, занимающихся разработкой проектов на различных платформах: PC/PS4/ Xbox One/Nintendo Switch/Mac/Linux/iOS и Android. В портфолио команды более 30 игр, завоевавших множество наград. В своих проектах компания использует самые современные решения и технологии. Мы ищем в нашу команду GUI программист. У нашего кандидата есть: - Опыт работы от 2х лет (желательно в геймдеве);- Знание JavaSript;- Опыт работы с React или Vue или Angular или другими реактивными фреймворками;- Базовые знания об UX и UI дизайне;- Знание MobX;- Желание работать в геймдеве и делать игры. Существенным плюсом будет: - Знание Lua, Typescript или Python;- Представление о функциональном программировании. Наше предложение финалисту: - Задачи — нетривиальные с использованием инновационных, перспективных технологий, что обеспечивает нашим решениям привлекательность и актуальность в быстро изменяющихся условиях IT-рынка;- Команда, которая выпустила launch title под консоль нового поколения — неординарные личности и специалисты своего дела;- Условия — конкурентная заработная плата, гибкий график работы, комфортный офис рядом с метро Свиблово (1 минута от метро — БЦ «Снежная»), возможность подземной парковки;- Питание — готовые бесплатные обеды в офисе; две кухни, где всегда есть чай/кофе, сладости и печеньки;- Здоровье — свежевыжатые соки, фрукты, массажные кресла, душевые в офисе, ДМС.";;Опыт работы от 2х лет (желательно в геймдеве). - Знание JavaSript. - Опыт работы с React или Vue или Angular или...;Представление о функциональном программировании.;"JavaSript; MobX";38;0.0;Frontend;1;0;1;0;0;0;1;0;1;0;0;0;0.0;0.0;0.0;0.0;0.0;0.0;0.0;0.0;0.0;0.0;0.0;0.0;0.0;0.0;0.0;0.0;0.0;0.0;0.0;0.0;1.0
3;39;Frontend-разработчик;6.0;4.0;Альтуэра Лабс;2019-12-11T12:34:44+0300;"Altuera - системный интегратор решений дистанционного обслуживания. Работает на IT-рынке РФ и СНГ с 2012 года. Altuera строит контактные центры нового поколения, внедряет и разрабатывает enterprise-решения для бизнеса. Команда Altuera - это сертифицированные эксперты и профессионалы, увлеченные современными технологиями и реализацией сложных масштабных проектов. Обязанности:  Разработка web интерфейса на различных проектах для бизнес пользователей (например конструктор ботов); Доработка существующих интерфейсов компании; Покрытие тестами; Написание начальной технической документации  Требования:  Уверенное знание JavaScript, CSS,HTML; Знание React/Redux или Vue.js, ES6, babel, npm; Технический английский язык; Высшее образование; Bootstrap версии 3 и выше, TypeScript желательно.  Условия:   Оформление согласно ТК РФ;   Достойный уровень заработной платы (обсуждается по результатам собеседования);   ДМС;   Гибкий график, возможность удаленной работы;   Профессиональное развитие и карьерный рост, гибкость в выборе технологий и выстраивании процессов;   Уютный офис, дружный коллектив,.  ";"   Оформление согласно ТК РФ;   Достойный уровень заработной платы (обсуждается по результатам собеседования);   ДМС;   Гибкий график, возможность удаленной работы;   Профессиональное развитие и карьерный рост, гибкость в выборе технологий и выстраивании процессов;   Уютный офис, дружный коллектив,.  ";Уверенное знание JavaScript, CSS,HTML. Знание React/Redux или Vue.js, ES6, babel, npm. Технический английский язык. Высшее образование. ;Разработка web интерфейса на различных проектах для бизнес пользователей (например конструктор ботов). Доработка существующих интерфейсов компании. Покрытие тестами. ;"JavaScript; Bootstrap; React; Redux; HTML; CSS";39;0.16666666666666666;Frontend;1;1;0;0;0;0;1;0;1;0;0;0;1.0;0.0;1.0;0.0;1.0;0.0;0.0;0.0;0.0;1.0;0.0;0.0;1.0;0.0;0.0;0.0;0.0;0.0;0.0;0.0;1.0
4;63;HTML верстальщик/Front-end разработчик;4.0;4.0;Vide Infra Group, г. Москва;2019-12-11T10:30:26+0300;Требования: Уметь переводить дизайн из макетов Figma в HTML/JS код, следуя БЭМ и используя SCSS, ES6, WebGL, Nunjucks/Twig. Важно: Знание WebGL опционально, если вместо Nunjucks/Twig вы знакомы с каким-то другим шаблонизатором — вы сможете быстро освоиться. Но без минимальной практики с ES6 вы не сможете работать. Обязанности: Используя современные технологии, каждый рабочий день выдавать отличный код, применяя креативный подход к созданию страниц и анимации на них. Условия работы: Постоянная удалённая работа, полная занятость. Необходимо открыть (после завершения тестового периода) или иметь готовое ИП. Немного о нас: Мы разрабатываем передовые сайты, выигрывающие престижные российские и международные награды за веб-дизайн.;;;Уметь переводить дизайн из макетов Figma в HTML/JS код, следуя БЭМ и используя SCSS, ES6, WebGL, Nunjucks/Twig. ;"HTML; scss; es6; JavaScript; Gulp; webpack";63;0.16666666666666666;Frontend;1;0;1;0;0;0;0;1;1;0;0;0;0.0;1.0;0.0;0.0;0.0;0.0;0.0;0.0;0.0;0.0;0.0;0.0;0.0;0.0;0.0;1.0;1.0;0.0;0.0;0.0;1.0
5;82;Frontend-разработчик;2.0;4.0;Волков Сергей Валерьевич;2019-12-10T17:45:45+0300;Требуется frontend-разработчик для работы над новым перспективным проектом с дальнейшей поддержкой. Функционал проекта подразумевает хранение и обработку денежных данных, реализацию личных кабинетов пользователей, создание чатов и др. Условия:  Стильный офис у метро Китай-город Стабильная зарплата дважды в месяц Рабочее место с компьютером Mac Разносторонние задачи в связи с созданием нового продукта Занятость на полный день Премии после успешных завершений этапов реализации проекта  Требования:  React Webpack или другие сборщики Навыки валидной, кроссбраузерной и адаптивной верстки Умение пользоваться системой контроля версий Git Будет плюсом: Typescript, SCSS/SASS/LESS ;  Стильный офис у метро Китай-город Стабильная зарплата дважды в месяц Рабочее место с компьютером Mac Разносторонние задачи в связи с созданием нового продукта Занятость на полный день Премии после успешных завершений этапов реализации проекта  Требования:  React Webpack или другие сборщики Навыки валидной, кроссбраузерной и адаптивной верстки Умение пользоваться системой контроля версий Git Будет плюсом: Typescript, SCSS/SASS/LESS ;React. Webpack или другие сборщики. Навыки валидной, кроссбраузерной и адаптивной верстки. Умение пользоваться системой контроля версий Git.;Требуется frontend-<highlighttext>разработчик</highlighttext> для работы над новым перспективным проектом с дальнейшей поддержкой. Функционал проекта подразумевает хранение и обработку денежных данных...;"Git; React; Webpack; HTML; CSS";82;0.16666666666666666;Frontend;1;1;0;0;0;0;1;0;1;0;0;0;1.0;0.0;1.0;0.0;0.0;0.0;0.0;0.0;0.0;1.0;0.0;0.0;0.0;0.0;0.0;0.0;0.0;1.0;0.0;0.0;1.0
6;8;Front-end программист/Web-программист;4.0;3.0;ПРАЙСИВА;2019-12-09T16:57:38+0300;Мы занимаемся мониторингом цен для интернет-магазинов и брендов. Собираем большие массивы данных с сайтов по всему миру, автоматически сопоставляем между собой собранные данные, осуществляем мониторинг цен на постоянной основе, строим отчеты, показываем развернутую аналитику и помогаем клиентам создавать автоматические системы ценообразования. Онлайн-сервис Priceva работает с 2016 года и ежемесячно обслуживает 200 компаний.Сейчас мы ищем в команду Front-end программиста для работы над нашим продуктом, а именно над клиентским личным кабинетом, который построен по принципу SPA.Если вы не боитесь нестандартных задач, любите узнавать новое, готовы расти профессионально, мы будем рады видеть вас на этой должности. Оставьте отклик на вакансию или свяжитесь с нами напрямую. Обязанности:  Работа над Front-end клиентского личного кабинета Разработка и проектирование нового функционала  Требования: Обязательные:   Отличное знание: JavaScript, ООП, HTML, CSS   Уверенные знания: Angular 2+ или аналогичного фреймворка, Bootstrap, jQuery, кросс-браузерности, адаптивной и отзывчивой верстки, регулярных выражений   Хорошее понимание UX/UI   Опыт работы с форматами данных: JSON, XML, Excel   Глубокое понимание принципов работы WEB, REST API   Способность разбираться в чужом коде, готовность соблюдать принятый стиль программирования, внимание к мелочам, любовь к новым знаниям.   Большим плюсом будет:   Опыт работы с TypeScript, ECMAScript 6   OOCSS, SMACSS, BEM и SASS   Хорошее понимание концепции MVC, знание шаблонов программирования, опыт написания UNIT-тестов   Способность проектировать архитектуру системы на разных уровнях   Опыт участия в разработке сложных, высоконагруженных интернет-проектов   Умение прогнозировать сроки, работать самостоятельно и в команде   Наличие хобби и сильного интереса к жизни.   Условия:   9-часовой рабочий день   5-дневная рабочая неделя   Плавающие начало рабочего дня   Возможности карьерного и профессионального роста   Бизнес центр B+ класса   Столовая с вкусной едой и низкими ценами   Рабочее место с 2 мониторами   Бесплатная парковка   Уютный офис, хороший кофе, печеньки, корпоративные мероприятия, премии, молодой коллектив  ;   9-часовой рабочий день   5-дневная рабочая неделя   Плавающие начало рабочего дня   Возможности карьерного и профессионального роста   Бизнес центр B+ класса   Столовая с вкусной едой и низкими ценами   Рабочее место с 2 мониторами   Бесплатная парковка   Уютный офис, хороший кофе, печеньки, корпоративные мероприятия, премии, молодой коллектив  ;Отличное знание: JavaScript, ООП, HTML, CSS. Уверенные знания: Angular 2+ или аналогичного фреймворка, Bootstrap, jQuery, кросс-браузерности, адаптивной и...;Работа над Front-end клиентского личного кабинета. Разработка и проектирование нового функционала.;"PHP; ООП; SQL; JavaScript; HTML; CSS; регулярные выражения";108;0.3333333333333333;Frontend;1;0;1;0;0;0;1;0;1;0;0;0;1.0;1.0;1.0;0.0;0.0;0.0;0.0;0.0;1.0;0.0;0.0;0.0;0.0;0.0;0.0;0.0;0.0;0.0;0.0;0.0;1.0
7;25;Программист Node.JS;4.0;4.0;Агентство Медицинских Технологий;2019-12-11T15:05:52+0300;"Требуемый опыт работы: 3–6 лет Полная занятость, полный день Обязанности:  Проектирование и разработка API высокотехнологичной медицинской информационной системы; Документирование/тестирование/логирование собственного кода.  Требования:  Техническое образование; Понимание асинхронной модели JavaScript/Node.js; Знание ООП; Знание JavaScript (ES6+); Знание HTTP, REST, опыт проектирование/документирования API; Понимание принципов построения и опыт разработки высоконагруженных масштабируемых систем; Организация безопасность веб-приложений, авторизации, системы распределения прав доступа;   Обязательный опыт работы backend-разработчиком от 3-х лет; Обязательный опыт разработки на Node.js от 2-х лет (приветствуются Express и другие сопутствующие фреймворки); Обязательный опыт работы с Redis, MySQL, WebSocket/Socket.IO;   Умение самостоятельно разбираться с техническими проблемами различной степени сложности; Умения планировать свое рабочее время; Опциональный опыт, WebRTC;  Ответственность и выполнение данных ранее обещаний, подразумевается по умолчанию :) Условия:  Оформление по ТК РФ. График 5\2 (кроме аварийных ситуаций); ЗП белая, строго 2 раза в месяц; Достойное рабочее место (оборудование обсуждается с успешным кандидатом); Офис в центре Москвы (3 минуты ходьбы от метро); Офис в центре Санкт-Петербурга;   Удаленная работа и открытие офисов в других городах возможны по предварительной договоренности.       ";"  Оформление по ТК РФ. График 5\2 (кроме аварийных ситуаций); ЗП белая, строго 2 раза в месяц; Достойное рабочее место (оборудование обсуждается с успешным кандидатом); Офис в центре Москвы (3 минуты ходьбы от метро); Офис в центре Санкт-Петербурга;   Удаленная работа и открытие офисов в других городах возможны по предварительной договоренности.       ";Организация безопасность веб-приложений, авторизации, системы распределения прав доступа. Обязательный опыт работы backend-<highlighttext>разработчиком</highlighttext> от 3-х лет. ;Проектирование и разработка API высокотехнологичной медицинской информационной системы. Документирование/тестирование/логирование собственного кода.;"Redis; JavaScript; Node.js; ООП; CSS; NoSQL; HTML; jQuery; Ajax";125;0.16666666666666666;Frontend;1;0;0;1;0;0;1;0;1;0;0;0;1.0;1.0;1.0;0.0;0.0;0.0;0.0;1.0;1.0;0.0;1.0;1.0;0.0;0.0;0.0;0.0;0.0;0.0;0.0;0.0;1.0
8;30;Front end разработчик (ГИС);4.0;4.0;РеИнформ Инт.;2019-12-12T10:38:20+0300;Обязанности:· Проектирование архитектуры приложений· Разработка и поддержка frontend части для наших сервисов на Angular· Разработка SPA-приложения для работы с геоданными: визуализация, анализ, редактирование· Работа с картографическими API (Mapbox, Cesium) Требования· Высшее техническое образование· Уверенные знания JavaScript, HTML5, CSS(SCSS), ES6 (модули, классы), хорошее знание DOM-модели, API браузера· Понимание принципов работы web - ГИС приложений· Опыт разработки SPA-приложений с использованием какого-либо из фреймворков: Angular, React, Vue.js· Git· Владение английским языком на уровне чтения технической документации Будет плюсом:· Опыт разработки на Angular· Опыт использования картографических библиотек (какой-либо или нескольких из): Mapbox, Cesium, Leaflet, OpenLayers и др. Условия м.Автозаводская (близость метро) Комфортный офис Официальная з/плата (белая) Отличный коллектив (профессиональный и дружелюбный);;Высшее техническое образование. Уверенные знания JavaScript, HTML5, CSS(SCSS), ES6 (модули, классы), хорошее знание DOM-модели, API браузера. ;Проектирование архитектуры приложений. Разработка и поддержка frontend части для наших сервисов на Angular. Разработка SPA-приложения для работы с геоданными...;" CSS; JavaScript; HTML; HTML5;JavaScript";130;0.0;Frontend;1;0;1;0;0;0;1;0;1;0;0;0;1.0;1.0;1.0;1.0;1.0;0.0;0.0;0.0;0.0;0.0;0.0;0.0;0.0;0.0;0.0;0.0;0.0;0.0;0.0;0.0;0.0
9;36;Frontend разработчик (Vue.js);3.0;3.0;BR Lab;2019-12-09T19:40:50+0300;"Мы - молодая IT компания, которая делает успешные проекты в сфере онлайн - медиа. Наши издания о спорте и ставках на спорт лидеры рынка в России и СНГ. За последние 2 года мы выросли в 4 раза. Сейчас холдинг насчитывает более 230 сотрудников, 3 офиса - Москва, Краснодар и Ереван, и еще мы занимаемся международной экспансией в США.   Что мы от тебя ждем:   Опыт работы по фронтенду от 1 года   Отличные знания JavaScript, CSS, HTML, JQuery, JSON   Будет плюсом умение работать с Vue.js, SCSS, Webpack, возможностями ES6   Желательны базовые знания PHP, MySQL   Мы предлагаем:  удаленная работа, или в офисе в Москве, или Краснодаре помощь с релокацией Свобода творческой самореализации инженерных мыслей Интересные, незаурядные, вдохновляющие задачи каждый день; Гибкое начало рабочего дня, которое подходит как для жаворонков, так и для сов; Корпоративное обучение, компенсация курсов, тренингов, семинаров; Корпоративные курсы английского с носителями языка; Чай, кофе, печенье, компенсация обедов; Мощный компьютер или ноутбук по вашему выбору. Выходные с командой вне офиса (мы иногда собираем выезды или просто посиделки) Достойная и всегда своевременная оплата труда; ";"  удаленная работа, или в офисе в Москве, или Краснодаре помощь с релокацией Свобода творческой самореализации инженерных мыслей Интересные, незаурядные, вдохновляющие задачи каждый день; Гибкое начало рабочего дня, которое подходит как для жаворонков, так и для сов; Корпоративное обучение, компенсация курсов, тренингов, семинаров; Корпоративные курсы английского с носителями языка; Чай, кофе, печенье, компенсация обедов; Мощный компьютер или ноутбук по вашему выбору. Выходные с командой вне офиса (мы иногда собираем выезды или просто посиделки) Достойная и всегда своевременная оплата труда; ";Опыт работы по фронтенду от 1 года. Отличные знания JavaScript, CSS, HTML, JQuery, JSON. Будет плюсом умение работать с Vue.js...;;"HTML; HTML5; CSS3; CSS; VueJs; Vue";136;0.3333333333333333;Frontend;1;0;1;0;0;0;0;1;1;0;0;0;1.0;0.0;0.0;1.0;0.0;0.0;1.0;0.0;0.0;0.0;0.0;0.0;0.0;0.0;0.0;1.0;0.0;0.0;1.0;0.0;1.0
10;40;Frontend-разработчик в Tripster (Vue, Webpack, SSR);7.0;4.0;Трипстер;2019-12-11T13:57:04+0300;Ищем сильного frontend-разработчика с опытом работы над массовыми интернет-сервисами Мы – Tripster. Делаем необычные экскурсии с местными жителями в 500+ городах мира.  Мы интернет-сервис, все бронирования экскурсий происходят через наш сайт, путешественники связываются напрямую с гидами Большие: каждый месяц на наши экскурсии ходит больше 30 000 человек Делаем классный продукт, за что нас любят путешественники  Задачи Предстоит заниматься построением фронтенда системы бронирования экскурсий мирового уровня. У нас много разных непростых интерфейсов – фильтры, сложные формы, календари доступности, чаты гида и путешественника, поиск, поисковые выдачи etc. Требования  Отличный JavaScript, от двух лет разработки на Vue, React или Angular (у нас Vue)  Webpack, SSR   HTML/CSS, верстка   Git   Плюсом будут знание Pug, Sass, Backbone   Что предлагаем  Работу в небольшой, но быстрой и сильной команде Сложные и интересные задачи Фул-тайм в нашем московском офисе в 10 минутах от ст.м. Добрынинская/Павелецкая Занятость 5/2, адекватную вам и рынку зарплату   ;;Ищем сильного frontend-<highlighttext>разработчика</highlighttext> с опытом работы над массовыми интернет-сервисами. Отличный JavaScript, от двух лет разработки на Vue, React...;Предстоит заниматься построением фронтенда системы бронирования экскурсий мирового уровня. У нас много разных непростых интерфейсов – фильтры, сложные формы, календари доступности...;"JavaScript; Git; vue.js; webpack; HTML; CSS; Sass; Pug; SSR; Node.js";140;0.16666666666666666;Frontend;1;0;0;1;0;0;1;0;1;0;0;0;1.0;0.0;1.0;0.0;1.0;1.0;0.0;1.0;0.0;0.0;0.0;0.0;0.0;0.0;0.0;0.0;1.0;0.0;0.0;1.0;1.0
11;42;Front-end разработчик;8.0;4.0;ВебМани.Ру;2019-12-10T15:52:13+0300;Обязанности: 1. Разработка клиентской части web-приложений 2. Поддержка и частичный рефакторинг существующего кода   Требования и пожелания: 1. JavaScript, js-фреймворки 2. HTML5, CSS3, опыт кроссбраузерной верстки 3. Знание систем управления версиями файлов (GIT) 5. Готовность разбираться в чужом коде   Ключевые навыки: - Обязательные: Angular, Vanilla JS, HTML5, CSS3, SPA, AJAX, кроссбраузерная верстка, адаптивная верстка - Желательные: GIT, Gulp, npm / Yarn, Bower, SignalR, REST     Личные качества: 1.Ответственность, самостоятельность, увлечённость профессией 2. Умение строить правильную программную архитектуру 3. Открытость к новым технологиям 4. Исполнительность 5. Стремление к повышению профессионального уровня / самосовершенствованию / профессиональному росту / развитию   Условия: 1. Полный рабочий день c гибким подходом 2. Офис расположен рядом с м. Шаболовская 3. Оформление согласно ТК РФ 4. Стартовая зарплата в зависимости от опыта 5. Работа в команде 6. Испытательный срок 1 месяца  ; 1. Полный рабочий день c гибким подходом 2. Офис расположен рядом с м. Шаболовская 3. Оформление согласно ТК РФ 4. Стартовая зарплата в зависимости от опыта 5. Работа в команде 6. Испытательный срок 1 месяца  ;2. HTML5, CSS3, опыт кроссбраузерной верстки. 3. Знание систем управления версиями файлов (GIT). 5. Готовность разбираться в чужом...;1. Разработка клиентской части web-приложений. 2. Поддержка и частичный рефакторинг существующего кода. 1. JavaScript, js-фреймворки.;"Angular; VanillaJS; HTML5; CSS3; SPA; Ajax; Кроссбраузерная верстка; Адаптивная верстка; JavaScript";142;0.3333333333333333;Frontend;1;0;1;0;0;0;1;0;1;0;0;0;0.0;1.0;0.0;1.0;0.0;0.0;1.0;0.0;0.0;0.0;0.0;1.0;0.0;1.0;0.0;0.0;0.0;0.0;0.0;0.0;1.0
12;50;Front-end разработчик JavaScript;5.0;4.0;Два Облака;2019-12-10T13:47:45+0300;"Требуется JavaScript-разработчик сервиса проектирования и расчета инженерных систем HVACR (Heating, Ventilation, Air conditioning, Refrigeration). Сервисом ежедневно пользуются более тысячи сотрудников заводов-производителей оборудования, более 10000 сотрудников проектных и монтажных организаций. Обязанности:  Разработка Front-end части крупного web-приложения для проектирования инженерных систем зданий в браузере, см видео на hvacr.cloud; Написание модулей с новым функционалом и встраивание их в текущие проекты; Поддержка и рефакторинг существующего кода (своего и чужого); Написание валидного читабельного кода; Документирование кода  Требования:  Уверенные знания JavaScript, ООП, наследование, замыкания, контекст, клиентская шаблонизация; Уверенные знания HTML5, CSS3, JQuery; Понимание архитектуры REST, знание HTTP протокола; Понимание и опыт работы с адаптивным дизайном; Понимание особенностей асинхронного программирования, замыкания; Опыт командной разработки Git; Знание базовой математики: векторы, графы, матрицы, интерполяция и прочее; Знание алгоритмов: бинарный поиск, рекурсия, сортировки, О-нотация и прочее; Знание базовых типов и структур данных: строка, целое число, вещественное число, списки, массивы, словари и прочее  Условия:  Достойная заработная плата по итогам собеседования; Дружелюбный коллектив; Офис в трех минутах от метро Свиблово; Просторное рабочее место ";"  Достойная заработная плата по итогам собеседования; Дружелюбный коллектив; Офис в трех минутах от метро Свиблово; Просторное рабочее место ";Уверенные знания JavaScript, ООП, наследование, замыкания, контекст, клиентская шаблонизация. Уверенные знания HTML5, CSS3, JQuery. Понимание архитектуры REST, знание...;Разработка Front-end части крупного web-приложения для проектирования инженерных систем зданий в браузере, см видео на hvacr.cloud. ;"jQuery; JavaScript; Git; ООП; HTML5; MySQL; Разработка ПО; SaaS; CSS3";150;0.3333333333333333;Frontend;1;0;0;1;0;0;1;0;1;0;0;0;0.0;1.0;0.0;1.0;0.0;1.0;1.0;0.0;1.0;0.0;0.0;0.0;0.0;0.0;0.0;0.0;0.0;0.0;0.0;0.0;1.0
13;59;Фронтенд-разработчик HTML + Vue;0.0;4.0;ПИК-БРОКЕР;2019-12-11T15:38:42+0300;"Требуется опытный разработчик для создания большой информационной системы компании (в том числе BPM и CRM систем)Обязанности:  Участие в командной разработке; Участие в проектировании архитектуры приложения (фронтальная часть); Верстка под десктопные и мобильные устройства; Написание JS-кода как отдельного front-end проекта так и добавления динамики в существующие простые сайты: Внедрение результата своей работы (верстки + js) в код проекта; Интеграция со сторонними сервисами и плагинами; Тестирование кода и проверка его на соответствие требованиям; Самостоятельная нарезка дизайна; Работа с системой контроля версий (git);  Требования:  Опыт работы от 5 лет; Опыт проектирования архитектуры приложения; Уверенные знания HTML5 и CSS3; Понимание ES5, ES6 и jQuery Уверенные знания VueJS; Глубокое понимание возможностей современных браузеров; Умение внедрять результат своей работы (верстку + js) в код проекта; Организованность и соблюдение договоренностей; Умение нести ответственность за свои решения и действия; Знание английского языка на уровне чтения технической документации;  Дополнительные пожелания к кандидату:  Знакомство с Symfony4 и YII2 Умение правильно и полно взаимодействовать с PHP Опыт работы с VuetifyJS;  Условия:  Удаленная работа с возможностью выбрать график; Привязка к московскому часовому поясу; Достойная оплата с возможностью роста; ";"  Удаленная работа с возможностью выбрать график; Привязка к московскому часовому поясу; Достойная оплата с возможностью роста; ";Опыт работы от 5 лет. Опыт проектирования архитектуры приложения. Уверенные знания HTML5 и CSS3. Понимание ES5, ES...;Участие в командной разработке. Участие в проектировании архитектуры приложения (фронтальная часть). Верстка под десктопные и мобильные устройства. Написание JS-кода...;"CSS3; HTML5; VueJS; VuetifyJS";159;0.16666666666666666;Frontend;1;0;0;1;0;0;0;1;1;0;0;0;0.0;0.0;0.0;1.0;0.0;0.0;0.0;0.0;0.0;0.0;0.0;0.0;0.0;0.0;0.0;0.0;0.0;0.0;0.0;0.0;1.0
14;70;Frontend-разработчик (html и javascript);3.0;2.0;Avenue-pro;2019-12-12T12:02:03+0300;"Обязанности:  Разработка проектов (front-end части) с нуля; доработка существующих проектов; кроссбраузерная и адаптивная верстка HTML5/CSS3.  Требования:  Опыт работы по специальности от 2-х лет VUE.js, React - желательно (или другая аналогичная библиотека) JS, HTML5, CSS3 - обязательно  Условия:  график с 13:00 до 21:00 (пятидневка) офис м. Семеновская оклад по итогам собеседования (60 000 - 100 000 на руки)   ";  график с 13:00 до 21:00 (пятидневка) офис м. Семеновская оклад по итогам собеседования (60 000 - 100 000 на руки)   ;Опыт работы по специальности от 2-х лет. VUE.js, React - желательно (или другая аналогичная библиотека). JS, HTML5, CSS3...;Разработка проектов (front-end части) с нуля. Доработка существующих проектов. Кроссбраузерная и адаптивная верстка HTML5/CSS3.;"CSS3; HTML5; jQuery; Кроссбраузерная верстка";170;0.0;Frontend;1;0;1;0;0;0;1;0;1;0;0;0;0.0;0.0;0.0;1.0;0.0;0.0;0.0;0.0;0.0;0.0;1.0;0.0;0.0;1.0;0.0;0.0;0.0;0.0;0.0;0.0;1.0
15;72;Начинающий Web – разработчик (Node.JS, JS);1.0;1.0;Студия Ремонтов;2019-12-11T00:56:07+0300;"Сейчас нам в команду требуется начинающий разработчик с хорошими теоретическими знаниями и небольшим опытом разработки, имеющий желание развиваться в области WEB разработки. Проверять знания мы будем как на собеседовании, так и при помощи тестового задания. Обязанности:  Участие в разработке модулей информационной системы, начиная с проектирования логики, заканчивая кодингом и развертыванием; Поддержка и рефакторинг текущего кода;  Обязательны:  Хорошее владение JS (jQuery); Хорошее знание HTML и CSS;  Опыт работы с Node JS Опыт работы с Базами данных, желательно NoSQL Желание расти и развиваться.  Желательны:  Опыт адаптивной верстки; Знания современных технологий разработки; Опыт клиентской, серверной разработки для WEB; Умение работать с Git. Умение работать с AWS. Умение работать с Heroku  Помимо опыта нам важны:  Ответственность; Самостоятельность; Организованность.  Условия:  Полный рабочий день СТРОГО В ОФИСЕ; График работы: 5/2 с 10 до 18; Современный офис в Москва-сити; Бесплатный классный кофе, чай, сладости. ";"  Полный рабочий день СТРОГО В ОФИСЕ; График работы: 5/2 с 10 до 18; Современный офис в Москва-сити; Бесплатный классный кофе, чай, сладости. ";Хорошее владение JS (jQuery). Хорошее знание HTML и CSS. Опыт работы с Node JS. Опыт работы с Базами данных, желательно...;Участие в разработке модулей информационной системы, начиная с проектирования логики, заканчивая кодингом и развертыванием. Поддержка и рефакторинг текущего кода.;"jQuery; MongoDB; CSS; HTML; JavaScript; Node.js; Ajax";172;0.16666666666666666;Frontend;1;1;0;0;0;0;1;0;1;0;0;0;1.0;1.0;1.0;0.0;0.0;0.0;0.0;1.0;0.0;0.0;0.0;1.0;0.0;0.0;0.0;0.0;0.0;0.0;0.0;0.0;1.0
16;75;Junior Front-End разработчик;2.0;4.0;amoCRM;2019-12-10T13:02:31+0300;О компании: amoCRM - это SaaS-продукт, который позволяет автоматизировать работу отделов продаж для малого и среднего бизнеса. Мы разрабатываем и продаем передовые продукты для учета клиентов и потенциальных продаж (CRM), помогаем нашим клиентам вести их бизнес. Сервисом пользуется более 10 тыс. компаний в различных странах мира: Россия, СНГ, США, Европа, Австралия, Канада и пр. В числе наших клиентов такие бренды как: Mail.Ru Group, Яндекс, Re:Store, Деловой мир, Аргументы и Факты, Radio Records, Love Radio, БКС и другие. Кого мы ищем:  Начинающего frontend-разработчика (JavaScript + CSS + HTML) на разработку новых частей системы. Человека, которому нравится работать над интересными задачами и искать новые решения.  Для чего ищем:   Работа над нашим основным продуктом, CRM-системой с большим количеством интерфейсов: списки, воронки, карточки с динамическим таймлайном событий, почта, аналитика (работа с графикой) и прочие.   Комплексное решение задач на фронте от верстки отдельных UI-компонентов, до проработки взаимодействия с API микро-сервисов.   Участие как в разработке новых частей системы, так и поддержке уже существующих.   Требования:  Базовые знания JavaScript. Pixel-perfect и адаптивная верстка. Умение работать в команде. Желание учиться и расти вместе с командой.  От нас:  Работа на интересном международном проекте (офисы - в России и в США) в технически сильной команде. Офис в центре Москвы ст. м. Таганская, 5 минут от метро. Быстрый профессиональный рост при вашем желании работать. Внутренние собрания разработчиков, с обсуждением решений задач для обмена опытом и технического развития каждого участника команды. Нет бюрократии, дресс-кода. Печеньки, чай, кофе. Оформление по ТК с заведением трудовой книжки - оплачиваются отпуска и больничные, полностью белая зарплата (точные цифры обсуждаются с успешными кандидатами). ;;Базовые знания JavaScript. Pixel-perfect и адаптивная верстка. Умение работать в команде. Желание учиться и расти вместе с командой.;Начинающего frontend-<highlighttext>разработчика</highlighttext> (JavaScript + CSS + HTML) на разработку новых частей системы. Человека, которому нравится работать над интересными задачами...;"JavaScript; CSS; HTML5; Кроссбраузерная верстка";175;0.3333333333333333;Frontend;1;1;0;0;0;1;0;0;1;0;0;0;1.0;0.0;0.0;1.0;1.0;0.0;0.0;0.0;0.0;0.0;0.0;0.0;0.0;1.0;0.0;0.0;0.0;0.0;0.0;0.0;0.0
17;85;Frontend разработчик Python;3.0;3.0;АО НППКТ;2019-12-12T11:35:14+0300;"Обязанности:  Проектирование и разработка frontend части приложений Поддержка и оптимизация существующих проектов Адаптивная кросс-браузерная верстка    Требования:  Техническое образование Знание протокола HTTP Навыки работы с виртуальными машинами на платформах VirtualBox или подобных Уверенное знание HTML5, CSS3, js Опыт работы с Babel, webpack, sass Уверенное владение одного из фреймворков (ReactJS, Angular, ...) Умение разбираться в чужом коде Продвинутый пользователь Linux Технический английский — свободное чтение документации  Приветствуется:Опыт разработки высоконагруженных проектов;  Знакомство с целевыми ОС: Debian, семейство RedHat, Windows    Условия:  Оформление в соответствии с ТК РФ График работы 5/2, с 9.00 до 18.00 часов ДМС после испытательного срока Уровень заработной платы обсуждается с успешным кандидатом.   ";  Оформление в соответствии с ТК РФ График работы 5/2, с 9.00 до 18.00 часов ДМС после испытательного срока Уровень заработной платы обсуждается с успешным кандидатом.   ;Техническое образование. Знание протокола HTTP. Навыки работы с виртуальными машинами на платформах VirtualBox или подобных. Уверенное знание HTML5, CSS...;Проектирование и разработка frontend части приложений. Поддержка и оптимизация существующих проектов. Адаптивная кросс-браузерная верстка.;" CSS; JavaScript; HTML; HTML5;JavaScript";185;0.0;Frontend;1;0;1;0;0;0;1;0;1;0;0;0;1.0;1.0;1.0;1.0;1.0;0.0;0.0;0.0;0.0;0.0;0.0;0.0;0.0;0.0;0.0;0.0;0.0;0.0;0.0;0.0;0.0
18;94;Frontend разработчик;7.0;4.0;Фонд стратегического развития энергетики Форсайт;2019-12-11T16:12:48+0300;"Обязанности:  Проектирование архитектуры и разработка сложного фронтенда платформы IoT (Internet of Things), объединяющая системы мониторинга, анализа больших данных и интеллектуального управления энергетикой и энергетическими активами промышленных предприятий и объектов недвижимости. Платформа адаптирована под использование как аналитиками, требующими различную визуализацию больших массивов данных, так и руководителями направлений подключенных к ней предприятий и объектов, что с другой стороны налагает требования к простому и понятному отображению ключевой информации  Требования: Отличный JavaScript, от двух лет разработки на Vue, React или Angular (у нас Vue (VueJS 2 с Vuex, vue-router; Vuetify, Quasar)) • HTML/CSS, верстка • Понимание RESTFul, JSON, Websocket • опыт работы с Webpack, npm • Разработка с учетом требований собственной Дизайн-системы (ее адаптация и доработка при необходимости) • Разработка проектов (frontend-части) с нуля • Понимание принципов работы современных front-end и back-end фреймворков • Опыт командной разработки • Опыт разработки SPA приложений • Работа с Git • Желательно наличие примеров собственных работ";;Отличный JavaScript, от двух лет разработки на Vue, React или Angular (у нас Vue (VueJS 2 с Vuex, vue-router...;Проектирование архитектуры и разработка сложного фронтенда платформы IoT (Internet of Things), объединяющая системы мониторинга, анализа больших данных и интеллектуального управления...;"AngularJS; Git; JavaScript; CSS; HTML";194;0.16666666666666666;Frontend;1;0;0;1;0;1;0;0;1;0;0;0;1.0;1.0;1.0;0.0;0.0;1.0;0.0;0.0;0.0;0.0;0.0;0.0;0.0;0.0;0.0;0.0;0.0;0.0;0.0;0.0;1.0
19;6;Frontend-разработчик (Vue);4.0;4.0;Qavala;2019-12-10T17:24:53+0300;Qavala - платежный сервис, поддерживающий операции с долларами, евро, фунтами с возможностью выпуска пластиковой карты. Мы опытная команда выпускников из МГУ, МФТИ и МГТУ запустили сервис объединяющий на одной платформе валюты, акции, залоговое кредитование и собственную торговую площадку для трейдинга. У нас большое количество идей, как сделать наш сервис еще удобнее и помочь пользователям покупать и использовать финансовые инструменты еще удобнее и быстрее. В нашей команде ты можешь высказать свою идею по улучшению продукта и реализовать ее.   Каждый день нужно: • Активно участвовать в процессе разработки, начиная с проектирования и заканчивая запуском и поддержкой. • Исследовать и улучшать производительность приложений. Наш кандидат:  Опыт разработки Vue от 1 года. Умеет качественно и эффективно программировать, используя существующие наработки и с прицелом на результат Имеет навыки сложной кроссбраузерной верстки с использованием HTML/CSS, JavaScript. Знает системы сборки web pack, системы контроля версий (Git) Умеет быстро и качественно делать удобный интерфейс Будет плюсом знание node.js Имеет законченные проекты.  Мы предлагаем:  Интересные и непростые задачи Зарплату от 80 000 руб , все зависит от Ваших умений Комфорт: Рабочее место в современном офисе около м. Павелецкая.   ;  Интересные и непростые задачи Зарплату от 80 000 руб , все зависит от Ваших умений Комфорт: Рабочее место в современном офисе около м. Павелецкая.   ;Опыт разработки Vue от 1 года. Умеет качественно и эффективно программировать, используя существующие наработки и с прицелом на результат. ;Qavala - платежный сервис, поддерживающий операции с долларами, евро, фунтами с возможностью выпуска пластиковой карты. Активно участвовать в процессе разработки, начиная...;"Git; Vue; JavaScript; ES6; HTML5; CSS3; Node.js";206;0.16666666666666666;Frontend;1;0;1;0;0;1;0;0;1;0;0;0;0.0;1.0;0.0;1.0;0.0;0.0;1.0;1.0;0.0;0.0;0.0;0.0;0.0;0.0;0.0;0.0;0.0;1.0;1.0;0.0;1.0
20;11;Программист (Front-end);4.0;4.0;Pac Group;2019-12-10T09:05:13+0300;"  В лидирующем туроператоре PAC GROUP, открыта вакансия Программист – (Front-end). PAC GROUP- туроператор по Европе, существует и успешно развивается на российском рынке туризма уже 29 лет. На данный момент численность компании составляет больше 500 человек, мы ведем работу в Москве, в 23 регионах по России, а так же в зарубежных представительствах. Условия:    Офис расположен в самом центре Москвы, в 1 минуте ходьбы от ст.м. Китай город; В офисе есть кухня, и зона отдыха; Кандидата ищем в связи с большим количеством задач. Есть сильный Тeam Lead, который введет в курс дела, и не оставит в сложных рабочих ситуациях; В команде 7 разработчиков, существует четкое распределение задач; Оплата: Оклад – 180 тысяч рублей на руки, плюс KPI – 20% от оклада ежемесячно; Оформление в соответствии с Трудовым законодательством с первого рабочего дня; Оплата больничных и отпусков (28 календарных дней); Испытательный срок 3 месяца, но по результату вашей успешной работы, может сократиться до месяца; Хорошие условия по ДМС; График работы: 5/2 - время начала и окончания рабочего дня обсуждается; возможен удаленный формат работы, с возможностью периодически присутствовать в офисе после полугода работы в компании.    Должностные обязанности:    Разработка и адаптивная верстка пользовательских интерфейсов вебсайтов; Программирование на JavaScript / TypeScript (ES2015+); Тестирование и оптимизация интерфейсов.    Требования:    Опыт работы от 3 х лет в сфере web-технологии; Отличные знания JavaScript (TypeScript), JQuery, Ajax, JSON, CSS (LESS), HTML Кроссбраузерная, валидная верстка (IE 11+); Знание и опыт работы с фреймворком Vue; Знание и опыт работы с Webpack, Gulp; Владение графическими редакторами (Photoshop, Illustrator и т.д.); Владение английским языком на уровне переписки.    Ждем вас в нашу команду!  ";"    Офис расположен в самом центре Москвы, в 1 минуте ходьбы от ст.м. Китай город; В офисе есть кухня, и зона отдыха; Кандидата ищем в связи с большим количеством задач. Есть сильный Тeam Lead, который введет в курс дела, и не оставит в сложных рабочих ситуациях; В команде 7 разработчиков, существует четкое распределение задач; Оплата: Оклад – 180 тысяч рублей на руки, плюс KPI – 20% от оклада ежемесячно; Оформление в соответствии с Трудовым законодательством с первого рабочего дня; Оплата больничных и отпусков (28 календарных дней); Испытательный срок 3 месяца, но по результату вашей успешной работы, может сократиться до месяца; Хорошие условия по ДМС; График работы: 5/2 - время начала и окончания рабочего дня обсуждается; возможен удаленный формат работы, с возможностью периодически присутствовать в офисе после полугода работы в компании.    Должностные обязанности:    Разработка и адаптивная верстка пользовательских интерфейсов вебсайтов; Программирование на JavaScript / TypeScript (ES2015+); Тестирование и оптимизация интерфейсов.    Требования:    Опыт работы от 3 х лет в сфере web-технологии; Отличные знания JavaScript (TypeScript), JQuery, Ajax, JSON, CSS (LESS), HTML Кроссбраузерная, валидная верстка (IE 11+); Знание и опыт работы с фреймворком Vue; Знание и опыт работы с Webpack, Gulp; Владение графическими редакторами (Photoshop, Illustrator и т.д.); Владение английским языком на уровне переписки.    Ждем вас в нашу команду!  ";Опыт работы от 3 х лет в сфере web-технологии. Отличные знания JavaScript (TypeScript), JQuery, Ajax, JSON, CSS (LESS), HTML. ;Разработка и адаптивная верстка пользовательских интерфейсов вебсайтов. Программирование на JavaScript / TypeScript (ES2015+). Тестирование и оптимизация интерфейсов.;"JavaScript; jQuery; Less; CSS; HTML";211;0.3333333333333333;Frontend;1;0;0;1;0;0;1;0;1;0;0;0;1.0;0.0;1.0;0.0;1.0;0.0;0.0;0.0;0.0;0.0;1.0;0.0;0.0;0.0;0.0;0.0;0.0;0.0;0.0;0.0;1.0
21;19;Junior Fronted Developer;2.0;2.0;Изибук;2019-12-09T17:23:32+0300;"Обязанности: - Написания отдельных функций; - Верстка Требования: - Желательно знания CSS, React или Vue, NodeJS  Адекватно относиться к критике. Желание учиться; Умение работать с документацией.  Условия:  Работа в офисе; ст. метро Парк Культуры (3 минуты пешком); График работы: 5/2 Пн-пт с 9:00 до 19:00 (обсуждается); Своевременная выплата заработной платы; Работа в соответствии с ТК; Перспективы профессионального роста. ";"  Работа в офисе; ст. метро Парк Культуры (3 минуты пешком); График работы: 5/2 Пн-пт с 9:00 до 19:00 (обсуждается); Своевременная выплата заработной платы; Работа в соответствии с ТК; Перспективы профессионального роста. ";Желательно знания CSS, React или Vue, NodeJS. Адекватно относиться к критике. Желание учиться. Умение работать с документацией.;Написания отдельных функций. - Верстка.;"CSS; Грамотность; Корпоративная этика; JavaScript";219;0.3333333333333333;Frontend;1;1;0;0;0;0;1;0;1;0;0;0;0.0;1.0;0.0;0.0;0.0;0.0;0.0;0.0;0.0;0.0;0.0;0.0;0.0;0.0;0.0;0.0;0.0;0.0;0.0;0.0;1.0
22;29;Frontend-разработчик;3.0;8.0;24Н Софт;2019-12-08T18:49:14+0300;"Мы специализируемся на разработке программного обеспечения больших, высоко-нагруженных и производительных систем, созданием сервисов и клиентских приложений. Обязанности:Разработка и поддержка сайтов, веб-приложений.Требования:* опыт работы не менее 1 года;* любовь к решению сложных задач;* желание работать в коллективе единомышленников;* решение тестового задания (для junior и middle);* опыт коммерческой разработки;* прохождение личного собеседования; только граждане РФ.Используем в работе:* JavaScript;* TypeScript;* ReactJS;* AJAX;* HTML5;* CSS3;* SASS;* GIT;* WebStorm.Условия:* оформление по ТК;* комфортный офис;* персональный гибкий график;* бизнес-ланч в ресторане БЦ;* еженедельное посещение спортзала. Любые виды удалённой работы не рассматриваем.            ";"* оформление по ТК;* комфортный офис;* персональный гибкий график;* бизнес-ланч в ресторане БЦ;* еженедельное посещение спортзала. Любые виды удалённой работы не рассматриваем.            ";опыт работы не менее 1 года. * любовь к решению сложных задач. * желание работать в коллективе единомышленников. * решение тестового задания (для...;Разработка и поддержка сайтов, веб-приложений. Используем в работе:;" CSS; JavaScript; HTML; HTML5;JavaScript";229;0.5;Frontend;1;0;1;0;0;0;1;0;1;0;0;0;1.0;1.0;1.0;1.0;1.0;0.0;0.0;0.0;0.0;0.0;0.0;0.0;0.0;0.0;0.0;0.0;0.0;0.0;0.0;0.0;0.0
23;31;Программист на React / Javascript (Frontend developer / Фронтенд разработчик);6.0;4.0;Адвего;2019-12-10T08:54:08+0300;"Привет. Меня зовут Сергей, компания Адвего. Мы - лидирующая система в рунете по покупке/продаже контента. Мы расширяемся, у нас новые планы, мы не успеваем делать функционал, поэтому ищем в команду опытного профессионального разработчика на ReactJS, отлично знающего javascript, html и css, понимающий все аспекты удобного и качественного интерфейса. У нас современный стэк, интересная работа и интересный проект. Если вы неопытный, но гениальный разработчик - тоже пишите. Предстоит интересная работа в команде разработчиков, работа над большим проектом - разработка клиентской части сайта.   Требования:  отличное знание React, Redux; отличное знание JavaScript; отличное знание HTML5/CSS3; знание ES 6, 7, 8, 9; умение работать со сборщиками (Webpack); понимание функционального программирования; уверенное понимание принципов ООП; умение работы в команде разработчиков (git, redmine и т.п.; работа с ветками, решение конфликтов); высшее техническое образование.  Обязанности: Основная задача - разработка клиентской части системы на React + JSON:API на основе готового UI/UX.  разработка новых компонентов; верстка для desktop и мобильных браузеров; участие в разработке и внедрении новых сервисов и технологий; взаимодействие с командой backend-разработчиков; дополнение и разработка общего style guide компании; оптимизация работы текущего UI.    От нас:  работа на полный рабочий день в офисе в Москве, в одной минуте ходьбы от метро/МЦК Окружная, и в 7 минутах от метро Владыкино / Петровско-Разумовская; заработная плата - от 130 тысяч рублей, определяется по результатам собеседования на основе знаний, умений и опыта.    Дополнительно:  сильная профессиональная команда разработчиков; ваше участие в принятии технологических решений по дальнейшему развитию проекта; профессиональный рост; необходимое для работы оборудование (linux/mac os/windows); бесплатные обеды; удобный график работы - c 8, 9 или 10 утра.  Обязательно указывайте в сопроводительном письме ссылки на проекты и исходные коды, где можно в достаточной мере оценить ваш код. Ждем ваше резюме.----------------------  Мы ищем работника на полный рабочий день в офисе в Москве. Удаленную работу не рассматриваем ни в каком виде. Спасибо. ";;"Понимание функционального программирования. Уверенное понимание принципов ООП. Умение работы в команде <highlighttext>разработчиков</highlighttext> (git, redmine и т.п.; работа с ветками...";Участие в разработке и внедрении новых сервисов и технологий. Взаимодействие с командой backend-<highlighttext>разработчиков</highlighttext>. Дополнение и разработка общего style guide...;"CSS; CSS3; HTML5; JavaScript; ООП; ReactJS; Sass; Redux; HTML; React; фронтенд; Frontend";231;0.3333333333333333;Frontend;1;0;0;1;0;0;1;0;1;0;0;0;0.0;1.0;1.0;1.0;0.0;0.0;1.0;0.0;1.0;1.0;0.0;0.0;1.0;0.0;1.0;0.0;0.0;0.0;0.0;1.0;1.0
24;36;Web-разработчик / Front, JS;2.0;2.0;Флекскор;2019-12-11T18:15:16+0300;Удаленная работа не рассматривается!!! Требуется сотрудник в офис. Обязанности:  Интеграции готовых шаблонов / дизайн-макетов с функционалом CMS Поддержка и доработка текущих проектов Верстка сервисов, порталов и мобильных приложений (Ionic View 3)  Требования:  Отличные Знания Html5 + Сss3 Javascript (хорошие знания, jQuery, AJAX) Знания Adobe Illustrator, Photoshop (на уровне нарезать) Знания PHP5-7, MySQL, Front-End Frameworks как преимущество Желание развиваться в сфере IT  Условия:  Система контроля версий (Git Lab), Динамично развивающаяся компания, Инновационные, прогрессивные проекты, Дружный коллектив, Чай, кофе, печеньки и музыка, Понедельник-пятница с 10-00 до 19-00 ;  Система контроля версий (Git Lab), Динамично развивающаяся компания, Инновационные, прогрессивные проекты, Дружный коллектив, Чай, кофе, печеньки и музыка, Понедельник-пятница с 10-00 до 19-00 ;Отличные Знания Html5 + Сss3. Javascript (хорошие знания, jQuery, AJAX). Знания Adobe Illustrator, Photoshop (на уровне нарезать). ;Интеграции готовых шаблонов / дизайн-макетов с функционалом CMS. Поддержка и доработка текущих проектов. Верстка сервисов, порталов и мобильных приложений (Ionic...;"HTML5; CSS3; PHP5; jQuery; MySQL; Ajax; Git; Vue.js; Ionic View";236;0.0;Frontend;1;0;1;0;0;0;1;0;1;0;0;0;0.0;0.0;0.0;0.0;0.0;1.0;1.0;0.0;0.0;0.0;1.0;1.0;0.0;0.0;0.0;0.0;0.0;0.0;0.0;0.0;1.0
25;38;Frontend-разработчик;5.0;3.0;ЧУ ДО Школа программистов;2019-12-10T11:53:29+0300;"Чу До Школа программистов приглашает на работу Frontend-разработчика в наш офис в Мытищах. С 2001 года мы обучаем детей программированию и информационным технологиям, воспитываем победителей олимпиад всероссийского и международного уровня. Наши выпускники поступают в лучшие технические Вузы России и работают в ведущих IT компаниях мира Обязанности:  Написание фронтенд для образовательных проектов на vue.js; Примеры задач: crm, система тестирований, система автоматической проверки задач (аналогичная yandex.contest или ejudge), учебный журнал, отчёты; Реализация прикладной логики: верстать, писать компоненты; Участие в разработке архитектуры фронтенда; Написание unit/интеграционных тестов; Написание качественного, чистого, расширяемого объектно ориентированного код на js.  Требования:  Высшее (желательно) техническое образование; Знание JavaScript (ES6), vue.js или аналогичное типа react, angular и иметь желание писать на vue; Верстка на html/css; Умение верстать на bootstrap, material или каком-нибудь другом фреймворке; Умение разбираться в существующем коде, библиотеках, протоколах (например websocket); Знание паттерн проектирования; Умение работать с системами контроля версий (git или mercurial).  Условия:  Оформление по ТК РФ; График работы 5/2 с 9:00/10:00/11:00 до 18:00/19:00/20:00 (выходные: суббота, воскресенье); Место работы: офис в г. Мытищи (удобная маршрутка от ст.м. Медведково); Крутая и сплоченная команда разработчиков, адекватный руководитель; После прохождения испытательного срока: ДМС (включены хорошие платные поликлиники Москвы и МО), а также возможность проходить бесплатное обучение в «Школе программистов ОНЛАЙН» для себя и в любом из 9 очных отделений Школы программистов для Ваших детей. ";"  Оформление по ТК РФ; График работы 5/2 с 9:00/10:00/11:00 до 18:00/19:00/20:00 (выходные: суббота, воскресенье); Место работы: офис в г. Мытищи (удобная маршрутка от ст.м. Медведково); Крутая и сплоченная команда разработчиков, адекватный руководитель; После прохождения испытательного срока: ДМС (включены хорошие платные поликлиники Москвы и МО), а также возможность проходить бесплатное обучение в «Школе программистов ОНЛАЙН» для себя и в любом из 9 очных отделений Школы программистов для Ваших детей. ";Высшее (желательно) техническое образование. Знание JavaScript (ES6), vue.js или аналогичное типа react, angular и иметь желание писать на vue. ;Написание фронтенд для образовательных проектов на vue.js. Примеры задач: crm, система тестирований, система автоматической проверки задач (аналогичная yandex.contest или ejudge...;"CRM; Тестирование; Python; Django Framework; JavaScript; HTML; CSS; Верстка";238;0.3333333333333333;Frontend;1;0;1;0;0;0;1;0;1;0;0;0;1.0;1.0;1.0;0.0;0.0;0.0;0.0;0.0;0.0;0.0;0.0;0.0;0.0;0.0;0.0;0.0;0.0;0.0;0.0;0.0;1.0
26;39;Front-end разработчик;4.0;5.0;Finch;2019-12-11T19:41:50+0300;О компании: Finch — аутсорс-продакшн. Мы запускаем и развиваем высоконагруженные мобильные и веб-приложения для брендов с большой аудиторией. Среди наших клиентов: ТНТ, ФК Спартак, ТВ-3, Столото и другие бренды. Аудитория наших приложений — от 500 тыс. до 5 млн. зарегистрированных пользователей. Нам интересно делать крупные, наполненные функциями, качественные продукты, работать с большой аудиторией, развивать свою экосистему, выстраивать внутренние процессы. Обязанности:   Участие в разработке проектов компании   Программирование JavaScript   Верстка HTML5/CSS3   Требования:   Хорошее знание HTML5/CSS3.   Хорошее знание нативного JavaScript (классы, декораторы, async/await).   Понимание и использование на практике стандартов es6, es7.   Базовые знания Node.js и умение пользоваться npm/yarn   Хорошее знание библиотек и фреймворков экосистемы React: ReactRouter, Redux, NextJs, Styled Components, Redux-saga   Умение собирать проект с помощью webpack.   Опыт работы с системами контроля версий, предпочтительно Git.   Уверенное знание технологий RESTful API/Websocket, языка запросов GraphQL   Желание учится новым технологиям и использованию новых языков программирования.   Понимание методологии БЭМ. Представление о работе изоморфного SPA приложения  Знание технологий CORS, представление о вопросах сетевой безопасности (CSRF)    Условия:   Работа над проектами с крупной аудиторией (несколько млн. пользователей)   Оплата труда в зависимости от твоего уровня   Собственный двухэтажный офис с двориком в пешей доступности от м. Электрозаводская   Возможность самореализации и профессионального роста   Отсутствие бюрократии   Время начала рабочего дня обговариваем индивидуально  ;   Работа над проектами с крупной аудиторией (несколько млн. пользователей)   Оплата труда в зависимости от твоего уровня   Собственный двухэтажный офис с двориком в пешей доступности от м. Электрозаводская   Возможность самореализации и профессионального роста   Отсутствие бюрократии   Время начала рабочего дня обговариваем индивидуально  ;Хорошее знание HTML5/CSS3. Хорошее знание нативного JavaScript (классы, декораторы, async/await). Понимание и использование на практике стандартов...;Участие в разработке проектов компании. Программирование JavaScript. Верстка HTML5/CSS3.;"React; JavaScript; CSS3; HTML5; Git; Node.js; SPA";239;0.0;Frontend;1;0;1;0;0;0;1;0;1;0;0;0;0.0;1.0;0.0;1.0;0.0;1.0;1.0;1.0;0.0;0.0;0.0;0.0;0.0;0.0;0.0;0.0;0.0;0.0;0.0;0.0;1.0
27;44;Frontend-разработчик;4.0;4.0;Badoo;2019-12-10T16:40:33+0300;"Badoo – крупнейшая в мире социальная сеть для знакомств с новыми людьми. Сегодня у Badoo 400+ миллионов пользователей по всему миру, а над разработкой сервиса работает более 600 талантливых специалистов. В нашу команду фронтенда открыта вакансия разработчика для работы над внутренними инструментами компании. С помощью этих инструментов мы ежедневно отправляем миллионы push-уведомлений и email’ов, защищаем наших пользователей от спаммеров, запускаем десятки AB-тестов.ЧЕМ ПРЕДСТОИТ ЗАНИМАТЬСЯ:  Развивать существующие и реализовывать новые уникальные внутренние инструменты компании; Разрабатывать библиотеку компонентов для внутренних проектов; Активно взаимодействовать с заказчиками, прояснять требования и обсуждать варианты реализации задач; Предлагать и внедрять высокотехнологичные, инновационные решения.  ЧЕГО ОЖИДАЕМ ОТ ВАС:  Опыт командной работы фул-тайм от двух лет; Отличное знание JavaScript/HTML/CSS; Опыт работы с React/Redux; Умение писать модульный, структурированный и легко читаемый код; Базовые знания HTTP, Linux, Nginx, опыт серверной разработки; Знание узких мест клиентской части и нюансов взаимодействия с сервером; Понимание основ верстки и проблем разных браузеров; Владение английским языком (на уровне не ниже Intermediate); Коммуникативность, уважение к чужому мнению; Ориентированность на результат.  МЫ ПРЕДЛАГАЕМ:   Высокую белую зарплату;   ДМС, включая стоматологию (в лучших клиниках Москвы), страхование жизни, полис выезжающего заграницу (для командировок и отпуска);   Развитую бонусную систему (ежемесячные, полугодовые, менеджерские и thank you бонусы);   31 день ежегодного оплачиваемого отпуска;   Занятия английским языком с преподавателем + языковая практика при общении с лондонским головным офисом;   Оплату посещения профильных конференций как российских, так и международных;   Оплату профильных курсов;   Завтраки, обеды и ужины в офисе;   Пицца/пироги/суши каждую пятницу, вечера национальных кухонь;   Оплату спортзала;   Современную технику на выбор;   Корпоративные мобильные устройства (телефоны или планшеты);   Покупку профильной литературы;   Два раза в неделю в офисе массаж;   Мы рады за наших коллег, которые становятся родителями: +две недели оплачиваемого отпуска и 30 000 р. на первые погремушки:)   Корпоративные мероприятия и тимбилдинги (картинг, пейнтбол, лазертег и др.);   Современный офис в самом центре Москвы - м. Трубная (2 минуты пешком от метро);   Помощь с переездом для кандидатов (оплата билетов, проживания в гостинице на время поиска жилья, sign in bonus).  ";;Опыт командной работы фул-тайм от двух лет. Отличное знание JavaScript/HTML/CSS. Опыт работы с React/Redux. ;Разрабатывать библиотеку компонентов для внутренних проектов.;" CSS; JavaScript; HTML; HTML5;JavaScript";244;0.3333333333333333;Frontend;1;0;0;1;0;0;1;0;1;0;0;0;1.0;1.0;1.0;1.0;1.0;0.0;0.0;0.0;0.0;0.0;0.0;0.0;0.0;0.0;0.0;0.0;0.0;0.0;0.0;0.0;0.0
28;52;Прикладной программист (Front-end программист);5.0;4.0;AERODISK;2019-12-10T10:46:54+0300;Обязанности:  Разработка современного веб-интерфейса на стеке Reactjs, Python(Flask)  гибридная СХД scale-out СХД c поддержкой серверной виртуализации система мониторинга внутренние инструменты разработки   Исследование стороннего ПО Работа с чужими исходниками на разных языках программирования Документирование исходного кода, методик и исследований Сопровождение ПО (разработка патчей, консультирование инженеров)  Требования:  Экспертные знания JS Знания Reactjs, Redux Опыт разработки интерфейсов с применением технологии Ajax Базовые знания python, ООП, HTML, CSS Базовые Знание Linux Способность выполнять многочисленные сложные технические задачи Опыт разработки Web-интерфейсов или Web-сайтов (в открытом доступе) Технический английский (чтение и восприятие документацию на английском языке) Опыт аналогичной работы от 1-го года  Условия:  Комфортный офис - м. Калужская Рабочий день с 9 до 18 Соблюдение ТК РФ ДМС Возможность карьерного роста (компания активно расширяется) ;  Комфортный офис - м. Калужская Рабочий день с 9 до 18 Соблюдение ТК РФ ДМС Возможность карьерного роста (компания активно расширяется) ;Экспертные знания JS. Знания Reactjs, Redux. Опыт разработки интерфейсов с применением технологии Ajax. Базовые знания python, ООП, HTML, CSS. ;Разработка современного веб-интерфейса на стеке Reactjs, Python(Flask). Гибридная СХД. Scale-out СХД c поддержкой серверной виртуализации. Система мониторинга. ;" CSS; JavaScript; HTML; HTML5;JavaScript";252;0.3333333333333333;Frontend;1;0;0;1;0;0;1;0;1;0;0;0;1.0;1.0;1.0;1.0;1.0;0.0;0.0;0.0;0.0;0.0;0.0;0.0;0.0;0.0;0.0;0.0;0.0;0.0;0.0;0.0;0.0
29;59;Разработчик React/Redux;4.0;4.0;Агентство Медицинских Технологий;2019-12-11T15:05:07+0300;"Требуемый опыт работы: 3–6 лет Полная занятость, полный день Обязанности:  Проектирование и разработка API высокотехнологичной медицинской информационной системы; Документирование/тестирование/логирование собственного кода.  Требования:  Техническое образование; Понимание асинхронной модели JavaScript/Node.js; Знание ООП;    React по классам:  Знание ES6+ спецификаций js; Применение функциональных и классовых компонентов; Применение state, жизненных циклов и родительских компонентов; Активная работа с формами; Умение отличать композицию от наследования; Применение однонаправленного потока данных; Знание и применение хуков (state, эффекты)    Опционально, опыт работы с библиотеками:  formik material-ui jsx moment  Ответственность и выполнение данных ранее обещаний, подразумевается по умолчанию :) Условия:  Оформление по ТК РФ. График 5\2 (кроме аварийных ситуаций); ЗП белая, строго 2 раза в месяц; Достойное рабочее место (оборудование обсуждается с успешным кандидатом); Офис в центре Москвы (3 минуты ходьбы от метро); Офис в центре Санкт-Петербурга; Удаленная работа и открытие офисов в других городах возможны по предварительной договоренности. ";"  Оформление по ТК РФ. График 5\2 (кроме аварийных ситуаций); ЗП белая, строго 2 раза в месяц; Достойное рабочее место (оборудование обсуждается с успешным кандидатом); Офис в центре Москвы (3 минуты ходьбы от метро); Офис в центре Санкт-Петербурга; Удаленная работа и открытие офисов в других городах возможны по предварительной договоренности. ";Техническое образование. Понимание асинхронной модели JavaScript/Node.js. Знание ООП. Знание ES6+ спецификаций js. Применение функциональных и классовых компонентов. ;Проектирование и разработка API высокотехнологичной медицинской информационной системы. Документирование/тестирование/логирование собственного кода. Formik. Material-ui. Jsx. Moment.;"JavaScript; Node.js; ООП; Умение работать в коллективе";259;0.16666666666666666;Frontend;1;0;0;1;0;0;1;0;1;0;0;0;0.0;0.0;0.0;0.0;1.0;0.0;0.0;1.0;1.0;0.0;0.0;0.0;0.0;0.0;0.0;0.0;0.0;0.0;0.0;0.0;1.0
30;69;Ведущий frontend программист JavaScript (ReactJS / Redux);4.0;7.0;Эргиус;2019-12-12T09:26:05+0300;"ERGIUS - SAAS/PAAS система для эффективного контроля взаимодействия с государственными органами любой компании, работающей в российской юрисдикции. Благодаря уникальному алгоритму, валидирующему более 800 открытых источников, автоматизированные сервисы ERGIUS создают персонализированную экосистему в правовом поле, снижающую риски для бизнеса. Ядром системы со стороны пользователя является его компания, вокруг которой выстраивается набор функциональных сервисов, охватывающих все юридические и бизнесообразующие процессы клиента. Мы ищем разработчика, который:  Очень хорошо знает JavaScript и ReactJS / Redux. Понимает на что нужно обращать внимание при разработке страниц; Командный игрок и хочет обсуждать как технические, так и продуктовые идеи  Обязанности:  Разработка клиентской части нашего сервиса Архитектурный дизайн Рефакторинг существующего кода и внесение улучшений Code review Работу над продуктом от предположений, до реализации, сбора и анализа метрик  Требования:  Знание JavaScript на высоком уровне, для которого event loop не пустой звук Опыт работы с ReactJS / Redux Опыт разработки под Linux  Плюсом будет:  Опыт работы в Agile-команде Опыт CI/CD Опыт работы с GitLab, Jira Знакомство с Python или другим серверным языком  Что предлагаем  Адекватность и заинтересованность в общем деле всех участников команды Комфортное рабочее время с 10 до 18 часов Гибкий график работы по согласованию с руководителем Молодой, позитивный, сплочённый коллектив единомышленников Перспективы карьерного и финансового роста Заработная плата обсуждается индивидуально с каждым кандидатом на собеседовании. Мы будем рады вашему отклику и, при обоюдном интересе, предложим лучшие условия Оформление по ТК и белая зарплата ";;Знание JavaScript на высоком уровне, для которого event loop не пустой звук. Опыт работы с ReactJS / Redux. Опыт разработки под...;Разработка клиентской части нашего сервиса. Архитектурный дизайн. Рефакторинг существующего кода и внесение улучшений. Code review. Работу над продуктом от предположений...;"JavaScript; Git; Linux; ReactJS; Redux";269;0.0;Frontend;1;0;1;0;0;1;0;0;1;0;0;0;0.0;0.0;0.0;0.0;1.0;1.0;0.0;0.0;0.0;0.0;0.0;0.0;1.0;0.0;0.0;0.0;0.0;0.0;0.0;0.0;1.0
31;80;Frontend-разработчик;5.0;4.0;IConsult;2019-12-12T11:50:38+0300;"Мы Среди наших разработок есть как веб-сервисы, так и менее тривиальные проекты(captive-портал, IoT камера). Ваши задачи:  Разработка проектов (front-end части) с нуля; доработка существующих проектов; разработка бизнес-логики и front-end системы для поддержки продукта; проектирование пользовательских интерфейсов; создание функциональных API (совместная работа c back-end разработчиками); кроссбраузерная и адаптивная верстка HTML5/CSS3.  Наши требования:  VUE.js, React, JS, Jquery, HTML5, CSS3 - обязательно; знание SASS, Webpack 4.0, WebRTC, OSM - Ваше конкурентное преимущество.  Наши условия:  зарплата обсуждается и зависит от Ваших возможностей; полная занятость (удаленную работу готовы рассматривать) ; заработная плата белая, оформление по ТК РФ. ";;VUE.js, React, JS, Jquery, HTML5, CSS3 - обязательно. Знание SASS, Webpack 4.0, WebRTC, OSM - Ваше конкурентное преимущество.;Проектирование пользовательских интерфейсов. Создание функциональных API (совместная работа c back-end <highlighttext>разработчиками</highlighttext>). Кроссбраузерная и адаптивная верстка HTML5/CSS3.;" CSS; JavaScript; HTML; HTML5;JavaScript";280;0.0;Frontend;1;0;1;0;0;0;1;0;1;0;0;0;1.0;1.0;1.0;1.0;1.0;0.0;0.0;0.0;0.0;0.0;0.0;0.0;0.0;0.0;0.0;0.0;0.0;0.0;0.0;0.0;0.0
32;89;JavaScript-разработчик;7.0;10.0;5Вижинс;2019-12-11T14:10:11+0300;"Ищем разработчика, способного писать на чистом JS, с соответствующим опытом работы. Требуемые знания и навыки:  Глубокое знание чистого JavaScript`а ООП: прототипы, классы, объекты Понимание области видимости, контекста выполнения функций, особенностей анонимных функций (а также bind, apply и т.д.) Умение работать с DOM-деревом, XHR, JSON, XML без вспомогательных фреймворков Умение работать с canvas и webgl Умение работать с HTML5 Video и Audio Умение работать с WebSocket Умение работать с Promise и понимание их работы Знание современных возможностей языка Знание современного API браузеров  Будет плюсом:  Понимание HTML/CSS-верстки, знание особенностей браузеров Опыт работы с ECMA 6, 7 Опыт самостоятельной разработки анимаций или использования библиотеки TweenLite  Обязанности:  делать html-версию продукта. Пример ТикТок / YouTube /Лента / профиль / сообщения и тд.  Условия:  график работы гибкий в разумных пределах (5/2); команда профессионалов; современный офис в Москва-сити; по желанию в 2020г релокация в Штаты со всей командой (оказываем визовую поддержку).   ";"  график работы гибкий в разумных пределах (5/2); команда профессионалов; современный офис в Москва-сити; по желанию в 2020г релокация в Штаты со всей командой (оказываем визовую поддержку).   ";Глубокое знание чистого JavaScript`а. ООП: прототипы, классы, объекты. Понимание области видимости, контекста выполнения функций, особенностей анонимных функций (а также...;Делать html-версию продукта. Пример ТикТок / YouTube /Лента / профиль / сообщения и тд.;" CSS; JavaScript; HTML; HTML5;JavaScript";289;0.16666666666666666;Frontend;1;0;0;1;0;0;1;0;1;0;0;0;1.0;1.0;1.0;1.0;1.0;0.0;0.0;0.0;0.0;0.0;0.0;0.0;0.0;0.0;0.0;0.0;0.0;0.0;0.0;0.0;0.0
33;8;Front-end -разработчик/ HTML- верстальщик;6.0;4.0;Хилби;2019-12-10T12:19:40+0300;"Вакансия front-end -разработчик/ HTML- верстальщик в ООО «Хилби»:   О компании: Healbe, LLC является разработчиком, производителем и дистрибьютером инновационного устройства для отслеживания состояния важных жизненных параметров организма. Компания обладает патентованными технологиями по автоматическому определению прихода и расхода калорий, качеству сна, состояния сердечной деятельности, уровню стресса и водного баланса организма. Продуктом компании является Healbe GoBe – первый автоматический трекер входящих калорий в виде носимого браслета и сервисов к нему на основе приложений (iOS / Android) и веб-сайта. Компания работает на рынке Америки, Японии, Китая, Европы и РФ. Наша компания активно развивается, и мы ищем в штат front-end - разработчика.   Мы строим единую экосистему продуктов и сервисов, которая помогает людям контролировать свой вес, достигать своих целей по здоровью, менять плохие привычки на хорошие, чувствовать себя лучше и становится счастливее. Компания работает как с B2C, так и с B2B сегментом.   Обязанности:  Опыт работы верстальщиком / front-end разработчиком — от 3 лет Высшее образование     Уверенные знания нативного JavaScript / фреймворков;  · Уверенное владение HTML,CSS, кроссбраузерность, адаптация под мобильные устройства; · Опыт проектирования и разработки SPA; · Опыт создания сайтов на CMS Wordpress; · Понимание работы браузера: как работает событийная модель, рендеринг в браузере, особенности анимаций; · Умение разбираться в чужом коде и сопровождать его; · Умение писать структурированный, легко читаемый код; · Опыт рефакторинга больших проектов; · Умение работать в команде; · Адаптивная верстка  Опыт работы с Bootstrap    График работы:  Полный рабочий день, график гибкий В офисе Москва    Условия:  Белая зарплата; Испытательный срок 3 месяца; Оплачиваемый отпуск 28 календарных дней.     ";Опыт работы верстальщиком / front-end <highlighttext>разработчиком</highlighttext> — от 3 лет. Высшее образование. Уверенные знания нативного JavaScript / фреймворков. Уверенное владение HTML,CSS...;;"Bootstrap; JavaScript; CSS3; jQuery; CSS";"  Белая зарплата; Испытательный срок 3 месяца; Оплачиваемый отпуск 28 календарных дней.     ";308;0.3333333333333333;Frontend;1;0;1;0;0;1;0;0;1;0;0;0;0.0;0.0;0.0;0.0;0.0;0.0;0.0;0.0;0.0;0.0;0.0;0.0;0.0;0.0;0.0;0.0;0.0;0.0;0.0;0.0;1.0
34;9;Node.js full-stack web developer;5.0;4.0;Altermeliora OU;2019-12-12T02:31:20+0300;Who we are? Altermeliora is a software development company in the Health  Lifestyle industry. We aim at delivering our customers life-changing tools to improve their day-to-day lives while using cutting-edge technologies. What do we do? We have several interesting  challenging projects such as building health  nutrition community, payment  reports system, and more. How do we work? Our work in 100% remote.  We utilize SCRUM with 1-week sprints and have a weekly planning meeting.  Use Monday.com for task management and GSuite for day-to-day communication. Our tech stack: Prototyping:   Figma   Front-end:   React (TypeScript)   Redux   Redux-Saga   And Design   Gatsby.JS   GraphQL   Back-end:   Nest.JS   Python (Django)   Google Cloud Functions   CI/CD:   GitLab   Who are we looking for? As our projects are growing we are in search of a JavaScript developer who is a team-player, curious, responsible, professional, and able to learn new technologies and best practices. Requirements:   Experience in Node.JS and frameworks, Nest.JS preferably, Express.JS   Experience in Google Cloud   Git   CI/CD   Good spoken/written English - most of our developers are Russian, but our communication is English-based   What do we offer:   Interesting and challenging projects   Friendly environment   Ability to grow professionally   Ability to influence the development process of the product from the very beginning   Competitive salary in EUR based on your experience   Full-time, 100% remote work   12 vacation days annually   Our recruitment process:   Test-assignment (~ 4 hours to complete) or you can show us the best examples of your code on GitHub, GitLab or Bitbucket   Technical interview with one of our team members (~15-30 minutes)   Final personal interview (in English)   Any questions? Dont hesitate to get in touch!;Experience in Google Cloud. Git. CI/CD. Good spoken/written English - most of our <highlighttext>developers</highlighttext> are Russian, but our communication...;React (TypeScript). Redux. Redux-Saga. And Design. Gatsby.JS. GraphQL.;"MongoDB; Node.js; Git; Redux; React.js; Google Cloud Platform (GCP); Firebase; Serverless; SaaS; Typescript; Kubernetes";" CSS; JavaScript; HTML; HTML5;JavaScript";309;0.0;Frontend;1;0;1;0;0;0;0;1;1;0;0;0;1.0;1.0;1.0;1.0;1.0;0.0;0.0;0.0;0.0;0.0;0.0;0.0;0.0;0.0;0.0;0.0;0.0;0.0;0.0;0.0;0.0
35;16;Frontend-разработчик;3.0;4.0;iBrush;2019-12-11T12:02:26+0300;"Разыскиваем в нашу команду frontend-разработчика на полный рабочий день в офис (г.Москва) или регионы РФ. Мы ориентированы на работу в e-commerce сегменте. Занимаемся разработкой и развитием интернет-магазинов, каталогов, внутренних интранет-систем и интеграциями различных сервисов. Совмещаем в работе методологии Kanban, Scrum и здравый смысл. Мы молодые и успешные. С нами комфортно для тела и полезно для головы :)   Что нужно будет делать:  Разрабатывать новые веб-проекты; Поддерживать существующие.    Что мы используем в работе и чего ждём от соискателя:  Основной стек HTML + SCSS. Также периодически попадаются проекты с LESS или Stylus; JS-фреймворк - React+Redux. Нужно понимать, что за зверь, как работает и как его использовать. Требуется показать свои наработки в этой сфере; jQuery там, где нужно попроще; Для анимации - все средства хороши, но плюсом будет опыт применения GSAP; GIT; Gulp - как минимум на уровне применения, в идеале - написания своих тасков.  Плюсами будет:  Опыт работы с бэкендом сайтов; Знание других JS-фреймворков; Опыт работы с разными API, особенно карт.    Условия работы:  С понедельника по пятницу с 10 до 19; Стабильная заработная плата без задержек по итогам технического собеседования; Оплачиваемый отпуск и больничный лист; Возможность карьерного и профессионального развития; Доступ к обширной базе знаний + возможность посещать различные конференции и курсы; Веселые корпоративы и съезды 2 раза в год.    Бонусы:  Офис в 50 метрах от метро Алексеевская; Нет формальностей, условностей и прочих дресс-кодов; Крупные проекты, способствующие росту; Опытные тимлиды/коллеги под боком.    Дополнительные инструкции:Отклик → Общее собеседование с HR → Тестовое задание → Техническое собеседование   В откликах не забудьте указать ожидаемый уровень зарплаты.";Опыт работы с бэкендом сайтов. Знание других JS-фреймворков. Опыт работы с разными API, особенно карт.;Разрабатывать новые веб-проекты. Поддерживать существующие.;;" CSS; JavaScript; HTML; HTML5;JavaScript";316;0.16666666666666666;Frontend;1;0;1;0;0;0;1;0;1;0;0;0;1.0;1.0;1.0;1.0;1.0;0.0;0.0;0.0;0.0;0.0;0.0;0.0;0.0;0.0;0.0;0.0;0.0;0.0;0.0;0.0;0.0
36;18;Backend разработчик (Node.js);4.0;4.0;Qavala;2019-12-10T17:21:25+0300;Qavala - платежный сервис, поддерживающий операции с долларами, евро, фунтами с возможностью выпуска пластиковой карты. Мы опытная команда выпускников из МГУ, МФТИ и МГТУ запустили сервис объединяющий на одной платформе валюты, акции, залоговое кредитование и собственную торговую площадку для трейдинга. У нас большое количество идей, как сделать наш сервис еще удобнее и помочь пользователям покупать и использовать финансовые инструменты еще удобнее и быстрее. В нашей команде ты можешь высказать свою идею по улучшению продукта и реализовать ее. Каждый день нужно: • Активно участвовать в процессе разработки, начиная с проектирования и заканчивая запуском и поддержкой. • Исследовать и улучшать производительность приложений. Наш кандидат:  Опыт разработки node.js от 1 года. Опыт работы с БД MySQL, MariaDB, MongoDB. Умеет качественно и эффективно программировать, используя существующие наработки и с прицелом на результат Знает системы сборки web pack, системы контроля версий (Git) Имеет законченные проекты.  Будет плюсом:  Знание современных frontend фреймворков - Vue, React. Знание PHP 7+  Мы предлагаем:  Интересные и непростые задачи Зарплату от 80 000 руб , все зависит от Ваших умений Комфорт: Рабочее место в современном офисе около м. Павелецкая. ;Опыт разработки node.js от 1 года. Опыт работы с БД MySQL, MariaDB, MongoDB. Будет плюсом: Знание современных frontend фреймворков - Vue...;Qavala - платежный сервис, поддерживающий операции с долларами, евро, фунтами с возможностью выпуска пластиковой карты. Активно участвовать в процессе разработки, начиная...;"Node.js; MySQL; web pack; PHP; MongoDB; MariaDB";  Интересные и непростые задачи Зарплату от 80 000 руб , все зависит от Ваших умений Комфорт: Рабочее место в современном офисе около м. Павелецкая. ;318;0.16666666666666666;Frontend;1;0;1;0;0;1;0;0;1;0;0;0;0.0;0.0;0.0;0.0;0.0;0.0;0.0;0.0;0.0;0.0;0.0;0.0;0.0;0.0;0.0;0.0;0.0;0.0;0.0;0.0;1.0
37;20;Front end мидл разработчик (react);7.0;4.0;Шаресофт;2019-12-10T16:42:19+0300;Мы ищем мидл разработчика в команду для разработки решений для крупного проекта (интранет портал) Состав проектной команды: руководитель проекта, архитектор, 2 разработчика. Мы ищем разработчика: - со знанием веб-технологий и опытом современной frontend разработки с использованием библиотеки React и языков TypeScript или ES6 - знание c# желательно. - навыки работы с CSS версткой (или препроцессором SASS) и макетами будет плюсом. - опыт коммерческой фронтенд разработки обязателен, только учебных проектов не достаточно.  Что мы предлагаем: - Работа в офисе (м.Полежаевская), возможность частично работать удаленно - Возможно как проектное оформление по договору ГПХ на период проекта, так и оформление в штат по ТК с перспективой работы на других проектах (в основном фулстек разработка) - мы гибкие и готовы обсудить разные варианты сотрудничества - Оклад фиксированный, хороший ДМС, ноутбук, оплата мобильного, 31 календарный день отпуска. - Мы создаем комфортные условия работы, дружный коллектив, у нас адекватное руководство, гибкие условия работы - Возможность обучения и профессионального роста, оплачиваемую сертификацию по продуктам Microsoft.  ;со знанием веб-технологий и опытом современной frontend разработки с использованием библиотеки React и языков TypeScript или ES6. - ;;"CSS; Sass; HTML5; CSS3; HTML; react; JavaScript; C#";" CSS; JavaScript; HTML; HTML5;JavaScript";320;0.3333333333333333;Frontend;1;0;0;1;0;0;1;0;1;0;0;0;1.0;1.0;1.0;1.0;1.0;0.0;0.0;0.0;0.0;0.0;0.0;0.0;0.0;0.0;0.0;0.0;0.0;0.0;0.0;0.0;0.0
38;26;Frontend-разработчик (Middle);4.0;4.0;Manzana Group;2019-12-12T11:03:32+0300;"   1 из 4 наиболее успешных партнеров Microsoft в мире для ритейла (по признанию штаб-квартиры Microsoft) Более 13 лет на рынке. Мы умеем слаженно работать и с отрывом веселиться.  Приглашаем присоединиться к нам, чтобы помочь российскому ритейлу стать супер-удобным и эффективным. Это отличная возможность для вас видеть в повседневной жизни реальные результаты вашей работы и гордиться ими. Есть интересная работа для Frontend-разработчика! Что надо делать:  разрабатывать новые Web-приложения на Vue, поддерживать и развивать существующие проекты, писать новые компоненты; (все это на самом современном стеке технологий); проводить рефакторинг существующих проектов; участвовать в проектировании UI-интерфейсов совместно с Product-менеджерами направлений; искать и предлагать новые решения!  Что мы ждем:  владение кроссбраузерной вёрсткой с использованием HTML5 и CSS3 + верстка с макетов из Figma или Adobe XD; уверенное владение и хороший опыт работы с Vue.js. Доп. знание React будет плюсом; стандартный зоопарк Frontend-разработки: jquery, json, view-press, SCSS, webpack, JavaScript, Bootstrap; хорошее понимание асинхронной обработки запросов к серверу для обновления контента без перезагрузки страницы, взаимодействие с REST-сервисами; опыт работы с Git или другими системами контроля версий; способность работать в команде и высокие коммуникативные навыки; умение оптимизировать свое время работы (читай поиск готовых решений в интернетах)); если умеет настраивать nginx – большущий плюс.  Вместе с резюме присылайте ссылки на все, чем вы можете похвастаться. Что мы предлагаем:  оформление по условиям трудового кодекса; собственный график работы – время работы выбираете сами; возможность проявить себя на проектах в ритейле, здравоохранении, e-commerce, банковской сфере; офис в шаговой доступности от ст. м. Нагатинская; а еще у нас ДМС (в том числе льготные условия для членов семей), кикер, печеньки и чай/кофе и много разных полезных и не очень активностей (от марафонов и покера до выездов в другие города и страны).  Клиентов много, задач еще больше. Обещаем – скучать точно не будете!  ";Владение кроссбраузерной вёрсткой с использованием HTML5 и CSS3 + верстка с макетов из Figma или Adobe XD. ;"Разрабатывать новые Web-приложения на Vue, поддерживать и развивать существующие проекты, писать новые компоненты; (все это на самом современном стеке...";"JavaScript; jQuery; Git; HTML5; CSS3; Vue; Webpack";" CSS; JavaScript; HTML; HTML5;JavaScript";326;0.0;Frontend;1;0;1;0;0;0;1;0;1;0;0;0;1.0;1.0;1.0;1.0;1.0;0.0;0.0;0.0;0.0;0.0;0.0;0.0;0.0;0.0;0.0;0.0;0.0;0.0;0.0;0.0;0.0
39;29;Frontend-разработчик;4.0;3.0;СОТБИ;2019-12-12T09:30:32+0300;"В связи с ростом и увеличением количества проектов требуется автоматизация и мониторинг бизнес процессов. Для чего в компании стартовала и активно развивается разработка собственного ПО, как для локального использования, так и для внешнего применения. Стек технологий: Server - Linux/MySQL/Golang, FrontEnd - Angular/Typescript/Clarity. В связи с этим мы ищем Frontend разработчика. Проект: Разработка внутренней ERP-системы - специализированного решения для управления процессами юридической компании. Клиентская часть – SPA (Angular), серверная Golang + MySQL Обязанности:  Участие в командной работе по разработке корпоративных продуктов юридической/финансовой направленности; Разработка корпоративного SPA-приложения; поддержка существующего кода на Angular 2+; Создание отдельных модулей с нуля; Верстка под современные браузеры; Написание unit-тестов; Взаимодействие с заказчиком.    Требования:  хорошие знания Javascript/Typescript (включая es2015+) ; уверенные знания HTML, CSS/SCSS/Stylus; опыт использования Git/Git flow; навыки написания устойчивого к изменениям кода. Не только JS, но и стили; опыт разработки сложных проектов; знание классических алгоритмов и структур данных; хорошие коммуникативные навыки.  Плюсом будет:  Опыт разработки ERP/CRM-систем; Опыт общения с бизнес-заказчиком из сферы финансов, юриспруденции, консалтинга, желание погрузиться в процессы; Опыт работы по Agile методологиям (jira); Опыт работы с Node.js.    Условия:  Офис в 10 метрах от метро Спортивная; График: 5/2, с 9:00 до 18:00, либо с 10.00 до 19.00; Чай/кофе в офисе; Корпоративный спорт (футбол, волейбол, баскетбол, выезды на природу); ЗП по результатам собеседования; Испытательный срок 2 месяца. ";Хорошие знания Javascript/Typescript (включая es2015+) . Уверенные знания HTML, CSS/SCSS/Stylus. Опыт использования Git/Git flow. ;Участие в командной работе по разработке корпоративных продуктов юридической/финансовой направленности. Разработка корпоративного SPA-приложения. Поддержка существующего кода на Angular...;;"  Офис в 10 метрах от метро Спортивная; График: 5/2, с 9:00 до 18:00, либо с 10.00 до 19.00; Чай/кофе в офисе; Корпоративный спорт (футбол, волейбол, баскетбол, выезды на природу); ЗП по результатам собеседования; Испытательный срок 2 месяца. ";329;0.0;Frontend;1;0;1;0;0;0;1;0;1;0;0;0;0.0;0.0;0.0;0.0;0.0;0.0;0.0;0.0;0.0;0.0;0.0;0.0;0.0;0.0;0.0;0.0;0.0;0.0;0.0;0.0;1.0
40;32;Frontend-разработчик;6.0;4.0;Новолабсистем;2019-12-10T13:36:41+0300;Обязанности:  Разработка пользовательских интерфейсов медицинских ERP-систем на React, JavaScript, HTML, CSS Поддержка существующих и разработка новых решений  Требования:  Хорошие знания JavaScript, HTML, CSS Владение библиотекой React Умение работать в команде  Плюсом будет:  Опыт модульного тестирования Знание паттернов проектирования и умение применять их на практике  Условия:  Работа в молодом дружном коллективе Оформление по ТК РФ Местонахождение офиса – Кутузовский проспект, 7 мин от метро «Парк Победы» ;Хорошие знания JavaScript, HTML, CSS. Владение библиотекой React. Умение работать в команде. Опыт модульного тестирования. Знание паттернов проектирования и умение...;Разработка пользовательских интерфейсов медицинских ERP-систем на React, JavaScript, HTML, CSS. Поддержка существующих и разработка новых решений.;"React; JavaScript; HTML; CSS";  Работа в молодом дружном коллективе Оформление по ТК РФ Местонахождение офиса – Кутузовский проспект, 7 мин от метро «Парк Победы» ;332;0.3333333333333333;Frontend;1;0;0;1;0;0;1;0;1;0;0;0;0.0;0.0;0.0;0.0;0.0;0.0;0.0;0.0;0.0;0.0;0.0;0.0;0.0;0.0;0.0;0.0;0.0;0.0;0.0;0.0;1.0
41;37;HTML-верстальщик/Frontend разработчик;4.0;2.0;Extyl-pro;2019-12-10T15:40:15+0300;Extyl набирает супергероев.  Присоединяйся к нам для покорения digital. За 16 лет в клиентском production собрали слаженную команду, автоматизировали рутину и обзавелись собственным баром :) Лидеры рынка интеграторов/production. Личный кабинет для «Роснефти», документооборот для Volkswagen, дилерский портал для Cordiant, проекты для Сбербанка и Ростелекома — громкие проекты делаются здесь, внутри. Старт карьеры. Новому сотруднику выделяется наставник, проводится адаптация внутри команды и компании. Рост в компании. Растем на 50-100% в год: сотрудники вырастают как внутри своего отдела или возглавляя новые направления. Всегда есть чем заняться. Жизнь внутри. У нас есть настольный теннис, комната отдыха с массажным креслом, кальян и свой бар. Регулярные мероприятия: пейнтбол, картинг и прочие активности.Каждую пятницу в офисе проходят посиделки. Бонусы сотрудникам. Свежие фрукты в офисе, , корпоративная библиотека, курсы и обучение. Что делать:  Верстка макетов Доработка макетов и скриптов Развитие направления frontend (SPA)  Что уметь:  Опыт аналогичной работы (с web-проектами) со стороны Заказчика или Студии не менее 1-го года Опыт адаптивной верстки Знание html, css, jQuery, javascript Знание основ и архитектуры Битрикс, равно как и опыт работы с ним — приветствуется Знание одного их популярных JS фреймворков (React, Angular 4+, Vue) Сложные анимации  Что вас ждет:  Офис у метро Павелецкая, возможность гибкого графика. Рабочий ноутбук и периферия. Свой бар, кальян и массажное кресло. Корпоративная библиотека. Субсидии для обучения и роста сотрудников. Субсидированная парковка для сотрудников. Наставничество  семинары. Заработная плата: оклад Возможность обучиться верстке/программирование/тестированию для интересующихся. Для всех сотрудников и их семей действует партнерская программа Extyl-Club - скидки в Аэрофлоте, X-Fit, re:store и еще десятке партнеров и клиентов компании.  Перспективы:  Рост до тимлида (руководителя команды) ;Опыт аналогичной работы (с web-проектами) со стороны Заказчика или Студии не менее 1-го года. Опыт адаптивной верстки. ;Верстка макетов. Доработка макетов и скриптов. Развитие направления frontend (SPA).;;" CSS; JavaScript; HTML; HTML5;JavaScript";337;0.3333333333333333;Frontend;1;0;1;0;0;0;1;0;1;0;0;0;1.0;1.0;1.0;1.0;1.0;0.0;0.0;0.0;0.0;0.0;0.0;0.0;0.0;0.0;0.0;0.0;0.0;0.0;0.0;0.0;0.0
42;48;Frontend-разработчик Vue.js;4.0;4.0;ПАРИТЕТ РДЦ;2019-12-11T15:38:06+0300;Мы разрабатываем интересный проект в области ФинТех. Главная задача - сделать лучший продукт в нашей нише и мы двигаемся к этой цели. Команда 7 человек, которым нравится то, что они делают, помогают друг другу, осваивают новые технологии, стремятся сделать приложение не только удобным снаружи, но и красивым внутри. Работаем по методологии гибкой разработки SCRUM, большинство сотрудников работает удаленно. Используем современные инструменты и методологии разработки. Backend yнаписан на C#, Frontend - JavaScript, JQuery, Vue. В качестве репозитария кода и bug tracker – GitLab, оперативное общение в Slack, прототипирование и дизайн - Figma. В настоящее время переводим frontend на Vue.js. Постепенно перестраиваем frondend под SPA. Требуется fronend разработчик на Vue.js, который сможет элегантно и красиво реализовать наши задумки и привнести новые идеи. Полностью удаленная работа, в офис ездить не нужно, но всегда быть на связи. Участие в ежедневных утренних SCRUM оперативках и сессиях планирования/демонстрации обязательно - по skype. Работа постоянная. Стабильная компания, на рынке более 20 лет.Описание проекта:В настоящее время первая версия системы находится в production. Идет расширение системы, наращивание полезной функциональности, привлечение новых пользователей. Проект построен на основе микросервисной архитектуры. Подробности при обсуждении.Требования к кандидату: - Желание разобраться в новой предметной области!!!- HTML5 / CSS3 / JavaScript- Vue.js, Vuex- Sass- Git, Gitlab- Желательно знание механизмов сборки frontend - Webpack, Gulp- Желателен опыт работы в команде по методологии SCRUM- Необходим опыт работы в удаленном режиме, хорошая самоорганизация и дисциплина;Желание разобраться в новой предметной области!!! - HTML5 / CSS3 / JavaScript. - Vue.js, Vuex. - Sass. - Git, Gitlab. - Желательно знание механизмов сборки...;Работаем по методологии гибкой разработки SCRUM, большинство сотрудников работает удаленно. Используем современные инструменты и методологии разработки. Backend yнаписан на C#...;"HTML5; CSS3; JavaScript; Ajax; Sass; Vue.js; SPA";" CSS; JavaScript; HTML; HTML5;JavaScript";348;0.16666666666666666;Frontend;1;0;0;1;0;0;0;1;1;0;0;0;1.0;1.0;1.0;1.0;1.0;0.0;0.0;0.0;0.0;0.0;0.0;0.0;0.0;0.0;0.0;0.0;0.0;0.0;0.0;0.0;0.0
43;60;Web-программист (JavaScript / React);4.0;4.0;Syntellect (Синтеллект);2019-12-11T14:57:25+0300;Сфера деятельности компании Syntellect – разработка и внедрение решений по автоматизации документооборота и бизнес-процессов на платформе TESSA - самой быстрой СЭД на рынке Среди текущих заказчиков - Банк ВТБ, Allianz, ГК Дикси, Peugeot Citroen, JTI, НПФ Сбербанка, СМП Банк, Мособлбанк, СК Транснефть, Л`Этуаль и др.   Обязанности:  Разработка Front-end решений, развитие легкого клиента платформы TESSA (React, mobx, TypeScript)    Требования (обязательные):  Высшее\неполное высшее образование в сфере ИТ Знание технологий и опыт работы с JavaScript, TypeScript, React, html, css Умение работать в команде  Требования (желательные):  Mobx, React.Native, SQL, C#    Условия:  Профессиональный и карьерный рост Обучение в процессе работы Оформление по ТК РФ Заработная плата - по результатам собеседования Бонусная система ;Высшее\неполное высшее образование в сфере ИТ. Знание технологий и опыт работы с JavaScript, TypeScript, React, html, css. ;Разработка Front-end решений, развитие легкого клиента платформы TESSA (React, mobx, TypeScript).;"JavaScript; TypeScript; React; HTML; CSS; Разработка ПО";  Профессиональный и карьерный рост Обучение в процессе работы Оформление по ТК РФ Заработная плата - по результатам собеседования Бонусная система ;360;0.16666666666666666;Frontend;1;0;1;0;0;0;1;0;1;0;0;0;0.0;0.0;0.0;0.0;0.0;0.0;0.0;0.0;0.0;0.0;0.0;0.0;0.0;0.0;0.0;0.0;0.0;0.0;0.0;0.0;1.0
44;73;JavaScript разработчик;10.0;4.0;Эйчэфти Арбитраж;2019-12-10T18:22:19+0300;Расширяем команду, и ищем JavaScript разработчика, с широким кругозором и опытом работы в нагруженных проектах, готового принять участие в создании и разработки клиентской архитектуры.На данном этапе у нас есть серверный код, документированный в Open API, мы активно работаем над UX и дизайном проекта. С чем предстоит работать?  Сложные интеграционные задачи Есть возможность заняться архитектурными задачами    Что мы ждем от вас?  Уверенный опыт в JavaScript, TypeScript от 3 лет Отличные практические знания React стека ( Redux, Saga, Reselect, Styled Components ) Создавать качественную кроссбраузерную и адаптивную верстку Желание развиваться и самообучаться Грамотно оценивать свои задачи и ставить корректные сроки их реализации    Будет круто, если есть:  Опыт написания тестов для компонентов React Опыт работы с системами сборки (Webpack, Gulp и т.п.) Опыт использования WebScoket в проектах.    Мы предлагаем  Много интересных задач из разных направлений, есть, куда расти вместе с нами Офис в центре Москвы (Новокузнецкая) Гибкое начало рабочего дня Новые MacBook Pro для работы Хорошая ЗП от 200 000 рублей   ;Уверенный опыт в JavaScript, TypeScript от 3 лет. Отличные практические знания React стека ( Redux, Saga, Reselect, Styled Components ). ;С чем предстоит работать? Сложные интеграционные задачи.;"JavaScript; HTML5; Кроссбраузерная верстка; React";" CSS; JavaScript; HTML; HTML5;JavaScript";373;0.16666666666666666;Frontend;1;0;0;1;0;1;0;0;1;0;0;0;1.0;1.0;1.0;1.0;1.0;0.0;0.0;0.0;0.0;0.0;0.0;0.0;0.0;0.0;0.0;0.0;0.0;0.0;0.0;0.0;0.0
45;86;Senior Front-end разработчик (React);10.0;4.0;Comagic;2019-12-11T15:06:47+0300;"  Немного о нас: Мы работаем на российском рынке с 1999 г. и представлены двумя брендами: UIS и CoMagic. CoMagic — сервис сквозной аналитики рекламы с интегрированными каналами коммуникации. CoMagic вошел в тройку сервисов России в сфере аналитики рекламы, следом за Google Analytics и Яндекс.Метрика и является самым устанавливаемым сервисом в России. UIS — бизнес-телефония для персональной работы с каждым клиентом. Телефония UIS занимает 4-ое место в Москве на рынке услуг местной телефонной связи и 3-е место в России по количеству клиентов в сегменте Виртуальной АТС. Офисы компании - в Москве, Санкт-Петербурге и Туле. Нам нужен фронтенд разработчик с опытом создания библиотеки компонентов и построения больших spa приложений. Что предстоит делать: Глобальная задача - необходимо осуществить перевод внутренней системы управления сервисами с ExtJS на react+mobx. Система представляет собой 30+ интерфейсов (отчеты, списки сущностей, страницы редактирования сущностей) В обязанности будет входить: 1) разработка и поддержание библиотеки компонентов2) разработка интерфейсов 3) разработка архитектуры приложения. Ты – «наш человек» если у тебя:   опыт коммерческой разработки на React.js от 2-х лет.   знание Redux или MobX, Webpack, SCSS.   опыт проектирования пользовательских интерфейсов.   отличное знание HTML, CSS, JavaScript.   Git.   мышление исходя из позиции Честно и выигрышно для всех заинтересованных сторон   Плюсом будет:   знание SQL.   знание Python.   ведение разработки через тестирование (TDD).   опыт работы в Linux   Взамен предлагаем:   Конкурентную заработную плату: мы знаем, что хороший специалист стоит дорого. Приходи, обсудим.   Гибкое начало рабочего дня с 08.00 до 11.00.   Демократичная атмосфера в коллективе.   Посещение семинаров, конференций и тренингов за счет компании из Кафетерия льгот;   Покупку техники и профессиональной литературы на выбор сотрудника;   Удобный офис в шаговой доступности от (метро Нахимовский проспект).  ";Опыт коммерческой разработки на React.js от 2-х лет. Знание Redux или MobX, Webpack, SCSS. Опыт проектирования пользовательских интерфейсов. ;UIS — бизнес-телефония для персональной работы с каждым клиентом. Телефония UIS занимает 4-ое место в Москве на рынке услуг...;"react; JavaScript; Git; webpack; redux";" CSS; JavaScript; HTML; HTML5;JavaScript";386;0.16666666666666666;Frontend;1;0;0;1;0;1;0;0;1;0;0;0;1.0;1.0;1.0;1.0;1.0;0.0;0.0;0.0;0.0;0.0;0.0;0.0;0.0;0.0;0.0;0.0;0.0;0.0;0.0;0.0;0.0
46;90;Senior Node.js Developer (Back-end);0.0;0.0;TeamDirector;2019-12-12T11:46:12+0300;TeamDirector is an American company that develops next-generation computer-assisted dispatch (CAD) applications for all industries. Our team of engineers use the latest in cutting-edge technology to push the envelope on getting the right person to the right place in as little time possible.This job is Full-time, REMOTE. Mission:- Take ownership of large-scale project and deliver solutions- Writing clean, well designed, testable, efficient code- Investigate current solutions and new solutions Requirements:- 2+ years experience with JavaScript (ES6, Design Patterns, OOP)- 2+ years hands-on experience in Node.js- Strong proficiency with JavaScript- Knowledge of Node.js and main frameworks for microservices- Integration of multiple data sources and databases into one system- Understanding fundamental design principles behind scalable applications- Knowledge of relational databases and document-oriented databases- Implementing unit tests/integration tests- Proficient knowledge of git- Technical English level: Intermediate and upper. No verbal skills required- Good communication skills Will be a plus:- Knowledge of containers and Docker- Understanding AWS services;2+ years experience with JavaScript (ES6, Design Patterns, OOP). - 2+ years hands-on experience in Node.js. - ;Take ownership of large-scale project and deliver solutions. - Writing clean, well designed, testable, efficient code. - Investigate current solutions and...;"JavaScript; Английский язык; Data Analysis; Time management; Business English";" CSS; JavaScript; HTML; HTML5;JavaScript";390;0.0;Frontend;1;0;1;0;0;0;0;1;1;0;0;0;1.0;1.0;1.0;1.0;1.0;0.0;0.0;0.0;0.0;0.0;0.0;0.0;0.0;0.0;0.0;0.0;0.0;0.0;0.0;0.0;0.0
